id_cliente,n_pedidos,gasto_total,edad,ciudad,segmento_cliente,ticket_medio
00047a8c-eaed-4e09-a302-4081b07e37f9,6,582.25,44.0,barcelona,corporativo,97.04166666666667
0005530b-bb59-4862-9ed1-9ba4b57e4b95,8,714.03,64.0,granada,recurrente,89.25375
000c848f-a5fc-40a5-a3ba-3de5a7e12089,1,9.49,40.0,sevilla,nuevo,9.49
0013343e-3a60-417d-bad5-88780f5a83a1,4,520.3199999999999,34.0,murcia,corporativo,130.07999999999998
0030dae9-1d2a-4aaf-ba17-c19d34228fbc,3,193.17000000000002,48.0,vigo,recurrente,64.39
0033c3de-f801-4494-befd-be3299b678bb,4,280.26,40.0,murcia,nuevo,70.065
004e6177-7f74-426f-98b7-7dd0bd48df2d,1,67.85,56.0,zaragoza,recurrente,67.85
005367bd-a3ef-4c7e-a0be-6d6940311ec4,8,793.51,47.0,murcia,nuevo,99.18875
005742d0-7406-43f5-ba92-07f10a7f2f1a,4,419.54999999999995,42.0,barcelona,vip,104.88749999999999
006543bb-478b-46eb-b299-6730bc6f7892,8,778.01,35.0,sevilla,nuevo,97.25125
00773100-b4c2-46f3-a020-53bfda4035ef,5,420.02,44.0,malaga,nuevo,84.00399999999999
007e5c50-bbb4-4a99-943a-2230fb10baa3,4,859.1700000000001,19.0,valencia,recurrente,214.79250000000002
0080e8a6-a725-42ac-aed5-dc5d19c56828,9,613.1999999999999,42.0,granada,recurrente,68.13333333333333
00819162-1efc-4318-8332-e5c5a9a38f0c,3,244.04000000000002,18.0,zaragoza,recurrente,81.34666666666668
00882264-054f-4125-9e4f-236e7af94ae6,6,909.35,45.0,zaragoza,nuevo,151.55833333333334
008bee59-e98f-456a-b83c-f673e5c334be,7,459.4,22.0,barcelona,nuevo,65.62857142857142
008ea7f9-eb8b-44ea-adc4-c6bc7eecf190,1,29.89,40.0,granada,nuevo,29.89
00943c45-6378-4efb-8c27-bf1a38919319,9,1002.23,32.0,valencia,recurrente,111.35888888888888
00a2976e-2671-4b2d-9c4b-ffda3c507081,5,570.06,59.0,vigo,recurrente,114.01199999999999
00b134da-1f3f-4435-a1c3-c8fa5c811a6d,3,239.51999999999998,54.0,granada,nuevo,79.83999999999999
00b739f6-96c4-41ee-8c1b-1427e7084b4f,2,255.62,40.0,malaga,recurrente,127.81
00bc033b-c71e-4a7a-b6d6-d0e6e983e558,2,52.47,38.0,barcelona,recurrente,26.235
00be9d7f-0710-4dec-9a2f-dec590ee1fc8,7,756.6,40.0,barcelona,recurrente,108.08571428571429
00c2ed33-4152-44c0-a1c8-f59a67ea16aa,5,231.42,36.0,zaragoza,recurrente,46.284
00caec3e-18bd-42dc-9e80-3c1dc422f960,4,420.69,59.0,malaga,nuevo,105.1725
00d40b9b-1ebe-4cea-8b45-29ae43c684fb,8,569.62,62.0,vigo,recurrente,71.2025
00e93dbf-b793-43b9-930c-85fea7deecca,6,845.2,39.0,barcelona,nuevo,140.86666666666667
00fa1036-e3b0-4414-bea3-0e039e0cfcd8,5,498.68,55.0,murcia,recurrente,99.736
00fda5a9-7fd2-4145-940f-3669e91fa9df,2,505.14,40.0,barcelona,nuevo,252.57
01056bdf-ada1-43c4-abda-f034b6d8bea2,12,1497.91,51.0,zaragoza,corporativo,124.82583333333334
01085998-7c3a-4313-afdc-60c07e6d412f,4,230.98000000000002,38.0,vigo,corporativo,57.745000000000005
011afbe8-77bd-4946-93ed-c708d8ad10e5,4,594.56,33.0,murcia,recurrente,148.64
0126d217-2999-40c3-8ae5-e12d8832f0b5,7,815.54,40.0,sevilla,recurrente,116.50571428571428
012703e4-488c-46ab-a369-aa50324576c4,10,818.8,32.0,valencia,recurrente,81.88
012760c7-299b-43dd-a03e-15b290a246ec,5,825.32,29.0,granada,nuevo,165.06400000000002
01281c4d-ed60-4c8a-bd69-e75769863a39,8,989.35,47.0,valencia,nuevo,123.66875
01289d80-1f77-4fe7-af0c-e33e23afcd4e,6,526.3,18.0,madrid,corporativo,87.71666666666665
012ac31e-3642-47c4-9545-4d0d892c962c,5,413.21000000000004,46.0,zaragoza,recurrente,82.64200000000001
01329c02-9b45-4987-9020-39ab5be28035,8,692.62,36.0,vigo,corporativo,86.5775
013b90de-92dd-4c40-8f30-b00638250e48,4,460.71,25.0,valencia,nuevo,115.1775
013fbc9e-c94a-4f2a-a589-2a8ba4964722,10,1245.49,44.0,madrid,recurrente,124.549
014d14cf-b141-4878-98dd-a01245e615ed,12,1993.1709,28.0,malaga,recurrente,166.097575
014e6aab-8c29-4b0b-b76d-610e75cff044,9,2304.5218000000004,48.0,zaragoza,corporativo,256.0579777777778
016470cb-a484-447a-b2b3-9fddcc9a877e,8,1051.0709000000002,47.0,barcelona,nuevo,131.38386250000002
01675ef8-3c9a-46b1-9e16-a0f639ee29a3,8,826.03,46.0,sevilla,recurrente,103.25375
016bc239-7c59-457f-b29a-c6fb1af2da11,6,737.4000000000001,18.0,sevilla,recurrente,122.90000000000002
016f8cbf-06f7-41a2-b8d9-5649185e7b39,5,1174.15,40.0,malaga,recurrente,234.83
0170e338-a470-4fc5-abdd-f6f176012c6c,2,418.76,27.0,vigo,vip,209.38
0179c0db-e30c-40d8-8cf8-1f2bec5b79f1,11,651.24,26.0,vigo,nuevo,59.20363636363636
017e7c2b-fcbf-4fd8-bbe7-e13d36771f7e,6,836.75,40.0,vigo,corporativo,139.45833333333334
01839d57-008e-4805-a28f-c1c991973bbf,14,1554.92,62.0,murcia,nuevo,111.0657142857143
018601f1-d69f-4058-a345-6a1ea3165c98,11,1042.58,40.0,bilbao,recurrente,94.77999999999999
01a271c2-4c74-4c8c-8e99-5d571be18a4b,4,424.75,57.0,valencia,nuevo,106.1875
01ba93d9-9bd4-43fc-bbc3-6dc167c293fd,6,901.29,61.0,malaga,nuevo,150.215
01c6305b-411e-48bd-8eac-f691d5baf76b,5,819.3299999999999,33.0,granada,vip,163.86599999999999
01d2dfa6-0e7e-45fa-ac43-2a61bd4c09e8,4,376.89,77.0,barcelona,vip,94.2225
01dee12b-466e-4ddc-aef9-1cded9129ceb,8,884.02,56.0,madrid,recurrente,110.5025
01deeaca-6845-4b9b-81b6-192ba759f343,11,1062.42,38.0,zaragoza,corporativo,96.58363636363637
01e4709e-b7b4-47c2-a05c-f0a18d211637,8,993.84,59.0,granada,nuevo,124.23
01f20459-69c8-42dc-a57d-9d293a78b391,3,189.69,54.0,barcelona,recurrente,63.23
01fc0778-b96f-48cc-b317-0b511bda073d,3,175.76,36.0,malaga,recurrente,58.586666666666666
01ffc2f8-d087-41a1-b292-35308f43ea56,13,935.49,40.0,zaragoza,nuevo,71.96076923076923
02003ad6-f2c2-4f68-9dd2-94cdbfbc8b83,4,492.09000000000003,29.0,vigo,nuevo,123.02250000000001
02090410-e123-415e-8662-ff9f73d17524,8,1221.4609,27.0,valencia,recurrente,152.6826125
020c59c9-8d07-4b87-ab0b-32fb592baeec,6,928.59,40.0,malaga,nuevo,154.76500000000001
0219176a-0d1b-4c2e-ba09-1cb8d0075bb8,5,448.68,45.0,bilbao,vip,89.736
02283c48-9fbb-4e54-9e26-57b8f7289d45,3,219.88,33.0,granada,nuevo,73.29333333333334
0229b07b-cc90-4c1d-abca-0d61974d54e1,3,188.05,40.0,bilbao,recurrente,62.68333333333334
0230e4c9-efc6-4158-be47-e51fab981a6e,6,718.46,32.0,granada,recurrente,119.74333333333334
0232efc7-5c7a-45ef-8aae-d714f99e72d0,5,644.76,40.0,barcelona,recurrente,128.952
0234a384-3b6c-4922-bad1-32ab94afb37b,7,870.9200000000001,40.0,bilbao,nuevo,124.41714285714286
02674542-1e8c-4919-90d3-1cb8dced3f11,10,1475.01,53.0,malaga,nuevo,147.501
0270756c-7c9e-48af-85cc-9a5824044b30,5,1418.69,26.0,granada,recurrente,283.738
0274c7c7-be72-439a-a611-f2849f356198,10,565.5600000000001,26.0,bilbao,recurrente,56.556000000000004
027b66e4-055e-4268-a62f-2440676cec85,9,827.35,40.0,valencia,recurrente,91.92777777777778
028d8cd6-11b5-4659-acf6-0548f429f0a1,9,1105.57,43.0,zaragoza,recurrente,122.8411111111111
028e82f6-47de-4ee3-8b22-5fd3674720f2,3,408.11,47.0,sevilla,recurrente,136.03666666666666
028fdea8-cff1-45e7-9a2c-f66df5beac1f,5,557.61,40.0,zaragoza,nuevo,111.522
02902617-7d9c-40f8-90c2-f64ec6bc367b,8,1012.74,35.0,murcia,nuevo,126.5925
02924912-9f9e-4334-b83c-1a71826d8626,5,325.3,55.0,zaragoza,nuevo,65.06
02a66446-6663-4486-943e-b144302d0399,7,571.8100000000001,40.0,zaragoza,nuevo,81.68714285714286
02ab95b8-9f70-413c-a442-b050980e7d0a,7,637.09,55.0,granada,vip,91.01285714285714
02b41825-3c6f-4d56-bf06-5c452af41421,8,469.48,48.0,murcia,vip,58.685
02b51b02-d5ba-4d2d-8b3c-b024ccbddea0,10,636.3800000000001,59.0,madrid,recurrente,63.63800000000001
02ba7c60-4893-45c0-98c7-27f5445c8b73,12,671.13,40.0,barcelona,recurrente,55.9275
02bcfc95-6257-4fa8-8a3d-c3b1515653e3,9,791.6600000000001,27.0,granada,vip,87.96222222222224
02c4a4e7-85af-4912-b50c-1ab465b4872d,4,192.68,40.0,vigo,nuevo,48.17
02c53c81-abeb-4cb1-849f-85eeb2b4fe4e,5,313.98,43.0,sevilla,recurrente,62.79600000000001
02c7bcda-dd6f-4974-886b-1ff35c225a2e,7,594.96,37.0,madrid,nuevo,84.99428571428572
02cd43cc-0228-443c-ade6-9dbd0b26ce71,11,770.66,39.0,sevilla,vip,70.06
02e1c1d3-ed0b-4796-9417-4c6d249fa0af,3,631.4409000000002,18.0,zaragoza,nuevo,210.48030000000006
02e5f867-37c1-4f05-a43e-8111a56a155d,7,796.99,32.0,sevilla,recurrente,113.85571428571428
0308784f-ad2b-4af4-8440-8bb0069d0973,2,132.59,55.0,zaragoza,recurrente,66.295
030a3519-7c38-416c-9b6b-0a160f386f85,3,360.33000000000004,49.0,zaragoza,recurrente,120.11000000000001
030b6518-fae1-40c7-b388-c290dc8b969e,6,544.5600000000001,47.0,bilbao,nuevo,90.76
030f9fcc-0f38-437f-96a5-634aadf1473f,9,1058.38,25.0,bilbao,corporativo,117.5977777777778
0339567f-1ab7-4ece-ac8a-ca4c56029526,9,685.4,40.0,vigo,nuevo,76.15555555555555
034f2ad7-8a43-4a99-b2ee-159edde81b43,3,406.06,43.0,madrid,recurrente,135.35333333333332
0351aa26-e41a-4b0e-a7db-7ed638637c78,6,924.3299999999999,23.0,murcia,corporativo,154.05499999999998
0358a7b8-5f30-49fd-906d-912cb9aed98d,7,567.39,49.0,malaga,nuevo,81.05571428571429
036430cf-6955-4a2d-82d1-a43928ba26cc,6,846.76,36.0,valencia,nuevo,141.12666666666667
0366d6ad-7ef9-44cf-8efe-3de9414e24f9,5,585.0,35.0,malaga,vip,117.0
03672728-de40-4719-9011-984ba6501757,10,590.07,27.0,vigo,nuevo,59.007000000000005
0375ecad-36c1-4b69-a63b-088bb0483af1,6,460.46000000000004,43.0,barcelona,recurrente,76.74333333333334
03784449-2bb7-47d3-9fb2-ddbb71148ae1,8,1297.55,66.0,sevilla,recurrente,162.19375
0378caba-7369-4cb3-b6d8-7f8ad2f38dc3,6,503.49,41.0,valencia,recurrente,83.915
037d1194-6525-4a19-8fe4-b582a7cacc34,9,782.2,34.0,bilbao,corporativo,86.91111111111111
037d4ded-d849-4e95-8f40-c5c4c66af368,4,180.1,44.0,madrid,vip,45.025
037dcc37-2b42-45ab-91ec-5efdfe8381d4,2,53.07,24.0,granada,corporativo,26.535
0380a9b1-9cd0-4a03-b0aa-600c661d8813,4,796.03,34.0,madrid,recurrente,199.0075
03810f9a-db79-46ee-96b0-883c76c0cf9b,9,850.8699999999999,58.0,malaga,recurrente,94.54111111111109
0385a2d6-657c-44b1-bf8d-a1a6ec199c54,4,396.03999999999996,35.0,sevilla,recurrente,99.00999999999999
0388de7f-05f9-45b3-99b9-a82b02f9556a,7,613.58,31.0,murcia,recurrente,87.65428571428572
038d4b7f-ca39-4d12-9ce5-f70dcfef7e7b,7,419.84000000000003,57.0,sevilla,recurrente,59.97714285714286
0394064e-d22c-4022-bd9e-38642d4d08af,4,341.40999999999997,37.0,malaga,recurrente,85.35249999999999
039815f5-3a25-4f25-834d-97ee4f664535,6,792.24,47.0,barcelona,corporativo,132.04
03a54d26-e118-4d6c-9796-2f03f4277421,4,376.3,32.0,sevilla,vip,94.075
03a699ce-a299-4aa8-8c6f-a625195c0591,4,413.58000000000004,39.0,valencia,corporativo,103.39500000000001
03a85174-31b7-41ec-8794-d0194ca3e3b0,2,232.13,53.0,valencia,nuevo,116.065
03a88326-8f0b-4ff7-81b1-aaa8468c5d0a,11,839.52,39.0,madrid,recurrente,76.32
03afa3a6-4823-43ce-9e8c-f68fb7b493f9,6,1051.1109000000001,40.0,vigo,nuevo,175.18515000000002
03b23d15-f7f5-4a2e-9c5d-a2428f3e1fa9,6,727.26,51.0,malaga,recurrente,121.21
03b63c00-1495-4da0-8f5e-a330c125a5a4,9,342.3,49.0,malaga,recurrente,38.03333333333333
03c1c73e-163f-4aea-aad1-27b756ab4423,7,589.53,49.0,zaragoza,vip,84.21857142857142
03c832dd-6db2-4306-9457-ecbf247334c5,8,674.4,31.0,sevilla,nuevo,84.3
03d17126-8bd3-484e-b610-7a8de057af05,10,1339.55,48.0,zaragoza,nuevo,133.95499999999998
03ee0baf-45b1-45db-8410-1a7e679d9d0e,6,387.69,27.0,barcelona,vip,64.615
03f2c352-94cb-4865-97aa-7c7b6d2e4a98,6,775.16,55.0,sevilla,recurrente,129.19333333333333
03f60afa-031f-4f3e-baf5-102e69b5dfbe,3,216.84,27.0,malaga,recurrente,72.28
0400948b-01c3-4ab3-ae90-7ef3b3dc6dc4,5,933.14,40.0,malaga,nuevo,186.628
0415e202-9856-4633-b80c-4398e8d86792,10,1243.63,30.0,malaga,recurrente,124.36300000000001
041819a7-45ed-4ff4-8bef-eaa99d419253,3,133.06,18.0,sevilla,recurrente,44.35333333333333
04197c74-82b0-41c1-b654-dfbb95b187f6,7,443.48,59.0,bilbao,vip,63.354285714285716
04266745-c509-4bd8-84c8-0fed665b561e,8,642.28,20.0,vigo,nuevo,80.285
04356f16-d0ad-4ff0-873b-4044a962234a,8,360.67,37.0,granada,vip,45.08375
0440e2b2-cf5c-4b26-8f2d-bc3613949132,8,1343.22,41.0,bilbao,nuevo,167.9025
04417675-ee1f-4a9b-a731-c12baf30241a,3,394.07,18.0,zaragoza,corporativo,131.35666666666665
044cb0df-a102-4d4a-8d0a-189a22cadc11,11,1062.98,32.0,madrid,corporativo,96.63454545454546
0456c52d-3fa7-42b2-80bf-0baf7246206b,7,626.11,51.0,zaragoza,vip,89.44428571428571
046b116e-51cd-4d6d-97a5-7c774a374a3a,7,790.6800000000001,31.0,barcelona,nuevo,112.95428571428572
0471a3fe-bf9e-42e4-9e52-973cfdb4ae7c,5,822.58,43.0,vigo,corporativo,164.51600000000002
04797c37-cfc7-4149-9645-1fd413f9955f,5,402.52,57.0,vigo,nuevo,80.50399999999999
047d7976-7847-4c3e-8ede-bb300030f98b,8,814.45,40.0,granada,nuevo,101.80625
047f1b35-1e3e-4134-a74f-3ef7d8fac93d,7,1090.11,51.0,malaga,vip,155.73
0483ac36-7718-480b-bfbd-1eb9b94b3159,5,1068.1609,38.0,murcia,nuevo,213.63218
048eab6a-08ef-45d7-8ef1-25f683791959,6,286.37,48.0,malaga,nuevo,47.72833333333333
049d98ed-7f54-4cb4-8dc6-ae42c9e8f06b,4,342.72999999999996,40.0,malaga,vip,85.68249999999999
04a0e41d-2bfa-4754-a130-f255e4f1dbbc,10,1092.14,45.0,bilbao,recurrente,109.21400000000001
04b6b35d-f555-4d21-bf70-d8adbe8fc804,2,147.75,57.0,madrid,nuevo,73.875
04c08767-9b4c-4578-9486-ab7cd4440f46,7,826.86,27.0,zaragoza,recurrente,118.12285714285714
04c8dc25-915c-4630-bdd3-697434c341e7,7,647.22,41.0,murcia,recurrente,92.46000000000001
04cde19b-0acf-4fee-aafa-4b372e6b30f5,3,416.24,29.0,madrid,nuevo,138.74666666666667
04d02368-c941-43d0-a9fa-a7d5b83c2ff7,9,866.87,34.0,zaragoza,vip,96.31888888888889
04e39776-183e-4b10-ba58-861bffdb99c2,9,983.6700000000001,52.0,zaragoza,vip,109.29666666666668
04f265ce-9c37-4042-9263-4114febc7f11,7,940.86,26.0,bilbao,vip,134.40857142857143
04f2d095-9044-40e0-be57-a4cfd5a21af9,4,319.07,18.0,sevilla,recurrente,79.7675
050b4eb3-caeb-410b-b9c4-748fad647f3c,9,985.6800000000001,45.0,sevilla,recurrente,109.52000000000001
0516c6e4-b0c6-41ff-b3d3-11e089436a1e,4,454.57,34.0,malaga,recurrente,113.6425
05170c54-1215-4046-b964-a0c21709f2bf,5,374.32,19.0,bilbao,recurrente,74.864
0528afba-30d6-42a0-86c3-c001f76b3855,7,695.09,39.0,murcia,recurrente,99.29857142857144
052cd470-79c0-4d02-9466-8bcb694dd4e7,1,18.49,18.0,madrid,corporativo,18.49
052f78fb-98f8-426c-8552-fc2ac4131574,4,627.2509000000002,64.0,zaragoza,corporativo,156.81272500000006
05438394-b1d3-4edf-a5de-a5fe5f84d265,10,944.9,30.0,murcia,recurrente,94.49
0544ad70-2574-4fc4-b694-92a0586b0289,13,1244.63,53.0,granada,nuevo,95.74076923076925
054ab17e-5d98-4ac0-9724-0abf50fd23d7,8,599.62,21.0,sevilla,recurrente,74.9525
0555c36e-ed25-4693-bd33-c2eb5f2f7028,1,45.23,49.0,granada,vip,45.23
055e13be-a086-4470-b38d-22f6ff0632c9,8,776.12,74.0,barcelona,recurrente,97.015
055e4fab-787e-4556-9202-77900f86053f,5,495.87,34.0,malaga,corporativo,99.174
057267a6-34a8-4387-a8f3-da82a060f880,5,295.83,40.0,valencia,nuevo,59.166
05759565-423f-44c0-bf0a-c09452775964,7,717.17,34.0,malaga,nuevo,102.45285714285714
05767c65-9328-459d-a294-9504913fcfb6,11,1743.5809000000002,62.0,barcelona,nuevo,158.50735454545455
0579104b-eb96-49c6-bda8-b135ff573826,11,1186.77,28.0,murcia,corporativo,107.88818181818182
0586d776-242d-4418-a778-e24d310addd2,8,1260.29,66.0,granada,recurrente,157.53625
059301ce-4d4c-4c23-81ba-7f079fe56429,10,1116.89,53.0,granada,nuevo,111.68900000000001
0595bf49-6cbe-4749-9aff-806d16d6e766,7,879.2209000000003,29.0,valencia,nuevo,125.60298571428575
0596d5f0-9d58-47dc-a8bc-b35084ee8e7d,11,1022.17,22.0,sevilla,recurrente,92.92454545454545
059b8fc2-2d1a-45f1-a304-1cb2077c551f,6,218.81,50.0,bilbao,recurrente,36.468333333333334
059d484d-d984-465f-b24e-96d1922b5682,11,935.12,40.0,malaga,corporativo,85.0109090909091
05a0342d-c844-4288-94fc-538c527b30b9,9,1182.13,36.0,murcia,recurrente,131.3477777777778
05a82709-27cf-467c-884b-96f6833a56c8,5,675.93,44.0,vigo,vip,135.18599999999998
05acdcde-ae9c-4251-99c2-e59d47f4f311,4,630.4409000000002,48.0,vigo,recurrente,157.61022500000004
05b3a0fc-8fc2-43ac-816c-bcf0f6ee4e89,6,396.32,59.0,sevilla,vip,66.05333333333333
05b8b5c6-b279-4b40-bce7-3fb75d39d833,6,983.77,57.0,vigo,nuevo,163.96166666666667
05ba84af-c8bb-4425-831e-8f9c286913bc,9,729.14,53.0,granada,recurrente,81.01555555555555
05bdeaf8-c895-4426-8b72-09e8545be35e,6,544.03,50.0,granada,nuevo,90.67166666666667
05d23e3f-063c-464f-a6e3-8edfaab57ade,4,311.79,24.0,valencia,nuevo,77.9475
05ddae6e-ebc8-40ce-bba8-68e78c71d2ba,3,330.08,38.0,valencia,vip,110.02666666666666
05e77dac-7a4e-41d5-9467-f01e701711cc,10,1399.73,38.0,zaragoza,recurrente,139.973
05fe5238-fb5f-4646-85d0-3c4dc7b46729,7,609.74,32.0,bilbao,vip,87.10571428571428
062158b3-0d42-491c-8b41-1e4bbbdad0a7,7,635.15,54.0,granada,recurrente,90.73571428571428
0627f48c-02ea-40fc-8ba4-4e36f0b2e673,8,1316.3899999999999,18.0,barcelona,corporativo,164.54874999999998
062cefbd-ab24-41dd-8b8f-34f357ae848b,4,407.28000000000003,56.0,murcia,nuevo,101.82000000000001
06530efa-21d5-486f-a158-e9d3b7b0735a,5,530.99,67.0,barcelona,recurrente,106.19800000000001
0655c95a-c250-4a80-9414-6da64a3bd648,6,996.61,40.0,bilbao,vip,166.10166666666666
065e1693-521e-40e3-8a7b-f8ba77dd84f1,11,1293.09,29.0,barcelona,vip,117.55363636363636
06634edc-ca16-4211-878d-d8682bdc6280,5,327.47,40.0,vigo,recurrente,65.494
066a1043-dd26-44a9-a023-63b464ec083f,5,239.10000000000002,43.0,zaragoza,recurrente,47.82000000000001
067e8988-e5f0-4df6-9c0c-9ffe645da365,10,1716.11,33.0,bilbao,vip,171.611
068f4c19-0b65-4f65-bef4-70118d25620e,8,1049.25,40.0,barcelona,nuevo,131.15625
0694c316-988b-4901-8a20-622df1394591,7,543.07,55.0,bilbao,vip,77.58142857142857
0694c4f9-21ad-48b8-bcab-9666e6d153fd,9,1008.5500000000001,49.0,vigo,vip,112.06111111111112
0696f8cb-0dfd-41bd-b41e-063fde35df19,3,255.74,41.0,barcelona,nuevo,85.24666666666667
069c713c-78f8-4b7b-aecd-7965199e06d4,5,649.19,18.0,granada,nuevo,129.83800000000002
06ae6ba1-7bd7-49f9-b4c5-97a0512435a4,6,759.3000000000001,31.0,malaga,recurrente,126.55000000000001
06b3a5ef-088f-4254-a34b-8119cad2f506,6,339.83000000000004,20.0,bilbao,nuevo,56.63833333333334
06b7c200-7874-4bcd-8182-e839a6d6cb47,7,488.55,47.0,zaragoza,corporativo,69.79285714285714
06c6e579-353d-4a07-9ea3-038263150f2f,10,1097.99,57.0,madrid,vip,109.799
06d2d603-a663-449f-9e21-482c075cba1e,7,1211.95,41.0,murcia,recurrente,173.1357142857143
06d795ba-c779-4940-9d72-ee2ccd85928a,4,349.19,37.0,sevilla,corporativo,87.2975
06e068ff-71d8-443c-9f6a-2c87cf680f68,6,468.29,18.0,granada,recurrente,78.04833333333333
06e0fbbe-439e-44bc-870b-79fe7f56638e,3,287.96000000000004,38.0,sevilla,recurrente,95.98666666666668
06e6122e-1f30-4df6-bcdb-b262de704a42,8,841.12,43.0,valencia,nuevo,105.14
06ef80b5-46db-4af5-ae90-117e16bd6065,3,317.25,58.0,malaga,nuevo,105.75
06f4a010-d267-411b-ba73-56374a4f1431,6,498.53999999999996,18.0,murcia,recurrente,83.08999999999999
070917cd-c290-4b9d-86ad-94bddba6d886,9,782.6300000000001,29.0,zaragoza,recurrente,86.95888888888891
07116ede-1e6e-45c0-b5f2-7c4c4701a776,5,516.15,30.0,madrid,vip,103.22999999999999
0721b4dc-e997-4692-8e23-0151986126a9,10,1310.05,40.0,bilbao,nuevo,131.005
072e113a-c5bd-4fe9-ac6d-96ee80d58e72,8,929.2,23.0,murcia,nuevo,116.15
073485e7-2862-41ac-9059-b9de6d2001e9,10,1810.03,56.0,zaragoza,corporativo,181.003
0739a57f-81e1-4ea8-8a48-b527ed63392c,5,723.39,36.0,zaragoza,recurrente,144.678
073c1a3d-b26b-4e4a-92a5-232383e5d5e3,7,489.71,40.0,murcia,recurrente,69.95857142857143
07440ee2-9e86-4e7e-8f9f-d7680fd83f79,7,1549.1609000000003,29.0,zaragoza,nuevo,221.30870000000004
074d85c2-6b04-473b-a2f3-2a1d7b2b5577,5,705.32,46.0,valencia,recurrente,141.06400000000002
07500613-0813-4d19-87d5-d2d2ded40a91,5,193.55,36.0,vigo,recurrente,38.71
07580a7e-8294-4527-a26a-bc7f90f779e9,7,722.81,45.0,malaga,nuevo,103.25857142857141
076b5a44-f5e6-403f-b42c-a243f55a6088,7,511.48,34.0,zaragoza,nuevo,73.06857142857143
076cb2ad-ae2e-444c-b902-a5119e3306db,5,251.54000000000002,40.0,madrid,nuevo,50.30800000000001
076dce30-3225-481f-b618-86e58e98f45d,6,781.35,40.0,zaragoza,vip,130.225
07707fcc-878f-4b95-b0f3-54980f4660a1,5,396.02,39.0,barcelona,corporativo,79.204
07728522-f8db-4bd0-9000-281872bab378,5,368.34,18.0,zaragoza,vip,73.66799999999999
077485ec-e596-44c1-a05f-c40cc4ab2a1e,7,379.52000000000004,42.0,murcia,nuevo,54.21714285714286
077609c2-68bd-44e7-b1b0-8c4606ecfc06,5,216.38,37.0,bilbao,recurrente,43.275999999999996
077f5aa4-a70f-498c-90fd-43e42433221f,4,484.89,21.0,madrid,recurrente,121.2225
07895682-bd8b-4bfa-b6b6-5c257cc1096d,5,349.15,71.0,granada,recurrente,69.83
078b5cbe-9877-4fb0-89d6-18f59f263a1d,9,855.16,56.0,valencia,nuevo,95.01777777777778
079d2901-13fc-4a03-b691-2390d952749a,3,131.51999999999998,46.0,bilbao,nuevo,43.839999999999996
07a997bf-e255-4cd5-91bc-7cd40baea4b3,8,919.73,39.0,valencia,recurrente,114.96625
07b1e756-293e-4765-a4fd-7e3755de426b,7,497.65999999999997,37.0,madrid,nuevo,71.0942857142857
07c141f7-553a-4c43-b646-9d2d28f95fd3,12,2154.5609000000004,54.0,sevilla,nuevo,179.5467416666667
07c15c1d-f62b-47a3-b19c-e58dfdd95635,5,491.0,49.0,murcia,recurrente,98.2
07ce1ba1-3664-48f1-b67c-6014d7ed24bf,6,404.55,36.0,malaga,nuevo,67.425
07ce7ea7-89f1-4698-bb6b-d000acab35ae,7,519.21,52.0,zaragoza,corporativo,74.17285714285715
07d70428-8c93-4a55-b4c7-ac8a7121c25b,7,1020.92,38.0,zaragoza,nuevo,145.84571428571428
07df5a34-9ab8-42be-8fe2-ef0a402cf53f,5,1040.29,23.0,sevilla,nuevo,208.058
07e361fe-5f90-4312-82a3-a25706909afa,6,831.95,41.0,valencia,recurrente,138.65833333333333
07f58adb-ccc0-4760-aed0-9c50563bd7b0,4,535.41,36.0,granada,corporativo,133.8525
07fcf706-2eb1-4ce5-bfe2-682e696a8adb,5,327.26,36.0,madrid,recurrente,65.452
07fd380d-dc14-4150-9682-d6fdfc2751ec,5,598.16,34.0,vigo,nuevo,119.63199999999999
07fe9662-b55c-45b9-bb2c-038b8b5c916f,7,945.8309000000002,46.0,granada,nuevo,135.11870000000002
08065807-2745-448c-aa86-2aeff306f195,7,679.9,40.0,vigo,recurrente,97.12857142857142
0806b2f4-6ed7-49e6-84c1-706eaa07073b,10,1082.06,40.0,madrid,nuevo,108.20599999999999
0808fcbd-d279-4f8e-b8e4-7572ccb3feec,10,1151.3,31.0,madrid,nuevo,115.13
080df0c4-9c63-4638-988e-4984b5f0ce81,8,508.78,37.0,sevilla,nuevo,63.5975
08149283-875f-4d96-99f5-200e00cf2a50,9,945.71,36.0,bilbao,corporativo,105.0788888888889
0819cc39-2e64-406c-889b-6402753bb421,9,486.85,45.0,vigo,recurrente,54.09444444444445
081a8105-bcb9-4467-b486-80e91a9ac665,8,963.9,40.0,madrid,nuevo,120.4875
081dc235-290a-4db9-872c-8512a75d6560,10,1004.1609000000002,53.0,valencia,corporativo,100.41609000000003
0820ad26-2ffe-48d2-8a07-92855cc53cf8,4,570.32,31.0,bilbao,corporativo,142.58
082f4734-f477-4b67-86a7-9f871d16b0e9,6,737.68,43.0,malaga,recurrente,122.94666666666666
08424e3a-4f62-430b-aeb8-0cc8bf696670,5,626.04,52.0,madrid,vip,125.208
0848f412-1dca-4c8a-adae-0c81a3f5f87a,6,665.85,27.0,granada,vip,110.97500000000001
0862bf72-2b8f-4a29-8bf6-ff2d3a659809,4,463.78999999999996,33.0,granada,nuevo,115.94749999999999
08692ce4-a3af-4f66-adde-12a61e233a38,5,701.24,68.0,malaga,vip,140.248
0873b1f9-5897-49ee-af8d-acd38e2c289a,9,905.72,35.0,bilbao,recurrente,100.63555555555556
088178b6-5d7e-4fd3-90fd-a0e4f4753202,6,573.81,37.0,granada,recurrente,95.63499999999999
0884b8d5-ddd7-43fb-bfc7-24671578b877,6,362.52,18.0,granada,nuevo,60.419999999999995
08870c99-5a65-4b34-a588-0533afc4bb6a,6,269.66999999999996,55.0,granada,recurrente,44.94499999999999
088b8e3a-1a69-4776-8794-199616067942,4,411.76,31.0,valencia,nuevo,102.94
088e2362-a1fc-4587-bb71-26ef1931dc1e,5,671.96,35.0,zaragoza,recurrente,134.392
0890dedc-c478-4f07-b95f-0ca6a18bbfcd,7,233.49,40.0,vigo,recurrente,33.355714285714285
08a0f73c-65b5-42a9-8a2e-844a475f4472,6,398.84999999999997,40.0,bilbao,corporativo,66.475
08b103d4-f4b6-4f75-a73f-806cc0347c76,3,235.58,47.0,sevilla,recurrente,78.52666666666667
08b9a8a6-c0da-487b-9ea1-db0c380bc7ec,8,1142.1909,24.0,madrid,recurrente,142.7738625
08ba0857-bb0d-452c-9987-cd289cde3c4f,4,589.28,47.0,bilbao,nuevo,147.32
08c0f57d-5b93-4ef2-824a-7325eda633d8,9,821.62,48.0,barcelona,nuevo,91.2911111111111
08c12a9d-8482-47e3-aad1-34aa7b822e23,6,899.6709000000002,25.0,barcelona,nuevo,149.94515000000004
08ce66e0-289e-44b4-8c6c-576065163e71,8,798.21,22.0,malaga,nuevo,99.77625
08d6cd70-bc67-4bce-ac6e-01c0a3a1dc86,6,534.66,37.0,murcia,recurrente,89.11
08dba357-5e18-4a4e-bb66-c96430bba49e,6,522.61,41.0,sevilla,recurrente,87.10166666666667
08e2034f-ccb6-45a3-bea2-e7088414473a,9,551.68,57.0,murcia,recurrente,61.297777777777775
08ecf851-7534-4302-af86-4f40c9ce8f4e,5,415.17,68.0,murcia,nuevo,83.034
08f0b46b-0f37-4de3-92c6-7d7137876dcd,4,414.41,28.0,murcia,corporativo,103.6025
08f20744-965e-4595-aa6f-f67d60819bba,6,252.81,38.0,zaragoza,recurrente,42.135
09006010-65f2-460e-a04e-48d3840ca9fb,9,1177.12,25.0,vigo,nuevo,130.7911111111111
09016542-407a-4361-8cb5-8c90145fcd59,7,806.28,19.0,malaga,nuevo,115.18285714285715
092ab71e-0109-4ee8-b1c0-48cd3d98de78,9,867.44,31.0,sevilla,recurrente,96.38222222222223
09336e17-b77b-4ef9-9395-bf56af0b666a,7,490.7,42.0,sevilla,vip,70.1
09378098-d7ae-465f-a5dc-476938d99bb5,13,1514.1599999999999,18.0,bilbao,corporativo,116.47384615384614
09398a70-e570-45cb-a30f-597a80b6bdb4,8,931.3309000000002,46.0,malaga,nuevo,116.41636250000002
093a9cc8-0b6a-46c2-b194-1c0b5063a445,8,456.97999999999996,47.0,vigo,nuevo,57.122499999999995
095ee049-b46f-4e4a-8180-083bac83abf0,4,218.69,48.0,malaga,recurrente,54.6725
0967c165-0114-4013-bd21-56b5ef8b0ae3,3,494.33,19.0,barcelona,recurrente,164.77666666666667
096ce3c4-a988-42ba-b70c-08e29963a42d,10,639.37,26.0,granada,nuevo,63.937
097180aa-18ec-46bc-aace-59bd5736b1ce,8,810.24,50.0,barcelona,recurrente,101.28
0971903c-3a9d-4b5b-b6c8-969ecc2da3dd,4,302.76,29.0,malaga,recurrente,75.69
0973cb6d-123d-4a67-978e-71cda7551730,5,483.32000000000005,44.0,madrid,nuevo,96.66400000000002
097448a2-b6f2-4e84-b1b1-aa9a99c26aeb,4,358.56,40.0,zaragoza,vip,89.64
0994b85e-cd00-4428-a6e2-aa4a4da43205,8,1324.3799999999999,25.0,zaragoza,vip,165.54749999999999
09985803-ca41-4864-ba20-e66277019dfc,5,894.78,59.0,bilbao,vip,178.956
09a4a596-fa7d-4af9-a0a4-99574e4afaf4,9,720.69,24.0,murcia,recurrente,80.07666666666667
09b53ab5-ac3c-42be-9817-82b2e96be85a,6,278.36,26.0,bilbao,recurrente,46.39333333333334
09b9c800-7ddd-4750-b929-7e56bfb7cf2b,7,863.49,37.0,malaga,vip,123.35571428571428
09de12ed-60db-401a-a7d2-67147c771893,2,198.05,62.0,zaragoza,vip,99.025
09e08ed5-98bc-45ad-9680-487944ed83f2,6,380.06,33.0,barcelona,nuevo,63.343333333333334
09ef9598-4643-4af8-a519-65d4f90ab2c2,2,163.8,36.0,sevilla,nuevo,81.9
09fbd2f7-3265-4c31-be4c-39b24a69c7bc,5,382.40999999999997,46.0,valencia,recurrente,76.482
0a01aae3-f5f9-448e-9b19-753119c6b2c3,3,286.58000000000004,58.0,sevilla,nuevo,95.52666666666669
0a027668-cfdd-4961-8f08-52c8093d5181,8,760.9300000000001,33.0,granada,vip,95.11625000000001
0a113171-0b02-4251-a698-4bb967605b97,6,452.96000000000004,49.0,murcia,vip,75.49333333333334
0a24976c-fc0f-45d7-bbf1-d383b1c9c25a,10,1195.46,45.0,barcelona,vip,119.546
0a3b5874-463e-4bca-88bc-b5cdf6723b48,5,627.91,40.0,malaga,recurrente,125.582
0a46b207-d76b-439e-937f-1072a57005a7,6,586.38,47.0,malaga,recurrente,97.73
0a4bc33d-78fa-42fe-93aa-fd6ce5707ccc,5,415.71,53.0,granada,nuevo,83.142
0a56c984-8e80-4de7-91d2-30f37faf7de2,5,1021.09,54.0,zaragoza,nuevo,204.21800000000002
0a592641-31c2-4739-94ca-0e06a3579c01,7,602.04,44.0,granada,recurrente,86.00571428571428
0a5aea14-80e6-471a-a647-66346f6e9e3d,7,954.39,45.0,vigo,recurrente,136.34142857142857
0a5e6724-f9b1-4948-8890-ff20f25bf40b,8,773.04,37.0,granada,recurrente,96.63
0a729cb6-96b0-4bda-9d19-a20b0e43618c,5,613.56,81.0,bilbao,nuevo,122.71199999999999
0a75f2d1-b990-458c-a7b1-e68091afb9f5,2,137.25,55.0,zaragoza,nuevo,68.625
0a8221af-4734-4860-a4e0-9ad05718ddf1,9,699.99,49.0,malaga,corporativo,77.77666666666667
0a856aec-cf18-4f8b-aa1c-75cba9ea63e6,9,721.09,46.0,murcia,nuevo,80.12111111111112
0a8e980c-e464-43d0-af97-b505ebad88b6,6,672.71,40.0,malaga,vip,112.11833333333334
0a92ba05-ec10-4bee-9df8-3b44d1e73f2d,7,1145.44,44.0,barcelona,nuevo,163.6342857142857
0aa035cb-0702-4b2c-8e85-8316927f3351,9,471.23,56.0,granada,vip,52.35888888888889
0aa7d507-1bfc-408d-b7fb-a6e0a55cfc78,4,989.1409000000001,60.0,vigo,corporativo,247.28522500000003
0aa91faa-8254-42c3-abfb-b83145028cd4,4,206.35,32.0,murcia,corporativo,51.5875
0aa9926a-e2cf-4904-8d95-7fa9cb8cb419,6,499.33000000000004,40.0,valencia,corporativo,83.22166666666668
0ab398c2-e83b-46fc-87d9-bbf946153c54,4,282.76,27.0,bilbao,recurrente,70.69
0ab3bc46-7fe4-4941-9cf7-5c1252dffb93,6,446.63,50.0,barcelona,recurrente,74.43833333333333
0ac17448-8361-4a0d-b0c1-01351cad3730,7,1273.1100000000001,41.0,valencia,recurrente,181.87285714285716
0ac8182e-297f-499f-80c3-1eb6d37a6060,7,851.34,43.0,bilbao,corporativo,121.62
0ac8c228-2434-4459-984f-12b45a20f415,5,339.42,41.0,valencia,corporativo,67.884
0ac9c4ca-cfc2-4d24-aa12-d8c248a03300,3,292.24,46.0,valencia,nuevo,97.41333333333334
0acb73f5-8757-44fc-92b6-325b9a0d19ed,7,1079.38,51.0,sevilla,recurrente,154.19714285714286
0ad14ef9-2c5f-47e3-93f0-a11cb30d0873,5,314.55,54.0,bilbao,recurrente,62.910000000000004
0ad25f31-cc9e-40a2-8a9b-f1dbad02f457,4,682.11,42.0,murcia,nuevo,170.5275
0ad3d621-85e5-4004-b599-98ae683597ba,5,295.96000000000004,58.0,zaragoza,recurrente,59.19200000000001
0adebf7c-83dc-4cc7-9241-74590f1caca1,5,618.12,21.0,sevilla,recurrente,123.624
0ae2a333-3332-4a8f-9662-d883d356a89f,7,1861.03,62.0,granada,recurrente,265.8614285714286
0ae738bf-fb7b-4389-91af-420a3c73cf0b,5,470.12,59.0,madrid,nuevo,94.024
0ae805c8-34d4-49a3-ac58-e015d5b22ced,8,665.75,46.0,sevilla,recurrente,83.21875
0ae9935d-c6a0-4341-98b5-016989d13453,10,1050.9209000000003,26.0,bilbao,vip,105.09209000000003
0afebba2-88e9-42cf-8310-f05ad859af25,9,977.6800000000001,57.0,malaga,corporativo,108.63111111111112
0b139cbb-1daf-40e9-bf21-5c708a4a602d,4,516.6,41.0,valencia,nuevo,129.15
0b18659c-3f27-44d3-b680-e8b48e5892cc,7,576.28,61.0,barcelona,recurrente,82.32571428571428
0b1e8325-1d9e-4022-b7b2-b739b8b4eb42,9,1073.34,40.0,madrid,recurrente,119.25999999999999
0b21bf40-805e-4948-a63a-9dcd1ce955e7,8,584.65,38.0,murcia,vip,73.08125
0b283e38-ff7f-44fa-8908-ed7f9fe7b35d,5,1176.1109000000001,36.0,madrid,vip,235.22218000000004
0b308a2b-8ad6-44ee-8c4f-05a904cd21da,5,335.89,41.0,murcia,nuevo,67.178
0b3b5b26-7947-4c36-85b0-32ac69b7ee53,7,676.63,36.0,zaragoza,recurrente,96.66142857142857
0b457671-4231-4b85-a0d5-988cc178b014,4,288.91,61.0,barcelona,nuevo,72.2275
0b4b3d19-6f21-4b91-bb88-7ba7528ac34f,3,586.7309000000001,56.0,malaga,recurrente,195.57696666666672
0b53f71e-ff2c-4c3f-b2ac-2d44b2f94a2a,7,735.3000000000001,35.0,zaragoza,vip,105.04285714285716
0b629ac0-7b61-4917-a518-86daafe68f74,7,1028.9409000000003,41.0,malaga,nuevo,146.99155714285718
0b64ecae-7e03-4137-8513-65622f27ba95,2,111.98,40.0,valencia,recurrente,55.99
0b71d1ed-9b0c-41b3-b7da-e4b80bb03764,5,492.58000000000004,30.0,madrid,nuevo,98.516
0b720881-9e27-4870-9730-ec95cb5ed2e5,7,846.4,40.0,bilbao,nuevo,120.91428571428571
0b748a8b-c6b1-487f-ae49-575e90ec80a7,5,376.99,52.0,sevilla,nuevo,75.398
0b953970-e744-494b-9f28-dd69c297f01c,6,648.51,25.0,vigo,nuevo,108.085
0b96e77c-055b-4589-9a23-16ffda513f8d,5,840.12,62.0,granada,recurrente,168.024
0b9879f2-97e9-43cd-b64b-09625188301a,8,942.58,59.0,valencia,nuevo,117.8225
0b9bfad4-d896-40b6-8eb9-dcaa183512d1,7,565.02,41.0,granada,recurrente,80.71714285714286
0ba6b8db-5762-4605-b942-9dd35a0e227b,6,561.15,60.0,valencia,corporativo,93.52499999999999
0bac69a1-2280-40a0-87a6-ed836add468d,11,794.63,30.0,sevilla,recurrente,72.2390909090909
0bae82fb-469a-4abb-9bb3-7724e72d432b,2,133.82,34.0,sevilla,recurrente,66.91
0bb221e9-7042-46bd-8224-be9756b4d0ee,6,275.23,40.0,madrid,nuevo,45.87166666666667
0bb6d819-8dea-4692-b74c-fc89cc81af28,7,1001.85,65.0,sevilla,nuevo,143.12142857142857
0bb9b95a-3b9f-4bcf-ad50-6ef078941b83,5,297.43,48.0,granada,corporativo,59.486000000000004
0bbb4477-b26d-4528-a31d-f6e8986c2b90,7,647.39,28.0,murcia,recurrente,92.48428571428572
0bc08053-01fc-4c2f-b7de-abcc6ef1286e,9,992.31,20.0,sevilla,nuevo,110.25666666666666
0bc32ebc-ecf1-41ae-924c-698397967c56,3,205.41,30.0,madrid,nuevo,68.47
0bce3a31-018a-4952-bf40-98da738fadcc,6,437.66999999999996,44.0,granada,recurrente,72.945
0bd4e906-c879-49d4-bd80-da993547a923,6,332.33,27.0,granada,nuevo,55.38833333333333
0be8dff9-30e7-4497-b94d-eda16cebe40b,13,1966.92,26.0,sevilla,recurrente,151.30153846153846
0beeb7b7-a56f-4f54-91ae-ffb73842faef,9,594.59,51.0,valencia,vip,66.06555555555556
0bf3e46e-80e5-414d-a7c0-ce34d5aa6e9f,6,362.64,70.0,murcia,vip,60.44
0bf936d4-c015-4bad-a810-52952dc8ddae,7,502.89,51.0,bilbao,nuevo,71.84142857142857
0bfc6400-1c83-4b42-bc3d-c7c5e5fc745e,5,683.6800000000001,33.0,valencia,corporativo,136.73600000000002
0c072ba2-f2dc-4a28-9cec-403e7ea84070,6,631.99,37.0,valencia,nuevo,105.33166666666666
0c083c6c-7878-4c68-8ecf-e94c02c1c55b,2,237.31,21.0,barcelona,recurrente,118.655
0c09c9d7-6155-4a97-8464-b5dcd3c2fecc,8,1067.18,22.0,bilbao,vip,133.3975
0c0ebd27-db5f-43c9-bfb6-0aeba59171cb,9,875.2600000000001,33.0,valencia,vip,97.25111111111113
0c127de5-abe9-4464-96a2-04bb862adeaf,7,1199.1209000000001,40.0,bilbao,recurrente,171.30298571428574
0c151c33-688e-4a72-8828-b9bc3ff452f9,9,554.78,43.0,bilbao,recurrente,61.642222222222216
0c251535-043b-4f50-91b9-36e6d2025dd2,9,1122.7,54.0,barcelona,recurrente,124.74444444444445
0c2a5274-5603-4985-a9ed-6b7c84e9f975,7,667.08,37.0,barcelona,nuevo,95.29714285714286
0c3b3e14-f610-4d15-a104-1c5a9dac358e,8,952.94,38.0,valencia,recurrente,119.1175
0c3e010a-5562-4f52-9cd9-7495bbfa9d5e,5,674.86,50.0,sevilla,recurrente,134.972
0c49730d-2805-4f41-8339-359544b40474,6,627.8100000000001,63.0,madrid,recurrente,104.635
0c5defe7-1682-40ef-b9de-39eaffc0c8e6,1,226.95,38.0,barcelona,recurrente,226.95
0c696afc-4cdd-4f1a-bab4-6440596020f2,6,500.74,51.0,barcelona,nuevo,83.45666666666666
0c720b19-fa94-4d9a-a1eb-9e1edd816175,6,1176.7909000000002,18.0,zaragoza,recurrente,196.1318166666667
0c7efb6b-1eea-418f-9b83-d476905408e2,8,477.84,38.0,madrid,recurrente,59.73
0c833d38-0e46-4c9b-b6eb-234348ac3181,8,613.24,18.0,zaragoza,recurrente,76.655
0c8369af-ea69-4cb3-a1c9-2cd9b2eb85d9,5,345.62,18.0,granada,nuevo,69.124
0caa3661-419a-40be-b0e9-64d53ed50e8e,7,523.98,40.0,sevilla,vip,74.85428571428572
0caeb0f1-6798-4b35-926b-09c12299724e,10,1025.71,40.0,granada,nuevo,102.571
0cb1d55e-6131-4e49-8ef6-163fb16efb7b,7,755.5999999999999,34.0,murcia,recurrente,107.94285714285714
0cbfde7e-b934-4811-bb6e-69f56cf7b949,5,467.48,85.0,murcia,recurrente,93.49600000000001
0cc2f507-6091-4c89-a01e-8ad806f516f8,3,158.1,51.0,sevilla,nuevo,52.699999999999996
0cc82ab1-c25c-4bd2-85d8-6e4bdae60547,8,1144.82,40.0,malaga,vip,143.1025
0cd3181b-881d-493c-b419-fa0a2e98d90a,6,722.84,28.0,vigo,nuevo,120.47333333333334
0cdc4a15-be8b-43df-970e-7e6b3e7bb56f,6,417.02,48.0,malaga,corporativo,69.50333333333333
0cebe563-554d-42e3-9622-a5a5c67bb23d,7,464.21,43.0,barcelona,nuevo,66.31571428571428
0cef5867-05ed-4d72-aa74-6ca0981ae917,6,710.6700000000001,49.0,vigo,nuevo,118.44500000000001
0cf56796-ccbc-4629-a51c-61f06857686b,7,710.99,39.0,barcelona,nuevo,101.57000000000001
0cfb9b33-67c8-45d8-b63d-cd2ccea70028,6,608.44,73.0,madrid,recurrente,101.40666666666668
0d1d44bb-7921-468d-a25c-292521df34d3,5,774.8,56.0,murcia,recurrente,154.95999999999998
0d27a4f9-b290-403f-9c7c-e4159cbe2403,6,1064.35,25.0,granada,recurrente,177.39166666666665
0d2b0292-388b-4178-a28b-94f92fd56c63,5,582.13,32.0,madrid,recurrente,116.426
0d2ced60-bc48-4528-ac46-bba5b569aa11,10,810.24,18.0,granada,nuevo,81.024
0d3f488e-5f2f-4859-8e2b-2c2fa147c501,10,1296.01,33.0,bilbao,nuevo,129.601
0d44b7d1-9297-4b7b-a982-1024d2cee642,7,721.92,36.0,madrid,nuevo,103.13142857142857
0d454abe-6617-484e-8e88-ddf89883dd73,6,889.0799999999999,40.0,valencia,corporativo,148.17999999999998
0d472154-3830-485a-9b88-5471f61839be,7,480.09000000000003,50.0,barcelona,recurrente,68.58428571428571
0d4959e4-c4ba-4905-a9d2-fcfd6067758c,7,390.23,40.0,murcia,vip,55.74714285714286
0d49b225-b2e1-4ca4-94f3-6a436ef818a3,5,860.74,26.0,sevilla,recurrente,172.148
0d4fcb1a-915c-43ab-8cf4-1809fb63d24d,4,468.37,25.0,granada,corporativo,117.0925
0d5a9760-fb56-40ca-b67d-1d1551a8d03c,7,1058.0609000000002,32.0,granada,vip,151.15155714285717
0d5ffe05-569c-4f1b-9bf0-0a747c3fe326,9,1270.31,27.0,madrid,nuevo,141.14555555555555
0d643f96-baa1-41de-b645-9c17d4f4c3b0,7,1140.12,41.0,zaragoza,vip,162.8742857142857
0d65257c-23cf-42a1-a74a-1f10f7af282e,8,924.3809000000001,34.0,barcelona,nuevo,115.54761250000001
0d6de855-1518-4f49-81e0-38853dca1c65,6,421.81,51.0,barcelona,vip,70.30166666666666
0d73c3b9-faa2-4eb2-bf0b-1866ee6eaaa6,5,820.96,69.0,barcelona,nuevo,164.192
0d758229-0bcc-4378-b060-ebe53ed74044,2,94.72,18.0,sevilla,recurrente,47.36
0d773aad-543f-49a2-b45b-b9625c446b8d,7,692.76,22.0,bilbao,recurrente,98.96571428571428
0d881a44-b398-4170-a091-dc4f75a93d94,4,288.36,40.0,bilbao,recurrente,72.09
0d8d6ae9-7fca-43d7-b0da-d446787ce2ca,5,393.73,42.0,zaragoza,recurrente,78.74600000000001
0d9112f0-c884-4ba9-88ac-2403d2a4a760,4,240.64,24.0,valencia,vip,60.16
0d92c645-17ae-47b1-9ee1-1b099ee2aff3,10,1623.21,53.0,sevilla,recurrente,162.321
0d951ff9-b869-42f4-bdeb-c5e49c6a34bc,1,71.49,62.0,vigo,vip,71.49
0d957947-a88b-443b-824d-4d519cc0e065,5,818.76,40.0,vigo,recurrente,163.752
0d9a7bf5-03ea-40fe-91cb-ec5e7e8d0c22,2,92.66,24.0,vigo,nuevo,46.33
0da79a72-eb23-483d-9c4c-531a0028f612,11,934.57,77.0,valencia,recurrente,84.9609090909091
0dc1f339-f11d-421b-b90a-158d708beede,10,1374.8200000000002,68.0,bilbao,nuevo,137.48200000000003
0dc65201-2ae1-4508-a6d8-a741a24a9589,6,651.47,29.0,sevilla,corporativo,108.57833333333333
0dd76b11-d81d-4df7-8ef0-23dab7ccf86f,8,534.44,50.0,vigo,nuevo,66.805
0dda4b9f-4e76-4dfb-88b7-cb4b4aa4fc51,4,547.12,40.0,barcelona,nuevo,136.78
0dee02c0-27db-49d8-b4cf-d31bc7a8abbf,7,693.14,51.0,murcia,corporativo,99.02
0df352ab-fced-4b8d-a5ab-6341fc32f1c9,11,770.3800000000001,38.0,bilbao,vip,70.03454545454547
0df5d136-5b71-45ae-8535-ae2507ea97f4,2,408.56,18.0,malaga,recurrente,204.28
0df6620c-0868-47ad-a4fa-8a56fa7c2930,12,936.49,40.0,vigo,recurrente,78.04083333333334
0df7b6d4-fff4-4423-a954-18102fff7469,4,112.35,39.0,granada,nuevo,28.0875
0e08f87c-c052-4a9f-9e08-58d18b7720a2,2,84.77,47.0,madrid,recurrente,42.385
0e11d1ce-365d-43f3-b0b9-f89fc3d99d6f,7,540.77,22.0,sevilla,nuevo,77.25285714285714
0e2404f7-b665-4a5b-bb75-6055ebc08a16,2,190.82,41.0,zaragoza,recurrente,95.41
0e264ad6-5620-4dc4-bf32-2b63698c2820,3,545.46,40.0,malaga,recurrente,181.82000000000002
0e360364-45b0-4e2b-ba37-0be89ae7579a,8,693.23,40.0,malaga,nuevo,86.65375
0e4820f9-abb4-4b45-80fe-40af4aa46ee5,7,695.19,54.0,barcelona,recurrente,99.31285714285715
0e5acc69-2a5c-4845-9c55-f99c71d21fc5,3,138.96,44.0,sevilla,corporativo,46.32
0e6ca73d-d2e7-4131-9f58-d537a3e8aa32,8,600.88,73.0,granada,nuevo,75.11
0e6d7019-b396-41ec-8238-c69c47c3dc64,7,801.53,48.0,zaragoza,nuevo,114.50428571428571
0e71961d-c8e0-405e-b11b-59b419ca6856,4,312.35,34.0,zaragoza,corporativo,78.0875
0e740444-ff45-4054-8ba9-78d34d820d61,4,187.39,46.0,bilbao,nuevo,46.8475
0e75fda2-dff8-4dcf-ab94-54bdd27ebf80,5,420.07,37.0,valencia,vip,84.014
0e88931a-db43-4223-8350-3491f26302ae,7,434.85,31.0,murcia,recurrente,62.121428571428574
0e9e0b9f-eb99-43be-bf2e-60b09d56c087,9,913.61,40.0,granada,nuevo,101.51222222222222
0e9fb719-50cc-4de7-a2ff-e77410dc1f87,7,772.77,44.0,madrid,nuevo,110.39571428571428
0ea09c2b-f3a9-4bd5-a3a9-3ad9983914ff,3,414.1,33.0,barcelona,recurrente,138.03333333333333
0ea555b4-c624-4c85-938e-9ae07b1b1d83,7,447.1,18.0,murcia,recurrente,63.871428571428574
0eb22433-12a4-40fa-94c5-e3cf0e0179ee,7,437.0,40.0,barcelona,recurrente,62.42857142857143
0eb32f6b-d2a2-4f1a-a26c-a6aaa03e0060,8,1099.22,22.0,vigo,nuevo,137.4025
0ed99a2b-e985-4e10-b77b-99c846c913fd,3,139.26,36.0,murcia,recurrente,46.419999999999995
0edae8df-9e65-412b-975c-4a5cdebf9c6a,6,1221.4509000000003,41.0,granada,recurrente,203.57515000000004
0efd950c-0ac5-4678-9c12-f1d672b2fd26,6,793.89,40.0,valencia,recurrente,132.315
0f0bf5af-ee6b-48da-9a58-cdec42f22a0e,4,383.14000000000004,19.0,sevilla,recurrente,95.78500000000001
0f14d6ee-e853-448f-a20f-d6c933956321,5,591.69,38.0,bilbao,recurrente,118.33800000000001
0f17f1ea-8f8d-467d-99d4-8f82cdc2793d,7,455.81,35.0,madrid,nuevo,65.11571428571429
0f188ad6-e762-491a-8a0f-99990845dc02,4,483.64,47.0,malaga,recurrente,120.91
0f193e9a-ef87-452f-a3ce-f676d24b0379,7,768.99,33.0,malaga,recurrente,109.85571428571428
0f2501e4-215d-4449-8b44-a8bf1a773850,9,1291.54,29.0,bilbao,recurrente,143.50444444444443
0f287f49-b966-4c11-9d20-14d13d603abe,5,368.40999999999997,49.0,bilbao,vip,73.68199999999999
0f28e4a9-6cda-405c-a3e5-8b854d01c8e6,8,642.8,50.0,sevilla,corporativo,80.35
0f299501-51e7-4313-94d0-2f385a6c8e70,5,509.44,58.0,barcelona,recurrente,101.888
0f397b29-4e0c-498e-8a5d-0695ae7caeb9,4,828.9409000000002,35.0,vigo,recurrente,207.23522500000004
0f3eac0b-4584-4f9c-9f0b-3200d2f6b7ec,6,657.62,53.0,bilbao,corporativo,109.60333333333334
0f41cc98-ae48-4a5b-9e5e-86a17d3a9d11,10,666.13,43.0,sevilla,corporativo,66.613
0f4308ea-cc68-4848-a93a-d422b02cf649,6,803.67,43.0,malaga,nuevo,133.945
0f5765e0-f00f-4d6a-a198-c61e04d2c6ca,6,306.97,54.0,vigo,recurrente,51.16166666666667
0f58f125-e34c-4578-9972-a75913d9441b,7,726.6600000000001,43.0,granada,nuevo,103.80857142857144
0f5c9ec2-d89b-42cc-a243-3dbb67eb5275,6,729.11,27.0,murcia,corporativo,121.51833333333333
0f64eab8-daad-4785-8a5a-114d0c5cf658,10,843.94,54.0,malaga,nuevo,84.394
0f68e48c-7867-43d4-aae5-41e0cc6d46ff,3,355.03,36.0,bilbao,vip,118.34333333333332
0f7163b1-6a6b-4b7f-8f09-2d39cd8c9159,3,315.16999999999996,28.0,valencia,nuevo,105.05666666666666
0f79326e-29e3-474f-9067-1316ba3d0f0d,5,759.14,23.0,granada,recurrente,151.828
0f832322-0fe0-423d-bfec-93825aa79b95,3,247.51,33.0,zaragoza,corporativo,82.50333333333333
0fa3d06d-adac-43ae-a761-24dac722468f,7,1658.9909000000002,23.0,granada,vip,236.99870000000004
0fa4b517-d22d-407b-b550-511a3c8efdae,3,233.57,34.0,sevilla,recurrente,77.85666666666667
0fb36c8e-4c9f-4d23-87c2-802a9fe33ce7,6,1010.2009000000002,40.0,malaga,recurrente,168.3668166666667
0fc66b5b-44d1-4033-90e1-9c4840431b52,8,518.5799999999999,37.0,vigo,corporativo,64.82249999999999
0fd5c3a3-a39f-4ae5-8d5b-7ee17b8a0996,5,471.37,62.0,vigo,nuevo,94.274
0fdf0cae-4686-44d3-8e39-d717d0e610c5,5,779.65,34.0,bilbao,vip,155.93
0ff3c4ca-0751-4d00-8bea-20e701222483,5,348.7,18.0,zaragoza,nuevo,69.74
0fff813f-12c6-4cec-9ad9-08569a87e447,10,1042.66,37.0,murcia,recurrente,104.266
100b48c9-32c9-446d-963e-1ea35cb9269f,5,509.51,43.0,barcelona,nuevo,101.902
101ac749-7136-40cf-82e3-3604d40d9a48,4,310.6,46.0,malaga,recurrente,77.65
101bf72f-18df-47b7-9026-09d379dff4f2,5,419.4,18.0,murcia,vip,83.88
1030a3bc-1044-403e-8113-79124f24f01d,5,782.8,18.0,granada,nuevo,156.56
1037a99d-e916-4cb0-b254-b99104fb795b,8,827.51,44.0,murcia,recurrente,103.43875
1043da60-265a-4bc8-9fad-f549ef65c1da,5,777.46,59.0,valencia,nuevo,155.49200000000002
1048d716-cfcb-4f8f-b3d6-b2e16bc28fd4,4,773.25,39.0,barcelona,recurrente,193.3125
1049b3b4-56f2-4392-a634-789031c2549f,8,874.8399999999999,20.0,murcia,recurrente,109.35499999999999
10509d8d-f69b-4796-8dd5-d502ee43707e,10,784.95,52.0,sevilla,nuevo,78.495
10523a96-0084-4ec3-831e-8764198507c6,10,914.96,59.0,valencia,vip,91.49600000000001
1053344f-cc2b-42f2-b0f0-bf00568b1f7d,5,324.19,23.0,bilbao,recurrente,64.838
10631363-6d1e-470c-8d45-4c8472265180,7,837.5600000000001,26.0,murcia,nuevo,119.65142857142858
1064caec-190c-4f3f-b973-ef030f03ac7d,5,416.25,18.0,murcia,corporativo,83.25
106c3c2a-5cee-4d25-9519-4240e4ee0e81,3,244.6,29.0,vigo,recurrente,81.53333333333333
106ded39-6171-45bb-bf93-eb6afa697a70,7,817.22,19.0,barcelona,vip,116.74571428571429
1074ef05-8cda-485b-891d-dad14a8e8d25,4,344.44,45.0,murcia,recurrente,86.11
108a033c-a07f-41ef-b7d0-6139033a90bc,7,811.51,40.0,barcelona,recurrente,115.92999999999999
108f5fb5-6838-4036-afbe-42c2cf1824bb,12,833.75,22.0,valencia,nuevo,69.47916666666667
10915c85-6154-4dfb-9b03-960912eb9dbb,6,429.85,21.0,murcia,nuevo,71.64166666666667
109839f5-8a50-4209-9cf1-c66f6fd2bce5,6,748.14,50.0,murcia,recurrente,124.69
10999fc9-300e-484a-a821-52f154fb8642,3,587.0799999999999,40.0,vigo,nuevo,195.6933333333333
10a32a57-8294-4628-a7e9-69373d2a786a,10,644.3299999999999,52.0,vigo,recurrente,64.43299999999999
10a7c932-2e34-4a1e-8872-31413fe8e3c7,5,517.83,66.0,malaga,recurrente,103.566
10ac0768-9e5a-4dbc-9ad2-5d10f94d93f5,3,267.65999999999997,50.0,malaga,recurrente,89.21999999999998
10b1d319-d9e5-4de3-afc3-61bff4505e80,5,622.58,29.0,bilbao,recurrente,124.516
10d56c20-d5a6-4211-83cd-f1c9fc61d27f,12,1142.8509000000001,43.0,malaga,recurrente,95.237575
10d6e7df-0b26-477f-8e91-b9fbaca868df,2,153.49,40.0,valencia,recurrente,76.745
10dc1331-907e-4e8d-ad26-d0a61cf73ba3,7,761.29,31.0,bilbao,corporativo,108.75571428571428
10dfb1d0-7fc7-4ec5-91e4-d480460a783a,6,869.42,27.0,barcelona,nuevo,144.90333333333334
10e299d6-1a9c-41fb-8d25-d06d7eaac133,5,488.2,59.0,sevilla,recurrente,97.64
10e578ae-8f91-4053-838d-8552faf2b1e8,9,724.5799999999999,23.0,murcia,recurrente,80.50888888888888
10e721be-c341-4e68-9fd2-d001c9897b95,7,695.36,38.0,bilbao,vip,99.33714285714287
10eb621f-3962-4ef2-b5b4-126246c7827e,2,170.65,59.0,murcia,vip,85.325
10fb0472-ef4b-4a81-962c-c3ea53e05dea,7,575.6,68.0,vigo,recurrente,82.22857142857143
10fbe11d-48ea-48df-85b5-cf5fc98b40de,6,839.02,24.0,valencia,nuevo,139.83666666666667
10fe50c1-6530-48ae-91c8-6f7455625306,9,994.83,56.0,madrid,nuevo,110.53666666666668
10fefb1e-b717-4e8a-92ab-3e6a059ce329,6,472.83,24.0,barcelona,recurrente,78.80499999999999
10ff5c1b-b081-4c07-b525-6157a4b46c15,4,355.84000000000003,42.0,barcelona,recurrente,88.96000000000001
110e5aca-f5dd-482f-8aeb-38b6fe9807dc,9,1595.15,18.0,madrid,nuevo,177.2388888888889
112174a5-9ee0-448e-9362-8a76275a014a,4,311.89000000000004,65.0,bilbao,recurrente,77.97250000000001
112e1101-50db-419d-91fe-95d2f32e4a77,4,265.55,25.0,vigo,recurrente,66.3875
11354b1d-e972-42a2-a09f-3c1da35210e2,6,373.0,36.0,zaragoza,nuevo,62.166666666666664
1154b7ac-736a-4998-94e9-11b1f2aeb028,3,85.68,27.0,malaga,recurrente,28.560000000000002
1159b1ea-ae8a-4956-8d00-5dcc1d983543,3,288.26,18.0,murcia,nuevo,96.08666666666666
115c0a66-d21c-45b0-a5dd-20ac229cee38,5,670.55,40.0,madrid,corporativo,134.10999999999999
115d7753-bde8-4da1-b1fd-27ebad9615d4,8,366.03,39.0,malaga,recurrente,45.75375
1171f226-cf0f-44eb-a3d1-7b3d83c3149e,6,649.65,40.0,madrid,recurrente,108.27499999999999
11736a0d-c333-4f0d-8d1c-049f22f4d523,9,1332.5700000000002,46.0,bilbao,nuevo,148.06333333333336
117b5753-9843-49bd-899f-056601a6221e,6,630.97,66.0,barcelona,corporativo,105.16166666666668
1184b843-29d0-4d1c-b6a4-26aec10fc1a1,6,611.0,51.0,madrid,vip,101.83333333333333
1186eddd-47e2-4b65-9a3d-8d78e533f820,7,1049.79,18.0,sevilla,vip,149.97
118eadf8-6e10-4888-908c-404b47f0737e,11,856.78,26.0,madrid,corporativo,77.88909090909091
118f2b2e-8c12-47f9-bcf4-8af3b01ca166,9,563.87,54.0,barcelona,nuevo,62.65222222222222
1190b86f-ced9-4ece-9c41-e4067b9ca297,9,736.86,45.0,valencia,nuevo,81.87333333333333
119d477e-2e8e-4ca4-8ba2-3ab0326c0f1a,7,526.79,18.0,madrid,recurrente,75.25571428571428
11a4d10b-6daf-47aa-ac72-b8ffbea98b86,6,1030.46,39.0,murcia,corporativo,171.74333333333334
11a9f4bb-8722-4089-b320-b37ed4adaeb6,7,907.74,34.0,bilbao,recurrente,129.67714285714285
11c23746-6e94-4cbe-b7a2-af77514f60ec,2,320.78999999999996,41.0,zaragoza,corporativo,160.39499999999998
11d0c273-b306-4e8c-91df-364ad6283348,4,321.7,41.0,zaragoza,corporativo,80.425
11dc882f-fa2b-4e3f-9dae-aa3f191a201d,9,1191.97,32.0,sevilla,recurrente,132.44111111111113
11df46a3-8e59-49a7-8c7d-faa24ef31c50,4,313.27,42.0,sevilla,recurrente,78.3175
11e46cd8-5af4-4eb2-9947-4aa37edfa0cf,6,310.65999999999997,35.0,murcia,vip,51.776666666666664
11e51a78-b2bb-4c3b-87b7-9149cad7ffe1,4,560.8199999999999,47.0,bilbao,nuevo,140.20499999999998
11f2b5ce-ff54-41de-9367-899eb69e6c6c,9,824.1899999999999,55.0,sevilla,nuevo,91.57666666666665
11f2f9b3-9e5b-462a-93d6-72c05c264259,6,532.31,55.0,madrid,recurrente,88.71833333333332
12043508-08cd-40ce-8fe2-2270685c1136,6,753.64,37.0,sevilla,corporativo,125.60666666666667
1207bca2-3cf6-4c6a-9bf8-04383079f338,8,804.0400000000001,43.0,bilbao,vip,100.50500000000001
120870b5-d630-4b9d-b2a7-188ea6b70e3f,5,1652.92,56.0,bilbao,nuevo,330.584
12139eb3-2e98-47e3-8e49-c01d17408710,8,667.22,58.0,murcia,recurrente,83.4025
12165c8b-e87b-4452-8229-8e935d58544f,5,767.95,34.0,madrid,vip,153.59
12184814-3366-423d-9d60-c1c66dfec475,9,1168.49,47.0,valencia,corporativo,129.8322222222222
1218b540-3bd9-4ace-8666-4fe101ddaba1,5,265.38,36.0,bilbao,nuevo,53.076
123129b4-8079-4e08-9ce0-d6b117e54b16,4,194.76,40.0,granada,nuevo,48.69
12377deb-8aca-4480-9395-ce5f7ad61367,8,899.46,18.0,barcelona,nuevo,112.4325
12387e18-f063-4598-b67c-3b1a2141a238,6,356.97,51.0,vigo,nuevo,59.495000000000005
123d0d8b-0bfb-42e6-b984-09ef0385c027,4,249.06,32.0,murcia,vip,62.265
124f7343-8ef4-4670-97f3-d7727f0de4d5,9,1020.49,22.0,bilbao,nuevo,113.38777777777779
125ecbc0-8be0-4dba-9dcb-422aa63dcd67,5,438.96999999999997,35.0,sevilla,nuevo,87.794
127e79ed-d8e4-42e6-8c4d-586b561b8fb5,9,616.86,63.0,malaga,recurrente,68.54
127f41ee-0d6d-452e-8e2d-db6645bd5530,2,118.91,36.0,madrid,nuevo,59.455
12815434-cff8-4cb9-8ce9-497bb14ab134,11,1124.79,44.0,valencia,recurrente,102.25363636363636
1285b880-9d3b-4068-99f9-04bfedae71de,3,93.56,41.0,malaga,recurrente,31.186666666666667
12868e70-7963-43f0-b39e-3c890fea2c70,8,789.69,22.0,malaga,recurrente,98.71125
12961c79-51fd-4aaf-b284-49dbb2f12ade,9,1384.13,41.0,valencia,vip,153.79222222222222
1296ed26-4d62-4f61-a28c-84ac5989a27d,5,568.6800000000001,32.0,murcia,recurrente,113.73600000000002
12af0e83-3eee-44b3-874f-cb46dea53a7b,13,825.23,43.0,zaragoza,nuevo,63.47923076923077
12b6a5c3-c7c1-44e5-92eb-5922a2835af5,5,466.05,39.0,murcia,nuevo,93.21000000000001
12b82733-173b-47b8-ab8e-84abab734e3f,6,653.37,37.0,valencia,recurrente,108.895
12be4a3e-10d8-4653-adaf-1b2fd967642d,11,1228.93,18.0,valencia,recurrente,111.7209090909091
12c36b3f-7aa2-4be8-af49-e5d5263f44c4,15,1249.64,37.0,vigo,vip,83.30933333333334
12c5d1bf-358a-4fda-96e0-95be5e9451bd,9,673.13,61.0,murcia,recurrente,74.79222222222222
12d683fc-046f-415a-acad-2e5281cc623f,4,681.69,51.0,malaga,recurrente,170.4225
12dc05ea-d77d-4ea1-8c74-1ce1c8d0eecc,9,1315.72,35.0,murcia,corporativo,146.19111111111113
12e7f77f-dd94-4fdc-935c-a3540713fd64,3,776.4409000000002,46.0,zaragoza,nuevo,258.81363333333337
12ef491f-3917-49e0-9a97-8c8843c6b5b6,13,1021.77,47.0,sevilla,vip,78.59769230769231
12f7c55f-ea80-41d3-86ff-8a1ba473b27d,7,553.33,42.0,murcia,recurrente,79.04714285714286
1304338a-b413-433c-b38f-26a7bb374297,2,130.56,50.0,madrid,recurrente,65.28
130a2a01-9b45-44d4-8c0a-f44884a83290,11,1292.9,19.0,granada,recurrente,117.53636363636365
1321561c-244b-4bd1-ad27-1df9bc386baa,13,925.51,42.0,murcia,nuevo,71.19307692307692
132192e9-3d35-42de-a1ea-bd81e3b81b59,3,347.32,70.0,murcia,nuevo,115.77333333333333
1321ffcf-7770-4365-8f24-6e66598b17d5,7,441.78999999999996,30.0,bilbao,recurrente,63.11285714285714
1326b1e2-f599-45f6-82c2-cfd8ec048abd,9,676.25,40.0,vigo,nuevo,75.13888888888889
1327257e-267f-4259-ba62-9291e176c97c,10,696.75,26.0,zaragoza,recurrente,69.675
13292a26-ac71-4691-ba63-ce550880162d,6,1031.2,28.0,malaga,nuevo,171.86666666666667
132c4828-58ce-43b9-9964-00e67ef5db67,9,1193.26,35.0,valencia,recurrente,132.58444444444444
132df9ca-184a-4a4a-949a-75dd7b1f0a2b,5,506.34,35.0,zaragoza,recurrente,101.268
13311cc3-c046-4159-95d3-116c24e323be,6,479.97999999999996,36.0,bilbao,nuevo,79.99666666666666
133e3270-af03-4be0-af05-d719b0750c9b,8,681.18,39.0,bilbao,recurrente,85.1475
1344860d-e0a7-4a11-aa9c-14a051427023,3,204.88,28.0,zaragoza,recurrente,68.29333333333334
1348286e-3d6c-4249-b26e-c271d4fec05a,5,879.05,37.0,malaga,recurrente,175.81
134cbf10-f9da-46bc-8958-8692cd55a41d,7,793.87,40.0,bilbao,nuevo,113.41
134ce7aa-0cec-44b1-ae75-c1802ac80ab0,4,520.12,38.0,bilbao,nuevo,130.03
134dcd21-4914-4bb2-934c-e6285d85c840,2,341.38,50.0,sevilla,recurrente,170.69
135487d1-b46c-4fcc-90f0-f36f343f0330,7,744.05,53.0,zaragoza,recurrente,106.29285714285713
13564cfa-718e-4a50-9748-9d7429e6ff5f,6,229.01999999999998,42.0,sevilla,vip,38.169999999999995
13604701-39f0-4205-971c-53fcffc6577a,4,402.57,65.0,vigo,recurrente,100.6425
136463ca-a654-43cc-a482-c5147755af21,6,675.79,50.0,valencia,recurrente,112.63166666666666
136834f9-18d6-4ae3-81da-af9af837c318,7,650.26,53.0,malaga,nuevo,92.89428571428572
137c286c-47c6-4b57-be5f-47b0ed4837f0,7,522.96,48.0,murcia,recurrente,74.70857142857143
1383c431-f4e0-4a14-b3c6-5bec4df88ae7,7,670.74,53.0,valencia,recurrente,95.82000000000001
138a34dc-7322-4049-9dcd-92f7fc47bbf1,9,971.21,18.0,granada,vip,107.91222222222223
138fad45-6689-4b06-a66e-0a8a0a92f3b9,4,213.79,33.0,bilbao,nuevo,53.4475
13a1d315-5496-4d88-8f5a-29267ff85ac3,11,1623.25,53.0,murcia,nuevo,147.5681818181818
13a31f73-9183-4c90-a775-84696e325c8f,7,450.34,32.0,murcia,recurrente,64.33428571428571
13a4f9ea-9bee-4941-bdc2-268448c1f8b8,9,816.56,35.0,vigo,nuevo,90.72888888888889
13adf5c1-872d-42e0-ac95-c164a8093748,6,429.62,44.0,malaga,recurrente,71.60333333333334
13c70bf9-595d-4339-bf15-9e7e44b9314b,9,1220.72,36.0,malaga,recurrente,135.63555555555556
13cd0ec6-9dfb-44cf-9118-41ff4c1fe516,6,545.71,36.0,malaga,recurrente,90.95166666666667
13d58906-f95d-43e2-ae01-fab39bbc1750,5,574.95,46.0,murcia,recurrente,114.99000000000001
13d5ae97-4d2c-44ae-9176-cd70082eba2a,8,864.22,33.0,bilbao,corporativo,108.0275
13dfc949-c4e4-4f9e-80db-9cde50147169,8,937.26,44.0,vigo,corporativo,117.1575
13e5915b-0eeb-4a8d-8dc6-8545155a6e8e,11,1054.19,39.0,malaga,recurrente,95.83545454545455
13fa0e0e-b8b9-4ad2-bfe8-3c268b12f757,4,523.86,63.0,malaga,recurrente,130.965
140f2b01-1edf-452e-8b08-349454ba5478,7,472.79,29.0,granada,recurrente,67.54142857142857
141ff784-415a-4f79-bb1d-b314f7556fe0,3,378.49,45.0,madrid,nuevo,126.16333333333334
14257af9-b317-412a-8d11-df609d751ee6,6,416.73,42.0,valencia,nuevo,69.455
1428012a-d28e-422d-8e81-83d076c124d0,4,328.7,39.0,barcelona,corporativo,82.175
14305f65-4324-4e43-bef3-126ee46710db,11,1431.8309000000002,31.0,zaragoza,vip,130.16644545454548
1440d5a0-5114-4e45-a281-3e1718820d8e,8,1209.06,18.0,madrid,recurrente,151.1325
14505c5f-5453-4eeb-9240-a34f6b80bfbc,4,223.61,49.0,vigo,nuevo,55.9025
145819ca-c84f-460b-9cab-be36305569af,1,73.0,20.0,bilbao,nuevo,73.0
1459d4f2-2f9d-4517-aa00-3dc28eef8493,6,638.05,36.0,barcelona,nuevo,106.34166666666665
14631b72-5d9c-45e6-a2ae-520945d79f75,6,433.17,61.0,vigo,recurrente,72.19500000000001
146396c3-36f7-4874-9c52-c0c3c04fb7b5,4,406.55,41.0,madrid,recurrente,101.6375
146d295b-17c3-43ef-a8eb-8b2383642e25,5,219.54,37.0,valencia,recurrente,43.908
147021e4-d058-4cb7-8d59-d506e706e60c,7,549.01,41.0,bilbao,recurrente,78.42999999999999
147146d9-7342-47fa-a9ac-a7c8b8cb81d6,8,547.41,18.0,malaga,recurrente,68.42625
147248fd-8368-4a23-a7e5-ba755c21df8b,9,1499.9099999999999,40.0,granada,nuevo,166.65666666666664
1479adab-df21-49dd-ac45-dd8608a635a5,9,668.88,18.0,vigo,corporativo,74.32
147d21d7-94dc-4a81-94fd-f91941ea6230,8,1143.85,30.0,malaga,vip,142.98125
1483182d-9efd-4026-9206-b1761bae36af,8,819.23,41.0,madrid,vip,102.40375
14874043-d41e-4695-a17b-2fa7dece5591,8,658.91,27.0,murcia,nuevo,82.36375
1499c1f8-faf3-4ec1-a155-b993e488423e,5,286.16999999999996,42.0,murcia,nuevo,57.233999999999995
149a62ea-d7ba-4270-bf4c-fb60bf232e44,3,51.760000000000005,25.0,madrid,recurrente,17.253333333333334
149e6a03-dda6-4dd1-8471-9a807d3c9015,5,300.28,41.0,barcelona,vip,60.056
14a17425-663c-450f-b05d-7831f807f201,8,499.13,34.0,bilbao,nuevo,62.39125
14ae2607-5785-4b12-863e-9605a66192f2,9,1141.09,26.0,barcelona,nuevo,126.78777777777776
14b432d1-3b34-4373-b736-9bb72d08e621,7,460.5,33.0,barcelona,vip,65.78571428571429
14c5f3fc-fc4d-4298-9135-87d17983f575,8,1249.56,41.0,barcelona,nuevo,156.195
14cd7a26-a4a3-472c-be3f-9ff4b4f0e5ca,10,1029.63,31.0,vigo,recurrente,102.96300000000001
14d07104-c68d-468b-880b-aa8b78558309,4,679.77,31.0,valencia,recurrente,169.9425
14dcd78e-2d28-4b31-89ea-9759df0fcaf3,12,1612.9009,25.0,murcia,recurrente,134.40840833333334
14eda005-6f6a-4903-a2fe-3d819c93356c,14,1300.85,24.0,granada,vip,92.91785714285713
14f2a186-57a6-42ba-bd38-132836b0ce75,3,178.5,41.0,zaragoza,recurrente,59.5
14f30ec9-c69a-4d16-87d3-5b05683c8dca,4,683.2109000000002,36.0,barcelona,recurrente,170.80272500000004
14f86246-1e2f-446a-861f-b366bf28e033,10,1506.09,48.0,valencia,vip,150.60899999999998
150946e8-093c-4b02-bd9e-15e0d00d0465,9,1213.8600000000001,53.0,sevilla,recurrente,134.87333333333333
150b712c-ecbf-4bad-8cf3-a9954a775df7,4,302.59000000000003,19.0,zaragoza,recurrente,75.64750000000001
1514bab1-8fbb-47f3-b4c0-106147923352,4,775.6199999999999,23.0,malaga,nuevo,193.90499999999997
1519040e-af0d-40fc-87af-3abac11b901a,12,922.12,38.0,zaragoza,nuevo,76.84333333333333
1555cd66-7c8e-4b28-a371-c0b675f8a4e7,4,245.83,30.0,granada,vip,61.4575
155e0c14-3eec-4500-9d00-3f97618da28b,9,808.18,18.0,bilbao,nuevo,89.79777777777777
15687b7a-eee8-416d-a140-4a0299a68495,7,604.73,40.0,sevilla,nuevo,86.39
15692ebe-f845-4d74-9f8e-655b1c3c6d29,5,758.62,43.0,barcelona,recurrente,151.724
156cdcd1-a59e-4027-941f-91c2b1b58642,8,1203.4709000000003,44.0,valencia,vip,150.43386250000003
157f6396-1970-4910-8be7-71c7aa0b5849,6,937.71,41.0,zaragoza,vip,156.285
1590b27d-05af-4a9f-a77b-0b5c21910b40,5,836.7,38.0,bilbao,recurrente,167.34
1592b173-9028-48c7-b474-2526c9622ce4,12,1324.2709000000002,21.0,zaragoza,recurrente,110.35590833333335
159f387c-c33f-490d-a41a-03f081e392ed,5,251.83,43.0,malaga,vip,50.366
15ac8b1b-9e8c-43a2-aca4-0b674f19942a,6,789.44,31.0,vigo,nuevo,131.57333333333335
15b088cf-25e0-4053-8f78-a028cbb6d37d,7,731.82,27.0,granada,corporativo,104.5457142857143
15cb7ce0-3d49-433f-8f4d-aa5acbcbf81e,7,396.52,50.0,bilbao,nuevo,56.645714285714284
15d5f3f3-79d8-4d72-9650-b401e6b7f472,11,936.26,37.0,barcelona,recurrente,85.11454545454545
15d622f8-70e1-45d7-92cb-562c739d75e4,8,592.88,30.0,zaragoza,nuevo,74.11
15dbe39e-7c8a-4463-86a8-148ee249f95f,5,593.77,25.0,granada,vip,118.75399999999999
15e078cd-4b90-41b9-bd11-6e92400ad5a0,5,854.01,45.0,vigo,recurrente,170.802
15e27ddb-661d-4f3b-ac07-c7df9f96fc3e,6,685.88,40.0,malaga,recurrente,114.31333333333333
15e52989-2bd5-4d09-84ba-6817e21f5901,6,569.02,40.0,bilbao,recurrente,94.83666666666666
15fbf9cc-0fba-4022-8d50-d23d7c2ad138,8,796.48,58.0,sevilla,recurrente,99.56
1608c089-ced7-4d88-8c7a-a9d9d3048daf,11,1274.86,39.0,valencia,recurrente,115.89636363636363
160af43e-29f4-4eb8-ac1c-74a144977942,3,238.32999999999998,48.0,barcelona,vip,79.44333333333333
160dbf14-94fd-4c03-ad06-beb03652b5be,7,393.73,34.0,sevilla,corporativo,56.24714285714286
160e7724-1fb7-4b88-a365-adcfd325ec0c,8,482.2,27.0,malaga,vip,60.275
1611752d-c90e-4c61-853b-2212b03eb12b,6,994.1400000000001,35.0,granada,nuevo,165.69000000000003
161b9f13-7b2c-4247-b183-6f7fcf994d39,3,287.06,47.0,malaga,nuevo,95.68666666666667
1626101b-4813-40b2-bee4-1a7d82ee37c7,4,174.94,43.0,granada,nuevo,43.735
1629c00d-47aa-42b1-8d8e-6ff61b06396b,5,294.67999999999995,50.0,bilbao,nuevo,58.93599999999999
16345f4a-c49a-4b23-b77d-58928d824465,2,105.06,53.0,zaragoza,corporativo,52.53
1635c451-7516-460c-94c5-8f028714b176,8,482.71999999999997,43.0,sevilla,nuevo,60.339999999999996
1637dbc7-7442-4139-94b4-65e91e946f58,7,411.13,40.0,barcelona,nuevo,58.73285714285714
163e5915-2882-46ab-b29d-0c0efe50abe3,5,445.79999999999995,36.0,barcelona,nuevo,89.16
16410b38-5c20-4f18-8534-686e03500ab8,1,42.36,27.0,malaga,recurrente,42.36
164253ec-fa86-4590-90ef-e6b962ae9c49,6,482.65999999999997,27.0,valencia,vip,80.44333333333333
164cdd3b-7a00-4dd4-bdcb-bd352950da40,6,742.86,45.0,sevilla,recurrente,123.81
164f3aa8-64f2-4977-ae71-273a39115948,6,372.06,41.0,sevilla,recurrente,62.01
16522616-8aa9-482c-a9af-e01aa32be73c,8,667.33,18.0,valencia,recurrente,83.41625
1654d0e2-74f9-4c6f-a3e5-46c3f5125db8,8,379.86,39.0,zaragoza,recurrente,47.4825
1655b921-1a3d-413c-9751-6591a9c8d085,6,405.51,34.0,granada,corporativo,67.585
165b3d0f-2ea2-48e1-906c-71ef6efaf0ac,9,1178.2809000000002,34.0,barcelona,recurrente,130.92010000000002
1660dda6-f592-4425-ab75-5e00fafdc541,1,97.87,53.0,granada,corporativo,97.87
1663662b-182a-4cf9-94d5-538d287ae18d,3,162.22,59.0,malaga,recurrente,54.07333333333333
166abaa2-0fb1-4aeb-abc4-e4b1706cd861,6,446.21000000000004,30.0,granada,nuevo,74.36833333333334
1675ba58-6ad1-4b0f-ab2b-15a27eed4ab6,11,1142.65,36.0,barcelona,recurrente,103.87727272727274
1677ba4e-ce21-4891-8434-d67252391328,3,88.52000000000001,57.0,malaga,nuevo,29.50666666666667
167d4b8d-4d40-4a2c-847c-9b91e76b9c74,10,1720.8118000000004,37.0,madrid,recurrente,172.08118000000005
168042d4-5b5d-405b-a2ec-89e13e8ae4a8,11,517.12,67.0,sevilla,nuevo,47.01090909090909
168a9aae-cd60-4931-a6dc-fad81545b08d,6,511.57,45.0,zaragoza,recurrente,85.26166666666667
16950256-9fbc-44fb-bf4b-5c38c3677b52,3,235.20000000000002,64.0,vigo,recurrente,78.4
16953cee-13df-4b71-beeb-20b7b52f0c7c,10,1146.37,61.0,bilbao,vip,114.63699999999999
169ba316-4b1e-4c48-a05e-643146998508,4,675.85,24.0,barcelona,recurrente,168.9625
169e29a3-1429-496b-9f2e-e6bf67f2274f,5,550.8100000000001,42.0,granada,recurrente,110.162
169f98a7-fa0a-45c7-aa5e-6672947509ce,7,253.38,40.0,barcelona,nuevo,36.19714285714286
16a990f1-2998-4537-aead-1da12f9e53a7,5,262.97,28.0,barcelona,recurrente,52.59400000000001
16b0d048-b028-4060-b056-5b7c0f2f3efe,8,1407.76,28.0,vigo,recurrente,175.97
16c5be1d-9822-4e27-bd93-8a9f4221abd4,3,234.97,41.0,valencia,nuevo,78.32333333333334
16ca5fab-ffaa-4dd6-9f5e-18fa6b1fb4b3,7,704.68,32.0,madrid,nuevo,100.66857142857143
16cb8765-7d23-4c28-bbb2-017bdecfbae2,7,589.92,40.0,malaga,recurrente,84.27428571428571
16cffc43-141b-42ee-80aa-7bc2e566b908,5,344.7,56.0,granada,recurrente,68.94
16d09154-45b1-43a4-b2f7-7bb09b680d1e,5,312.52,34.0,sevilla,nuevo,62.504
16e439ad-2790-4dec-b48e-bd61bfe03f85,7,512.9499999999999,42.0,zaragoza,recurrente,73.27857142857142
16ec0c81-9019-4e86-ac0e-17d4bc989347,8,744.03,32.0,malaga,vip,93.00375
16fd8016-1866-417e-bcb0-939cb40f22f2,4,366.67,21.0,barcelona,nuevo,91.6675
17005418-4454-447f-adf0-2031dec13e41,11,680.61,20.0,zaragoza,corporativo,61.873636363636365
17044ac8-f501-44bc-bcda-97b3434aa052,5,486.64,41.0,valencia,recurrente,97.328
171ee35b-b84a-4198-87b2-9045b05798f0,7,565.64,40.0,barcelona,vip,80.80571428571429
171f2e2c-61e4-4340-983d-ad5679bf352c,9,711.52,65.0,valencia,nuevo,79.05777777777777
172367b2-e730-4377-8b41-d8a7771ce497,4,345.46000000000004,27.0,murcia,recurrente,86.36500000000001
17332f6f-5ac4-464e-a5ca-fa5261704e7e,9,721.53,34.0,murcia,nuevo,80.17
1747b2f6-bc9c-42bd-a06a-5b937bc32c95,7,446.12,34.0,madrid,recurrente,63.73142857142857
17662b76-6733-4fb1-980f-3718fd98d30e,13,2318.2009000000003,38.0,zaragoza,nuevo,178.32314615384618
176c5d22-3a85-4e37-a665-f5c512934cbd,7,346.83,34.0,murcia,recurrente,49.54714285714285
178c7a10-21c7-4d36-af75-6fb5f49bd5af,8,618.09,39.0,malaga,recurrente,77.26125
1794721c-81b7-460a-9ccc-54e40224a851,7,424.1,46.0,madrid,nuevo,60.58571428571429
179a7e58-a4a2-4932-be93-c01124122ae2,9,1089.9409,32.0,madrid,vip,121.10454444444446
17a963f3-2a30-4fb5-a2e6-9aa8170fb81c,10,1119.5709000000002,48.0,valencia,recurrente,111.95709000000002
17aafbd6-efc8-4dcf-b529-aae2bab51683,10,910.56,47.0,bilbao,recurrente,91.056
17c6ad68-b314-444a-bbd2-9576cda0a43a,6,392.9,35.0,madrid,nuevo,65.48333333333333
17d182ce-4fc9-45d7-bdb1-a05d4df21447,12,893.97,19.0,barcelona,recurrente,74.4975
17d68c1a-5c67-4e8d-9401-be6f35693a1e,6,362.44,18.0,valencia,recurrente,60.406666666666666
17d8d003-461f-466a-bcc0-97989dcbcec4,8,417.7,30.0,malaga,vip,52.2125
17dd62af-7ffb-41fe-8eb7-c769d0d4bcea,8,630.35,31.0,bilbao,vip,78.79375
17ec8195-fbb0-4521-ad85-38ac0e3f4985,5,539.2,47.0,sevilla,nuevo,107.84
17f44af0-52ba-4ccd-a27b-1b67dca09164,6,1088.1509,40.0,madrid,vip,181.35848333333334
18011f94-98fa-4793-b8d9-4d50e0aac3bb,11,985.75,52.0,malaga,recurrente,89.61363636363636
18026149-fbad-4a68-a66f-aa2b76ca103f,6,342.29,33.0,malaga,corporativo,57.04833333333334
180c29c4-7522-4227-bdc6-9fa4e4ff2614,5,206.89,32.0,valencia,vip,41.378
180fc79f-735e-4721-8049-f8362462f720,9,855.81,28.0,zaragoza,nuevo,95.08999999999999
181750a4-db9c-422e-83cd-e2fe5d7693d4,6,576.78,40.0,barcelona,nuevo,96.13
1825edcf-abf8-4f8d-9a64-c4074ca2fbbd,8,398.72,40.0,zaragoza,nuevo,49.84
18398605-58e7-4408-bebb-fa12d75044e9,7,684.36,18.0,valencia,vip,97.76571428571428
18465d92-87d8-4b7c-a306-20478f33b3d7,7,1066.95,37.0,barcelona,recurrente,152.42142857142858
184d609a-4907-47f1-a899-ef28362a4522,6,793.6609000000002,41.0,sevilla,nuevo,132.2768166666667
184eaf91-cc96-4c45-9c98-ee01c176daa9,5,431.47,47.0,sevilla,recurrente,86.29400000000001
1850d1e4-f81d-4580-b2f5-e067a9b5391a,6,737.77,26.0,sevilla,corporativo,122.96166666666666
185d070d-533c-454e-9b8d-e2a93f22f9c9,5,520.5699999999999,40.0,bilbao,nuevo,104.11399999999999
18641e9c-3091-48e9-92a0-22e94e89cace,7,470.0,58.0,valencia,vip,67.14285714285714
1868e461-11aa-4dc5-b6dc-0b682e8a71db,8,452.73,28.0,murcia,recurrente,56.59125
186d405c-1cda-45db-80a2-3b06ec86e940,10,1256.1709,70.0,malaga,recurrente,125.61709
186d6c02-6d0e-4611-9b05-2291eceeb1bb,6,734.7,53.0,bilbao,recurrente,122.45
1870d9c4-b0d3-4d1d-a9d4-87da9faf1489,8,1178.36,25.0,bilbao,nuevo,147.295
1879e573-7ac2-496f-a440-f212aa041b9d,9,737.93,33.0,madrid,vip,81.99222222222221
187d44dc-450e-4f2e-b6e7-148499e438ef,7,503.61,51.0,murcia,nuevo,71.94428571428571
188cbc1f-77f4-4d5b-be21-b413b868c38a,9,1001.8100000000001,22.0,zaragoza,recurrente,111.31222222222223
18901e6b-a84a-4970-a363-714ca86a7095,4,169.12,36.0,murcia,vip,42.28
1898a17a-b104-4639-a63d-c8153510fa16,5,428.25,40.0,malaga,nuevo,85.65
189b92fe-2f27-47f3-8842-ca43250dd660,11,1028.58,31.0,barcelona,recurrente,93.50727272727272
18aeb531-9ee3-4338-adf7-18ec142c7edf,2,74.93,38.0,sevilla,recurrente,37.465
18b022e4-52bf-4f67-98ea-ee31c1aa5e2b,7,729.09,41.0,malaga,recurrente,104.1557142857143
18c9d209-0a0f-47b4-8f9b-63cbd84aa768,6,598.01,22.0,valencia,recurrente,99.66833333333334
18ca725b-9557-4d2b-8279-8c3b7869caf7,5,192.75,38.0,sevilla,recurrente,38.55
18cc7935-af7e-4753-86a2-f5b7a8231e2d,6,391.23,54.0,zaragoza,nuevo,65.205
18d77deb-51e7-4b22-abd3-68acd1f975e1,7,975.4300000000001,48.0,bilbao,corporativo,139.34714285714287
18db0829-a4c8-44a4-b11e-b078740dc6df,7,744.16,58.0,granada,recurrente,106.30857142857143
18de0979-1a7d-4a97-8883-7302b1bf7103,7,700.9,27.0,bilbao,recurrente,100.12857142857142
18e125d9-27a9-4ba3-9eff-9b08962bad62,10,1362.6609,27.0,granada,recurrente,136.26609000000002
18e5bff6-d656-4965-9907-d16f21f2e1b9,7,772.76,46.0,sevilla,recurrente,110.39428571428572
18f891c5-d851-46b2-97ac-7c05ae0569f9,9,1202.9,55.0,zaragoza,recurrente,133.65555555555557
18f8ac42-6f6a-4bff-9900-273caf779724,7,761.2209000000001,49.0,malaga,recurrente,108.74584285714288
190b068b-09da-4158-82cb-fb00d0f014a7,7,355.25,54.0,zaragoza,nuevo,50.75
191644b8-ada1-4731-823e-eabd5cfebfe4,5,1154.9009,39.0,zaragoza,vip,230.98018000000002
192e8610-71cc-488d-88f7-c0c751ba530c,7,536.3299999999999,54.0,madrid,nuevo,76.61857142857141
19459864-8c31-4065-bf4a-9874de858856,7,988.0509000000002,44.0,murcia,nuevo,141.1501285714286
195e8d34-a444-4dec-b06d-19dc054e90bd,8,1012.6999999999999,43.0,sevilla,recurrente,126.58749999999999
1968c3dd-654e-4ceb-b174-3f34d3a1d2f9,7,943.12,40.0,bilbao,corporativo,134.73142857142858
196edb80-b5e0-46f1-b762-c67e4091a1c0,2,299.55,40.0,zaragoza,recurrente,149.775
1975e94d-dce3-4a44-a7d0-dd95b3a6d9fc,9,1579.1,40.0,sevilla,recurrente,175.45555555555555
1977c14d-ec7c-40ed-a4b6-e6093ec5ec36,3,86.03,18.0,madrid,nuevo,28.676666666666666
19802ca2-c0bb-4050-829a-36c32533e282,1,56.17,30.0,bilbao,recurrente,56.17
19851348-7d35-41dd-a28e-af3f96978234,9,938.02,41.0,madrid,corporativo,104.22444444444444
1987ed2d-6f6e-4d48-a87a-ecafd91146b3,4,170.8,42.0,vigo,corporativo,42.7
19887b61-4056-4362-8e49-83b9a70334d3,7,753.37,43.0,madrid,nuevo,107.62428571428572
198bb04f-8148-4d4e-aece-6b3622fad458,5,472.45000000000005,32.0,zaragoza,corporativo,94.49000000000001
198fc32f-046d-4397-829d-425351e89b43,8,465.40999999999997,57.0,murcia,nuevo,58.176249999999996
199295f7-0d24-4290-b113-4b037fc71125,6,790.7309000000002,60.0,vigo,recurrente,131.78848333333337
19a21f7a-7312-4772-ab4f-b1e00d66cede,12,1203.1599999999999,52.0,zaragoza,nuevo,100.26333333333332
19a58758-ddf1-4dc8-997b-0a342e5c0281,9,1195.41,40.0,granada,recurrente,132.82333333333335
19b10e7e-b8c5-46d5-bb43-61d82aad4ba9,7,821.2209000000001,55.0,malaga,corporativo,117.31727142857144
19b59757-0b33-469b-a13b-5551446b22cd,7,681.38,39.0,sevilla,corporativo,97.34
19b7ed9e-9095-4750-af05-3ae3bb11b3b8,4,263.31,46.0,barcelona,nuevo,65.8275
19bf53a8-8eb0-4271-af3a-00804ae25aff,5,625.28,41.0,madrid,vip,125.056
19c65222-6ef6-4be6-b6d5-32a225f40e78,4,327.64,40.0,barcelona,vip,81.91
19dd38f5-f4b1-480d-84c3-6794af5b31a2,6,470.65,30.0,barcelona,recurrente,78.44166666666666
19dd93e2-5f9e-4175-9f2d-4ba53bcabd5d,9,913.53,53.0,vigo,nuevo,101.50333333333333
19e905bd-21c8-4a16-b93b-9c2897bb37a5,6,463.11,41.0,malaga,nuevo,77.185
19e93e87-6f4e-42c5-9621-141dc7c53ad7,8,806.41,40.0,valencia,vip,100.80125
19ea5dd2-a263-4cd8-b8df-1ac2f820dc51,8,491.74,40.0,madrid,vip,61.4675
19ec1be6-062b-4792-977a-6a5571dec667,6,237.77999999999997,40.0,malaga,recurrente,39.629999999999995
19f02864-e098-429a-99ca-41f129be451c,5,368.33,47.0,barcelona,recurrente,73.666
19f14816-f5af-4efa-97b1-5563b88bb605,5,855.29,39.0,granada,nuevo,171.058
19f6b252-8068-458f-83c6-2e69d385e4e7,9,861.01,48.0,bilbao,vip,95.66777777777777
19f95941-62b1-4407-b4ca-d7ef004d9916,4,673.3000000000001,41.0,vigo,vip,168.32500000000002
1a0148c0-6666-4758-a648-aaec76d2a145,8,547.27,56.0,zaragoza,recurrente,68.40875
1a0c46dd-0085-46c4-8c24-dda13696546f,10,753.41,35.0,zaragoza,recurrente,75.341
1a0ce773-40ef-4074-a74d-cc6d375b4158,6,758.21,33.0,zaragoza,vip,126.36833333333334
1a0d7512-db4c-4137-a48c-609babec89b7,8,708.02,45.0,bilbao,recurrente,88.5025
1a0f175a-7f40-4eb3-a4fe-503daafcb0dc,9,829.58,42.0,vigo,nuevo,92.17555555555556
1a104aea-4bcd-4d92-bc70-ad3871d8a0f8,7,884.3000000000001,33.0,vigo,nuevo,126.32857142857144
1a115139-000d-4422-8d53-8a28fec92238,6,604.25,33.0,barcelona,recurrente,100.70833333333333
1a1208fb-a266-45b3-a8af-f9786132bd42,4,510.8,28.0,bilbao,recurrente,127.7
1a160b4d-d62b-4251-8913-a7da03ea23c0,9,1270.02,42.0,vigo,vip,141.11333333333334
1a1b8fad-69b7-441b-88e4-6573b0d4c45a,4,230.19,27.0,madrid,recurrente,57.5475
1a2422c2-4d6b-451b-844e-2911583b71e9,4,267.73,36.0,granada,recurrente,66.9325
1a2a5378-0a7a-449d-b23b-b0919287ced9,7,391.68,44.0,madrid,recurrente,55.95428571428572
1a2a6654-e31a-429e-b810-bd1322fcde69,4,478.01,25.0,sevilla,nuevo,119.5025
1a2e3798-31e0-47e8-ae4e-bd2383559f74,6,590.9300000000001,39.0,vigo,vip,98.48833333333334
1a3f0c55-ba8c-4121-921f-aff04889ecef,6,653.2,40.0,vigo,nuevo,108.86666666666667
1a4d1c55-d009-42d0-bfa4-aa675ebc343d,7,586.5699999999999,32.0,sevilla,vip,83.79571428571428
1a50d5f2-8590-4bbf-9b10-81e9dec6781e,6,842.43,47.0,malaga,recurrente,140.405
1a644598-2613-4e5f-be47-6306553a7248,8,779.14,18.0,malaga,corporativo,97.3925
1a663d7a-23a6-4f8d-96db-734919b462eb,6,576.86,37.0,bilbao,nuevo,96.14333333333333
1a67fa9b-650e-4374-bf31-8170cf1b89e5,11,1111.48,48.0,vigo,corporativo,101.04363636363637
1a6fde80-91a8-4391-aecc-af528b31a4a5,3,369.92,34.0,malaga,recurrente,123.30666666666667
1a8202cf-d85e-4f7e-a065-df71060db776,8,1057.56,38.0,murcia,nuevo,132.195
1a93579d-4de7-4acc-85fa-e7ed23964579,9,513.1,56.0,valencia,nuevo,57.01111111111111
1a94a5a4-f7b4-4829-b969-ae8193c2b1d2,5,359.88,43.0,sevilla,nuevo,71.976
1a9602d1-63d7-44be-8e8c-bf1d6c3233b5,7,504.52000000000004,26.0,madrid,vip,72.07428571428572
1a97f34b-c360-44b8-8726-70553a44c06e,9,492.87,44.0,granada,vip,54.763333333333335
1ab40053-b276-4530-84ae-07064017a10c,5,530.36,29.0,granada,corporativo,106.072
1ab89dc1-5518-48ce-b37d-bd04007181c5,8,883.9000000000001,46.0,vigo,recurrente,110.48750000000001
1addfaa0-21fa-488c-a052-ab2dce863789,6,468.28,40.0,murcia,recurrente,78.04666666666667
1adf65ba-7065-494a-b5d4-b0199b55f95b,8,482.5,34.0,zaragoza,recurrente,60.3125
1af408f4-79e3-4519-9425-7e7ef582105c,5,258.13,39.0,murcia,vip,51.626
1af9900a-2d0f-451b-a8ac-b6bfde0f56c2,3,199.17000000000002,38.0,vigo,recurrente,66.39
1b1c7b38-fc0b-468d-bbbb-e77361f09401,4,702.3199999999999,18.0,zaragoza,recurrente,175.57999999999998
1b1e7e2b-3323-4ae8-ae23-fa60936c93c9,6,1183.11,55.0,vigo,nuevo,197.18499999999997
1b303c9e-1991-4227-aedc-2811255329ff,9,893.9200000000001,64.0,vigo,nuevo,99.32444444444445
1b32c9f4-939e-4201-9091-b8b98664a004,4,883.0609000000002,18.0,sevilla,nuevo,220.76522500000004
1b339a0e-da4a-4db5-8c50-106b55306c05,8,513.44,18.0,zaragoza,recurrente,64.18
1b3d1a21-86ea-42f8-8bec-dcf2d41dabc5,5,620.75,40.0,valencia,nuevo,124.15
1b42aecd-c6b3-4649-a875-02b87085871b,9,1064.33,40.0,bilbao,recurrente,118.25888888888888
1b4752aa-45ec-462f-b6a1-7ae2361bc580,11,861.21,47.0,granada,recurrente,78.29181818181819
1b4cc0e4-55e4-4017-8a0d-732347f756c9,5,315.53,45.0,malaga,recurrente,63.105999999999995
1b5a188b-624a-452a-ab79-0a7722d7ea42,4,192.44,52.0,granada,nuevo,48.11
1b5c5159-c45d-46cc-8083-3814446fa72d,7,578.76,27.0,valencia,recurrente,82.67999999999999
1b5e6471-3840-4c2b-8e07-bd52e7f74eba,6,946.09,38.0,bilbao,nuevo,157.68166666666667
1b610616-07a9-47ea-b09d-0fe7d0dbf879,7,833.3299999999999,80.0,granada,recurrente,119.04714285714284
1b6ec79b-9a74-4c90-a7a8-58d91f1defd3,7,631.0,18.0,sevilla,recurrente,90.14285714285714
1b6f642f-5132-4258-bdbd-0f21c5d6348b,3,463.81,41.0,barcelona,vip,154.60333333333332
1b70cfd6-7ded-4da7-86ea-5960d7d952cc,8,422.0,44.0,granada,nuevo,52.75
1b77adcb-05dc-4035-be43-bfe29f68a645,4,652.5909000000001,45.0,sevilla,recurrente,163.14772500000004
1b906144-9e9e-4fed-b483-f4c96e3f1832,8,997.3100000000001,57.0,murcia,recurrente,124.66375000000001
1b90f498-ae72-49f9-9d8a-8219f88228bc,6,781.3299999999999,54.0,zaragoza,corporativo,130.22166666666666
1b97f245-77fa-4c0b-bc81-5285f8c87c60,4,278.35,50.0,valencia,vip,69.5875
1b9ac4e0-f470-4a64-adab-a7b3d2b870a0,3,217.16,18.0,sevilla,recurrente,72.38666666666667
1ba188c0-529d-4395-b711-e6fed0119515,5,628.34,29.0,madrid,recurrente,125.668
1ba2435d-d1ed-4024-a187-9f04c2580da7,3,260.6,46.0,barcelona,nuevo,86.86666666666667
1ba91d45-db76-4539-a243-14cf7a694813,7,593.82,31.0,sevilla,vip,84.83142857142857
1bacbace-9f80-47d9-b241-1b601cc86f6d,4,226.05,43.0,granada,nuevo,56.5125
1bb6586c-c53d-4e02-956b-c16124b72771,6,537.52,39.0,valencia,recurrente,89.58666666666666
1bc03f27-63a5-4fbd-9461-b9726667db45,3,254.23000000000002,40.0,vigo,nuevo,84.74333333333334
1bc59c65-3ce9-455e-8d6e-339836ad5c0d,3,276.75,60.0,sevilla,nuevo,92.25
1bda01f5-0f1c-4f24-ac13-cc092c370536,3,265.91999999999996,45.0,madrid,nuevo,88.63999999999999
1c0aac8d-4c08-4bbc-92d2-daeeb09967ad,4,484.78999999999996,30.0,madrid,recurrente,121.19749999999999
1c20a01c-9a4e-4bc7-b6dc-5498a071da96,6,520.65,49.0,madrid,nuevo,86.77499999999999
1c2928f9-0bb0-4c85-9a50-29c7537a5c28,3,294.17999999999995,48.0,zaragoza,nuevo,98.05999999999999
1c29308a-bdca-4b16-8b41-d680d257eb6f,13,1006.1700000000001,40.0,granada,recurrente,77.39769230769231
1c2af462-04bd-4c66-b4db-2ea8cbfa4cd2,6,618.87,36.0,vigo,corporativo,103.145
1c2df232-dbce-4902-a87d-34e0b189079f,9,569.0699999999999,45.0,zaragoza,nuevo,63.22999999999999
1c39f39b-e268-4048-b428-21a19be4a58c,9,1310.4709000000003,30.0,vigo,nuevo,145.60787777777782
1c45b4f5-0bca-4bfc-bf81-e718660df575,14,1618.35,39.0,granada,nuevo,115.59642857142856
1c5e2c2e-4363-4b00-8d7e-594d1da4ae9a,11,698.56,33.0,madrid,corporativo,63.50545454545454
1c641dd3-9de5-4f5e-8ef1-8c7d33fcf713,8,782.9,33.0,bilbao,nuevo,97.8625
1c65cd4c-e5fa-4f11-9197-7213eb227a89,8,1138.78,35.0,malaga,recurrente,142.3475
1c6e7915-9629-4b05-bbe4-a47f33d583fa,10,669.36,55.0,granada,vip,66.936
1c7a8aaa-5c24-4ee8-b72c-6574ea4b3699,6,621.27,51.0,vigo,recurrente,103.545
1c800536-e792-430d-92ab-5f5345056bc8,6,743.15,42.0,sevilla,nuevo,123.85833333333333
1c90044e-f0b1-4f31-af95-f7ab6b8519d6,1,72.21,52.0,valencia,vip,72.21
1c9f520f-524b-463f-a85d-3e78bb2ef9ab,5,757.1999999999999,53.0,bilbao,vip,151.44
1cb1c5e8-8a00-477e-8558-d297d665eaac,6,517.7,65.0,vigo,nuevo,86.28333333333335
1cb30453-7b60-48e4-b29f-e7e4a24b762b,10,635.58,29.0,murcia,recurrente,63.55800000000001
1cb6d6b2-0d5c-479c-bd9c-63e9169eb494,5,642.0799999999999,35.0,zaragoza,recurrente,128.416
1cc1090c-6c64-4957-bc7e-8ba3700ee6c5,12,1430.15,25.0,vigo,nuevo,119.17916666666667
1cc6512d-df86-4758-9d90-cffcf920d6a7,7,486.94,38.0,zaragoza,recurrente,69.56285714285714
1cd2a2b7-03fe-48c3-9e13-9bce236010a3,10,1095.91,42.0,bilbao,recurrente,109.59100000000001
1cd677a1-9d07-4e0e-aa1c-0985ae1d71fb,7,1274.9509000000003,53.0,granada,nuevo,182.1358428571429
1cda7c9f-f495-496c-82e7-3a6c881f0b0a,9,675.22,42.0,sevilla,nuevo,75.02444444444444
1ce2964d-6a24-4441-b9e9-745420ca4378,9,750.97,38.0,malaga,nuevo,83.44111111111111
1cf6f0bf-1476-437a-9abc-d1a6bdf026b4,9,916.53,38.0,sevilla,nuevo,101.83666666666666
1cfbb8bd-a9d5-4b90-becd-dfa0c77fb4f6,4,947.06,38.0,sevilla,recurrente,236.765
1cff9571-b097-47e4-a8aa-5158a1f464be,6,766.6,40.0,barcelona,recurrente,127.76666666666667
1d01122a-e72e-4379-b555-0376cdae8d60,7,894.46,35.0,malaga,recurrente,127.78
1d05406b-10c7-4fc7-b80d-a0ea7c01dad4,8,1097.01,60.0,malaga,recurrente,137.12625
1d1991ef-fe00-4799-a32d-7d0a6acdc0a5,10,737.6800000000001,49.0,madrid,nuevo,73.768
1d2edac1-5285-43d9-ae22-dcc43653ac14,13,1181.81,35.0,malaga,vip,90.90846153846154
1d3644b9-9128-4313-8490-458fe59b1fab,6,680.38,36.0,murcia,nuevo,113.39666666666666
1d375cb7-e33d-4da6-b1f5-fb2bf7c48726,5,252.57999999999998,40.0,sevilla,nuevo,50.516
1d377e07-e313-4250-b134-35890fc728b1,6,522.75,46.0,granada,corporativo,87.125
1d52d77e-739b-4c65-9e26-a5f3e265d5a6,7,494.52000000000004,71.0,barcelona,nuevo,70.64571428571429
1d65990f-14f7-4e7d-8018-96f81758dd78,9,991.02,60.0,vigo,recurrente,110.11333333333333
1d664cf6-af22-4bf3-991a-fedbfec0cab7,6,338.62,18.0,granada,recurrente,56.43666666666667
1d6726f7-769b-4503-9a4c-e41a4c079202,8,966.23,59.0,sevilla,nuevo,120.77875
1d727353-8ac2-4807-9737-b3a4944d7d63,5,362.52,58.0,murcia,recurrente,72.50399999999999
1d80eae1-26a7-4bd8-a555-026158dbf62f,3,463.38,40.0,barcelona,nuevo,154.46
1d840861-6732-4b2d-b420-0f86e2ed86dd,10,584.99,44.0,bilbao,nuevo,58.499
1d9511c8-a1ce-48f3-a768-6638f1d8768c,10,652.5,34.0,sevilla,nuevo,65.25
1d95a9c8-3c04-455b-b536-813b740d6da5,3,82.11,42.0,bilbao,vip,27.37
1d97d3ab-8ac8-499a-be46-82565027765d,7,785.26,39.0,bilbao,recurrente,112.17999999999999
1dab13cb-0e8b-4a17-8c42-73d8a3d5092c,11,1226.14,34.0,barcelona,nuevo,111.46727272727274
1dabb239-62ae-4a5d-899d-2986ae1fedde,4,571.86,58.0,barcelona,vip,142.965
1dace5b7-e7a1-47ce-983b-140113e9a754,13,1926.2,36.0,sevilla,nuevo,148.16923076923078
1db968e2-a212-48a8-9d14-c66df53a5523,4,379.45000000000005,39.0,barcelona,nuevo,94.86250000000001
1dbf94e2-c33e-429b-923c-8373257f1e7f,7,465.37,46.0,vigo,vip,66.48142857142857
1dd08985-5a78-4a66-ac4f-b2670fe06e3f,5,560.81,27.0,bilbao,nuevo,112.16199999999999
1dd50ff4-68f3-49a7-b384-2c873a7caf43,5,717.28,57.0,vigo,nuevo,143.456
1dde5af8-726e-402c-a3c6-fa9cea9c2fbd,10,1249.65,30.0,barcelona,recurrente,124.965
1de7ebc1-46bb-46d5-85d7-73880e3c8d62,6,362.91,46.0,malaga,nuevo,60.48500000000001
1ded6bb3-80b0-40fe-a37c-1fa312c2c80a,3,213.82,18.0,bilbao,nuevo,71.27333333333333
1dfd3ddf-3c7c-47c9-a0f8-272dbd6decfb,5,457.21000000000004,39.0,zaragoza,corporativo,91.44200000000001
1e03b6a4-78cb-42f7-a710-df12d34c61c6,8,1172.1,18.0,granada,nuevo,146.5125
1e0534d8-2e20-421e-9c80-0fcbd8a10c0d,5,322.91,64.0,madrid,nuevo,64.58200000000001
1e07903e-43c3-44e5-95d7-e485cf94fad9,8,887.98,36.0,murcia,recurrente,110.9975
1e0c438c-efe2-4c41-8f97-44e6f6659f1c,11,907.4399999999999,26.0,malaga,recurrente,82.49454545454545
1e12a8ea-e67f-4c16-bbf4-8d0be69dafa1,5,481.43,40.0,sevilla,nuevo,96.286
1e24a434-c08b-4640-a88b-f090e0535469,9,1134.37,26.0,madrid,nuevo,126.04111111111109
1e28f836-e26a-43b3-9fc2-ef3a5ebd373e,5,331.42,50.0,barcelona,nuevo,66.284
1e2a3d95-ffac-41c1-8a49-efc6b4329269,7,1167.0409000000002,31.0,vigo,nuevo,166.7201285714286
1e2a4296-b98e-461e-8726-4153d891fa69,4,521.76,43.0,valencia,recurrente,130.44
1e2db738-d43e-4379-bd1f-417d2e82c386,6,584.97,24.0,valencia,vip,97.495
1e34754f-ede7-46e4-887e-a3f032c8a8c2,5,373.6,32.0,murcia,corporativo,74.72
1e34fec6-cbc2-4ecd-97bc-0165808696c9,8,537.17,40.0,valencia,vip,67.14625
1e381b2d-2090-4dca-be97-aba037e46e0d,5,538.27,42.0,murcia,recurrente,107.654
1e499f01-e1c6-42b8-a733-a34ca13ba257,5,215.25,32.0,murcia,recurrente,43.05
1e527819-bafc-4b18-b792-813ead628780,7,389.87,23.0,madrid,nuevo,55.69571428571429
1e542953-7f92-4bb3-999c-03f14150fa45,7,1041.3509000000001,21.0,malaga,nuevo,148.7644142857143
1e57d98c-3641-455e-9b8a-c090b441dd5d,6,491.69,34.0,bilbao,recurrente,81.94833333333334
1e587d0e-384f-4d72-90cc-09591d247898,7,624.68,59.0,bilbao,nuevo,89.24
1e5a6c19-2dbf-489f-ae25-16a5882f522e,6,487.7,50.0,granada,recurrente,81.28333333333333
1e5f7bc1-868f-4b36-bd5e-0d5ec40fdb3c,5,551.24,67.0,madrid,recurrente,110.248
1e67d46e-a894-4646-8110-bfff95b56590,5,1114.7609000000002,56.0,murcia,nuevo,222.95218000000006
1e76f65e-0f2c-43c6-b41c-b0cbf7885a34,5,579.96,18.0,barcelona,recurrente,115.992
1e81d444-d4fb-4fd0-96c0-9be01d7cbfaf,7,431.53,18.0,granada,nuevo,61.64714285714285
1e855d4d-efaf-4037-a925-217525f4b0de,11,1314.4,23.0,sevilla,recurrente,119.4909090909091
1e88736a-dc03-484b-bbf7-01bf6a85b425,8,936.7,20.0,vigo,vip,117.0875
1e8b1160-ad8c-48cd-afe8-3bc659e96c28,7,416.11,54.0,zaragoza,nuevo,59.44428571428572
1e9e6175-8330-4736-9f98-c9368be155cb,11,1031.84,59.0,madrid,corporativo,93.80363636363636
1eb4a3f6-7f83-4fa8-a212-e27b0f019f34,4,365.17,51.0,madrid,nuevo,91.2925
1ebff88c-24ed-4cdb-8c15-b2b6b703df1b,6,649.4599999999999,34.0,zaragoza,corporativo,108.24333333333333
1ecad770-a5eb-4113-9134-280bcddceb57,12,1053.28,33.0,vigo,recurrente,87.77333333333333
1ed21495-6747-4fca-b195-990420c69029,7,601.79,28.0,madrid,recurrente,85.97
1ed44e5f-9f42-4213-b6a5-16df7bd6945e,8,903.84,53.0,madrid,nuevo,112.98
1ed4b301-dad8-41a2-8447-d8a61d455d71,14,2187.1909,43.0,barcelona,nuevo,156.22792142857142
1ede105f-351a-41a5-aa2d-06ff9b20f752,9,664.23,54.0,murcia,recurrente,73.80333333333334
1ede1856-35a0-4993-a633-6fcffcaaec42,8,1317.9609,42.0,malaga,vip,164.7451125
1ee459b3-27b0-426e-995f-8388e6eaaa42,3,394.49,38.0,malaga,vip,131.49666666666667
1ef061e2-c1f9-406f-bc46-00f6c2a08a5d,5,553.5600000000001,56.0,zaragoza,recurrente,110.71200000000002
1ef3c6e7-10d2-48ba-9cff-4924ed0d6f3e,4,384.01,50.0,sevilla,nuevo,96.0025
1f03805d-51fc-4150-971b-1709716875a0,9,829.37,36.0,bilbao,recurrente,92.15222222222222
1f088de4-5653-4dfb-868d-24c225e410cb,2,181.94,60.0,zaragoza,corporativo,90.97
1f128561-fda0-41a8-a519-2a35b74a12a7,6,773.5899999999999,21.0,vigo,recurrente,128.93166666666664
1f2115b4-b68e-47e4-94c0-a64c6eae4da6,5,607.8,50.0,vigo,nuevo,121.55999999999999
1f23a9eb-f295-451f-b55e-e4b9d62e6de3,4,246.39000000000001,38.0,sevilla,vip,61.597500000000004
1f2bc256-b188-44c3-8f43-b12542d6c6ed,6,718.75,23.0,bilbao,corporativo,119.79166666666667
1f303af3-2330-4441-88ca-78873fa37d51,5,292.49,34.0,madrid,nuevo,58.498000000000005
1f44f0f0-f763-40dd-8c1e-741d5316a792,10,825.6899999999999,61.0,valencia,vip,82.56899999999999
1f47d9e0-fc54-414f-80ef-9bde24cec1ba,5,723.3000000000001,34.0,zaragoza,nuevo,144.66000000000003
1f4a6b2c-b09f-4df4-bbf8-27f9c81c1bd6,2,604.74,36.0,bilbao,nuevo,302.37
1f627d4b-6e8c-4abd-960f-9f6be6097144,8,1081.5,41.0,madrid,recurrente,135.1875
1f63e565-c450-44ed-a608-b98b7097e43e,9,909.89,52.0,zaragoza,recurrente,101.0988888888889
1f6ef318-a9ab-4757-8cb1-c2a3cb3ee80b,5,323.67,41.0,vigo,nuevo,64.73400000000001
1f86d0c0-6233-4b36-9e71-66adaba15e6b,4,349.84,47.0,madrid,nuevo,87.46
1f8cfbf7-b257-4e49-b248-273ba79857c9,2,131.52,68.0,valencia,recurrente,65.76
1fab9a02-4cd7-452d-87d5-0842a0fc09bf,9,730.85,32.0,malaga,vip,81.20555555555556
1fb8765a-2b0c-48d6-8614-a11dd115115d,5,339.35,48.0,zaragoza,corporativo,67.87
1fba3a0d-d7cc-4ab2-9b65-fac4f424ca76,5,329.66,31.0,madrid,corporativo,65.932
1fbd7fd5-0a7c-4d41-9500-9cdc6a19cb5c,12,1215.85,57.0,granada,vip,101.32083333333333
1fc01631-c90b-4979-8e4c-c382b6f8a340,6,727.23,40.0,madrid,vip,121.205
1fc45a7a-b41f-4ecb-80cf-9f0f350eab1f,4,288.49,35.0,vigo,recurrente,72.1225
1fc93eaa-287d-4a50-a1d8-d381fb9611fd,4,338.18,38.0,granada,corporativo,84.545
1fda8cb7-a2f4-41a7-aadf-1e6279057819,9,842.02,23.0,granada,recurrente,93.55777777777777
1fe4402f-e545-43c3-9432-72df04640634,4,393.98,41.0,malaga,vip,98.495
1fed28ce-fbe2-47fe-adb2-abf238a78b37,6,289.89000000000004,50.0,sevilla,recurrente,48.315000000000005
1ff65807-380d-4b9a-bfb9-2be2a1f996fd,4,278.62,29.0,valencia,nuevo,69.655
20042ea6-1824-430b-93ea-c93df9631a93,12,1550.83,45.0,zaragoza,corporativo,129.23583333333332
2006c918-018f-41f2-8afd-a606dd338fd1,7,706.29,31.0,sevilla,vip,100.89857142857143
2008f17f-29ed-4ce9-b1bf-168ac3ec3d71,10,630.52,30.0,barcelona,nuevo,63.052
20169d32-99ed-4235-b3dc-65680752c198,4,302.24,44.0,zaragoza,vip,75.56
2018066f-d594-4c14-beb7-8dcbe781969c,5,435.76,27.0,granada,recurrente,87.152
2020140c-58bb-4409-8a17-f664df239993,8,605.27,57.0,valencia,corporativo,75.65875
20247381-2fac-4b35-ab62-7c5099c3439e,7,494.92,47.0,barcelona,corporativo,70.70285714285714
20435580-d23e-4522-8825-55107396a8d1,11,821.52,25.0,granada,corporativo,74.68363636363637
2045aeab-f72c-4d29-9ec5-05e277bb1c1c,15,1754.69,40.0,malaga,nuevo,116.97933333333334
204c33a7-0ba9-4ac7-9c3c-6d3cc3c26c8a,6,679.85,59.0,bilbao,recurrente,113.30833333333334
20508e48-655e-4c9e-9e43-7d9985112897,7,1219.1000000000001,29.0,murcia,corporativo,174.15714285714287
205d7356-8e3e-4fd8-b5b4-954e470da31a,7,541.34,41.0,malaga,nuevo,77.33428571428571
20675662-6aeb-45b8-9c81-22ace305de76,3,182.15,67.0,murcia,recurrente,60.71666666666667
20687bed-2480-43a3-abcc-8a9a98accfd8,5,320.89,50.0,madrid,corporativo,64.178
20689c05-eaad-4438-b053-b196e2d2cb18,6,792.02,41.0,murcia,corporativo,132.00333333333333
20743f63-cc0f-47b0-9320-abd5eb8ef075,6,478.61,50.0,granada,nuevo,79.76833333333333
207da5c6-beb2-42f4-97f0-473daaa13af7,6,581.11,40.0,zaragoza,recurrente,96.85166666666667
208211be-ba09-4b19-a299-1513eb8860e6,7,467.08000000000004,29.0,barcelona,recurrente,66.72571428571429
20832f81-364a-4f66-b255-3c5c98c94cb1,6,242.06,40.0,murcia,recurrente,40.343333333333334
2087f5b5-6856-40b1-ad6e-4d0952a4dd17,7,1012.9399999999999,45.0,bilbao,nuevo,144.70571428571427
208c506a-9144-4d3c-aa6e-bd05f7614035,5,935.33,39.0,vigo,corporativo,187.066
2094f2fe-0394-4851-a50d-f9d0847f05fa,10,1234.27,54.0,zaragoza,nuevo,123.42699999999999
20993ea7-b802-4c28-8f47-6bb03a8cba0c,5,437.72,21.0,madrid,vip,87.54400000000001
20a16c2a-156a-4046-94d7-0659572ab95b,4,124.63,37.0,sevilla,nuevo,31.1575
20a764d5-b7db-4216-b39d-e4b179357038,7,1061.0309000000002,69.0,madrid,recurrente,151.57584285714287
20ad771d-8d67-4676-bad3-6d9636d9bee1,4,193.81,33.0,bilbao,vip,48.4525
20bf4a18-90fa-4d0b-b817-910a5bb53e63,2,371.31,57.0,malaga,nuevo,185.655
20c5880f-2300-48b2-8050-9e96a6c5ad8d,6,569.6,46.0,barcelona,vip,94.93333333333334
20c95e40-8344-4cf9-8a89-45a74c97ffb8,4,461.9,39.0,bilbao,vip,115.475
20c97398-07c5-4248-8908-c7019e3e9670,8,723.99,42.0,granada,recurrente,90.49875
20c9f2ea-2177-4d58-b28d-2c40ff7116dc,8,767.77,42.0,barcelona,corporativo,95.97125
20d00b5a-7ea4-436d-be8b-fdf6601053b2,3,796.51,43.0,vigo,nuevo,265.50333333333333
20d541f9-1eb1-4e1b-81f8-3ecacdaa601f,1,204.66,35.0,vigo,nuevo,204.66
20f87e70-9007-4c5f-b643-63ed581cd34a,7,678.89,38.0,valencia,corporativo,96.98428571428572
20fa62d6-d038-42aa-9853-883fca43cbc5,11,1834.58,32.0,murcia,nuevo,166.78
2101a587-47e5-42ad-94b9-80c2504964f9,4,594.3,56.0,murcia,corporativo,148.575
2111418c-14a7-4d9a-8caa-2fe6ea1ac11d,5,259.11,36.0,bilbao,vip,51.822
21135d11-61d3-4903-8ef4-dd7ab4f87d8f,10,914.59,48.0,bilbao,recurrente,91.459
2120050b-a916-460a-bc2e-d44119a102a0,4,313.97,27.0,granada,nuevo,78.4925
2120c45a-aa06-4892-b0bf-38043e0730bb,7,539.88,40.0,valencia,nuevo,77.12571428571428
2127dafd-f858-4af3-83a1-a3dc3c18fbae,3,430.38,55.0,valencia,nuevo,143.46
2129371b-c42e-4b9a-b75a-7d5d403fc3a4,5,641.01,18.0,zaragoza,recurrente,128.202
2135db4c-62b6-436e-92f7-43c5cbdfdeb2,4,613.51,48.0,madrid,vip,153.3775
21367cbd-6adf-47ea-9be4-49992d09db2d,6,928.28,46.0,murcia,recurrente,154.71333333333334
213c75e9-9488-40b6-82bf-8af805e8cb1c,6,420.47,43.0,granada,recurrente,70.07833333333333
213db88a-4718-40f7-94f1-ee78f8eabb07,6,1029.22,59.0,bilbao,recurrente,171.53666666666666
2143212d-c61e-4ec0-8492-e0e663d34922,5,649.77,35.0,vigo,recurrente,129.954
2144ce12-3221-46ce-ab7a-9945228be210,7,734.92,30.0,barcelona,recurrente,104.98857142857142
2156f5ca-c5b7-4a00-9d81-c707b98c40c1,8,472.51,33.0,valencia,recurrente,59.06375
215cfb89-6533-4d37-b040-5d7bc785c872,5,881.54,66.0,vigo,recurrente,176.308
215ee9e8-ff81-4ce9-a433-d0c664574f42,12,1207.3400000000001,45.0,murcia,nuevo,100.61166666666668
216631ee-e434-499b-be79-3d33197c47d0,6,333.22,36.0,madrid,nuevo,55.53666666666667
2177cbb1-b75c-4edc-a748-90f5b62ae254,10,1417.63,35.0,vigo,vip,141.763
217c671a-656c-4441-b40b-48f3aad6fd77,9,1017.1999999999999,37.0,granada,nuevo,113.02222222222221
21900006-b24a-443e-a8d7-c46383ab8698,5,525.08,35.0,bilbao,nuevo,105.016
21a407ee-63c8-450b-b2de-f25927eb0e19,12,784.0699999999999,23.0,madrid,nuevo,65.33916666666666
21b07227-6878-49c0-9156-d37b975d3d71,4,748.1199999999999,73.0,malaga,recurrente,187.02999999999997
21bcd0b4-2256-41b7-bb6e-277ff681df32,5,473.34,34.0,barcelona,nuevo,94.66799999999999
21c30c2d-8f0f-4f96-a41d-b4db87ff55e7,1,105.69,20.0,bilbao,vip,105.69
21d28852-56f6-45b9-a535-fda60ef55506,11,988.0699999999999,32.0,zaragoza,corporativo,89.82454545454544
21d2c70d-3499-4a99-9e13-783ff0233e9c,4,394.46000000000004,39.0,madrid,recurrente,98.61500000000001
21d3f9b4-6cbe-48cf-9269-c28d2a2e10c6,3,388.21,56.0,madrid,recurrente,129.40333333333334
21d92331-48ab-4bdd-bbe9-e01a145c5e3d,6,571.0500000000001,40.0,granada,nuevo,95.17500000000001
21ea23c2-daa5-45fc-8f7b-7ca473727776,6,760.31,40.0,zaragoza,recurrente,126.71833333333332
21ed55c5-ee41-4ab6-b969-a87a559a6df0,8,1393.05,26.0,vigo,recurrente,174.13125
21ee6907-9482-4569-846e-863210961494,8,899.25,48.0,vigo,vip,112.40625
2200710b-5252-4a7a-aa1b-35194ebf37d7,9,910.53,18.0,malaga,recurrente,101.17
2207fb5b-0589-4955-ac0f-cae11aece33f,12,1581.72,41.0,granada,recurrente,131.81
220eb1ce-00e1-4555-9e86-276822fad7b1,7,967.53,43.0,vigo,corporativo,138.21857142857144
2215ea18-4811-4938-af5a-2c1ed36f030f,7,608.62,53.0,granada,recurrente,86.94571428571429
2219a484-a837-408a-9077-0f562e92978b,2,58.06,28.0,murcia,recurrente,29.03
221e91ba-1877-4482-8e2c-d4fb9b08641d,6,288.09000000000003,36.0,murcia,nuevo,48.01500000000001
22271a52-ef19-4522-a353-6b91853fde55,9,1341.4,23.0,valencia,nuevo,149.04444444444445
222ecf4d-a00d-4d9f-a3b3-829cc8c52d1b,5,595.52,34.0,granada,nuevo,119.104
222f0d89-1332-49b3-a3e2-ac8fa54161cd,7,703.4300000000001,41.0,valencia,recurrente,100.49000000000001
22377f12-59d2-45b7-8cae-0c116b297774,8,510.07,19.0,madrid,nuevo,63.75875
223b207c-09a0-40af-b5ec-34cc9a0befff,2,100.31,49.0,granada,recurrente,50.155
223ee300-2f73-4e25-bdb6-6192b686f8ab,7,1446.8909,46.0,barcelona,nuevo,206.6987
22429605-4df1-4275-a0a7-50b799a05314,11,917.0699999999999,44.0,murcia,corporativo,83.36999999999999
224474a1-3155-47d7-ac20-abe2b3cc07fc,7,915.34,31.0,vigo,recurrente,130.76285714285714
224e6215-06ff-4517-a3c3-6f6c45edbe7d,8,584.6899999999999,38.0,valencia,vip,73.08624999999999
225cb161-761c-4272-ad8e-c2b16d64cede,5,397.37,39.0,bilbao,vip,79.474
22707a3b-889a-470e-89e0-ee240d5e5e18,6,580.39,32.0,granada,nuevo,96.73166666666667
228df1a0-d2a9-4f0d-a645-c2d9d693b8bd,8,316.17,37.0,bilbao,vip,39.52125
22917d48-5eef-4c2a-8231-b160765f45d8,8,784.39,28.0,murcia,nuevo,98.04875
2295da7b-0e3e-4738-9ca7-8e13d4cef5ac,6,656.22,48.0,malaga,nuevo,109.37
2299229d-11a6-4e8a-a306-598e0e93e025,8,832.76,38.0,valencia,recurrente,104.095
22aae415-942e-47fb-9f0f-2e824867bbdb,6,883.0699999999999,18.0,sevilla,vip,147.1783333333333
22b6edaa-55ad-4fa1-adc1-c77871cfb8ca,7,921.12,55.0,madrid,recurrente,131.58857142857144
22b740f8-bbcc-4d41-b563-512afd719533,6,486.39,20.0,granada,vip,81.065
22c105b7-099d-4981-893f-61da74ec29b7,9,458.58000000000004,39.0,zaragoza,recurrente,50.95333333333334
22c4ac75-12aa-437f-bb73-a41db361fc1a,7,693.99,57.0,barcelona,recurrente,99.14142857142858
22c8b1b1-9603-4b97-a6a1-09a11c79d7f7,13,1316.6,48.0,murcia,nuevo,101.27692307692307
22c9b99c-705e-4dca-a7a5-d849bdaaaa5a,8,697.35,22.0,bilbao,recurrente,87.16875
22cae6b3-84b6-400a-9f03-1e96473920bd,7,744.1109000000001,46.0,murcia,nuevo,106.30155714285716
22cb186b-90b7-4f7f-8ecd-486e4485af8b,3,349.01,51.0,madrid,nuevo,116.33666666666666
22d0c882-dd67-4dec-ba9c-fa39186d6647,4,161.60999999999999,37.0,bilbao,nuevo,40.402499999999996
22d40ee1-1b5d-48d4-90c5-9ad8e60fb989,5,331.67,50.0,granada,corporativo,66.334
22de7157-4d0c-43cc-a3cc-a7aa965d3c29,9,1459.55,58.0,vigo,nuevo,162.17222222222222
22df78e9-c11c-4e8e-97ef-2c4c6ffbd9fe,3,213.82,34.0,murcia,nuevo,71.27333333333333
22e49e84-33a4-4c56-9d5e-0c4903bd3bc5,5,557.2,39.0,sevilla,recurrente,111.44000000000001
22f64527-4182-4c4e-8128-d3ef73178957,9,1104.8009000000002,40.0,vigo,nuevo,122.75565555555558
22ff4eb1-67a4-46d5-81ab-7e00c26700a9,7,1047.5509000000002,57.0,zaragoza,recurrente,149.6501285714286
2304f667-c447-4b2f-937e-4b8bfaf49eb2,4,230.6,44.0,sevilla,recurrente,57.65
2319266b-5527-4612-867f-ad0cf3edad98,3,378.26000000000005,37.0,granada,recurrente,126.08666666666669
231f6ba9-7b09-466e-b7aa-265a3f3230a4,4,167.39000000000001,36.0,madrid,corporativo,41.847500000000004
23210d81-cb31-413a-8634-1873d17d2e57,6,451.07000000000005,41.0,sevilla,nuevo,75.17833333333334
2327a3c5-cbed-43ab-86bd-2bf4770fb756,5,1423.9109,68.0,bilbao,recurrente,284.78218000000004
23339350-720e-4dbd-b0f0-cae8e82ce06c,8,457.68999999999994,49.0,barcelona,recurrente,57.21124999999999
233f5f81-5c49-47b1-86b7-ddbd5fbc1f43,8,1164.95,40.0,vigo,recurrente,145.61875
2349ce99-dd31-4b14-9d56-d486f04bdeb3,5,892.87,39.0,sevilla,nuevo,178.574
23509d91-8e7c-4e90-ac7d-8e936b306a39,2,268.33000000000004,41.0,zaragoza,recurrente,134.16500000000002
235c0726-e3a2-4b85-af48-8edce99d29fb,6,1267.7818000000004,22.0,barcelona,recurrente,211.29696666666675
2368291f-a635-4c1d-a95d-5ab9f78ac168,3,113.88,40.0,sevilla,vip,37.96
236a4c40-0c21-450c-805d-d689bd7d726a,8,1014.41,41.0,madrid,vip,126.80125
2375c1e0-d6f4-49cb-8517-24b09be06e47,4,413.42,48.0,vigo,recurrente,103.355
2384d3ec-61d9-42ad-9f6b-407269a15420,4,264.88,42.0,murcia,nuevo,66.22
2390bb5a-e61c-472e-8d37-2b775eb0d33d,6,525.62,29.0,barcelona,recurrente,87.60333333333334
2397da30-567f-49db-be65-9de681fdb51c,4,476.1,48.0,zaragoza,corporativo,119.025
23a33c6c-110c-4271-8eb7-8a0b131aedcd,5,750.13,18.0,zaragoza,recurrente,150.026
23a3c922-35fe-47a3-a143-29cfd99ff2b8,6,844.98,18.0,vigo,nuevo,140.83
23ad56ce-c224-46db-bebc-70fa46086346,8,988.53,18.0,madrid,nuevo,123.56625
23aeada4-abc5-4906-a576-c7777d2a808c,4,225.05,40.0,malaga,nuevo,56.2625
23b04971-df04-4179-80f8-63ea82421005,7,475.38,45.0,valencia,corporativo,67.91142857142857
23bf75d3-7469-48fa-98d0-4357dc9b9650,7,689.65,31.0,sevilla,recurrente,98.52142857142857
23c19d1d-35fb-4159-9416-c4d0a30dbb27,7,892.49,43.0,zaragoza,vip,127.49857142857142
23d2be8c-a142-46a6-a347-7a9ea08bdd3a,3,215.27,59.0,murcia,corporativo,71.75666666666667
23dace98-4902-49fb-a5fc-96edbf057ec1,6,218.32,41.0,bilbao,vip,36.38666666666666
23e4e231-273f-4b7d-b22d-8ea8e15753d8,4,384.56,29.0,vigo,recurrente,96.14
23e507d8-96c2-4c37-96ca-4662d5513bb9,4,403.73,34.0,barcelona,nuevo,100.9325
23ea0ab1-605d-4aee-9c59-382eaa1e03dd,6,802.18,46.0,bilbao,corporativo,133.69666666666666
23f687b7-8dee-419b-b126-b0c7e4834733,8,878.02,40.0,valencia,nuevo,109.7525
240191b2-a10a-4a53-ab15-4a9c3070d089,5,549.99,54.0,barcelona,recurrente,109.998
240a847d-121d-47a6-96db-379e12c52e1e,4,415.87,19.0,sevilla,nuevo,103.9675
2415c9ad-283f-4a4c-a028-7ec32017dd3c,4,504.1,39.0,granada,recurrente,126.025
242b5f0b-c6af-4590-84bd-e72ca231ea9d,7,609.22,61.0,barcelona,recurrente,87.03142857142858
2442b23f-9a05-415c-85d1-afab0b9b9296,6,411.01,28.0,barcelona,recurrente,68.50166666666667
244c39e0-1003-4047-a7d9-2556f4ebe4c4,6,805.71,24.0,zaragoza,recurrente,134.285
245013ff-8a0a-4bfa-8ff2-2b701db35e8f,12,1040.23,30.0,murcia,nuevo,86.68583333333333
245021d2-0f13-4894-b9f2-3cabb79e410e,5,497.88,40.0,valencia,nuevo,99.576
2452d01f-4503-49f2-8b32-71ab472b4aed,7,525.76,40.0,sevilla,nuevo,75.10857142857142
245cbdc3-f2cb-4a28-98e2-c7e03182dec3,2,282.89,31.0,valencia,corporativo,141.445
245e7b32-60cd-4e16-af8c-f76bf63e1f6f,11,980.9,46.0,zaragoza,recurrente,89.17272727272727
245ea96e-538c-47df-9bb7-04e0a67be29a,3,992.1309000000001,40.0,bilbao,recurrente,330.7103
2462e700-249f-4f44-b164-4c2a3af8b76c,5,419.47,29.0,barcelona,recurrente,83.894
2468935a-234b-47a5-a577-9a6af6f9e4ce,7,398.59,37.0,madrid,recurrente,56.94142857142857
246a06e0-fb5d-45e6-97e5-e0db1239b49a,9,701.21,46.0,valencia,recurrente,77.91222222222223
247048ee-b989-4c23-8469-395c0f9a7499,5,370.05,24.0,valencia,vip,74.01
24847e05-95d6-4924-bf4e-54147d46128a,3,305.43,41.0,madrid,recurrente,101.81
248aa52f-6229-400e-bb11-3b66004da8db,7,602.5600000000001,28.0,bilbao,nuevo,86.08000000000001
2490e80f-8f14-46e0-b616-c1473e50fa62,8,552.1800000000001,59.0,malaga,nuevo,69.02250000000001
2493f8d8-7a89-4a57-b145-1154165ae53a,8,729.48,39.0,granada,recurrente,91.185
24942af7-6036-48d6-8664-1d5eaf0366cf,8,761.04,55.0,sevilla,recurrente,95.13
24a2fb51-b754-4569-93bd-30d7a7f94909,7,775.08,42.0,granada,corporativo,110.72571428571429
24b31198-06b8-4805-a2b5-77158f40b929,4,550.01,62.0,barcelona,recurrente,137.5025
24c68038-6594-4ab7-887b-9a9641b1719c,3,202.52,30.0,madrid,nuevo,67.50666666666667
24c8649c-9ccd-4aa9-a82a-d112358ccb72,5,748.38,35.0,valencia,vip,149.676
24cbd1e9-7412-45f9-b0d7-b5799fd593b5,6,502.65999999999997,36.0,valencia,corporativo,83.77666666666666
24cdbd59-27a1-4c01-9e89-abfae823722a,4,324.9,57.0,barcelona,recurrente,81.225
24d05d8b-977f-48cb-8fc5-c4d28bbd4337,11,608.27,27.0,barcelona,nuevo,55.29727272727273
24de636c-a3c1-486a-afc2-9681f7befa84,8,1615.42,36.0,bilbao,recurrente,201.9275
24e91e25-5d7f-49d4-90d0-fc9ef3d7f529,5,459.19,53.0,murcia,nuevo,91.838
24eaf6be-9a65-4dae-ac6c-e65ee7928fd5,5,460.0,36.0,madrid,recurrente,92.0
24f3902b-9ec7-4f20-9f29-28f49212e2be,6,520.22,46.0,zaragoza,nuevo,86.70333333333333
25042487-1d0d-4ec6-8fab-34d65fb27b1a,5,420.31,33.0,barcelona,nuevo,84.062
250e2228-cdc9-4020-85f7-709a2c459651,4,409.24,18.0,bilbao,vip,102.31
25289282-bab3-4874-92e9-2e4731b899d8,8,446.18,30.0,vigo,vip,55.7725
2534693a-f68b-49e9-9300-22dee43977fd,4,1093.7009000000003,55.0,vigo,nuevo,273.42522500000007
2535b2af-c355-499b-b878-5dcad42984d1,7,538.18,22.0,vigo,recurrente,76.88285714285713
25364c61-d20c-4133-a870-afba013507ad,5,579.0,28.0,zaragoza,recurrente,115.8
25424b9f-52a0-4f9f-96a7-be208255bfa9,6,565.3100000000001,41.0,vigo,nuevo,94.21833333333335
25540b43-d875-45b3-810c-930c23ce3a81,5,694.99,40.0,murcia,recurrente,138.998
2556fc45-9c63-4704-b969-0fdcbee8a01b,4,455.88,52.0,barcelona,nuevo,113.97
255dc01e-1c5f-40ad-afc0-dc4c1cd56f28,4,673.96,25.0,valencia,vip,168.49
25792e02-4fbc-42e5-8bae-4086eff4ac09,12,1586.23,50.0,madrid,vip,132.18583333333333
257fa7f1-b8c5-48a9-8346-bda08324ab91,2,76.86,51.0,granada,nuevo,38.43
258efaab-8356-4f87-a41b-0765dc34895f,10,1232.9099999999999,63.0,murcia,recurrente,123.29099999999998
25946acb-ec30-4ba7-a35a-94c904813e68,11,787.35,40.0,madrid,corporativo,71.57727272727273
25955506-7bf0-43d1-8b45-b0e53eaa04ab,2,233.19,51.0,bilbao,nuevo,116.595
2597498b-6732-4dba-b5d8-fae964111fb4,4,474.82,41.0,bilbao,vip,118.705
259a2965-7c4e-440d-8ce5-e4e7468b6d90,6,727.99,34.0,vigo,nuevo,121.33166666666666
25a2398d-3e07-4146-8e5a-5112d01a92d4,11,1097.51,41.0,bilbao,recurrente,99.77363636363636
25cce7b4-eee8-4480-94e2-5b6c59cad26f,7,1034.62,45.0,madrid,recurrente,147.80285714285714
25d1a149-d30a-4f51-ab9f-6af2b8182bf8,6,547.69,49.0,sevilla,recurrente,91.28166666666668
25e2d1f0-adee-4613-85b9-bf5f43cfeb89,7,1178.45,50.0,sevilla,nuevo,168.35
25e7c344-7947-4278-8882-1801026fec45,5,636.11,40.0,sevilla,nuevo,127.22200000000001
25ef87db-69b8-4696-8eea-dd67066efdab,5,375.14,59.0,malaga,vip,75.02799999999999
25f1969e-eddc-4862-ab2b-3e69c276ee08,4,278.84000000000003,33.0,sevilla,recurrente,69.71000000000001
25f97628-8a7b-4617-b77a-1834287cf7ac,5,515.46,40.0,sevilla,recurrente,103.09200000000001
25fb731a-06d4-4135-97d0-b2ca99bfa375,9,835.64,44.0,malaga,nuevo,92.8488888888889
25fbb320-77d5-4a4f-8f75-b0dfd64d8b20,6,312.92,37.0,valencia,recurrente,52.153333333333336
25fffc0b-6d5d-4466-a5c5-1ea8f4e975ab,11,1876.5809000000002,37.0,madrid,nuevo,170.59826363636364
260469eb-8088-4671-bfbe-403c7442ac45,10,1124.22,43.0,madrid,recurrente,112.422
2607b6af-d746-4096-bcf0-bdd36211c2b6,7,730.41,40.0,barcelona,recurrente,104.3442857142857
260e5b36-253c-49ae-abb2-73dad983b1db,2,133.63,54.0,barcelona,recurrente,66.815
26142299-5d7b-4a46-b874-ca4fcc23e4e3,11,758.25,23.0,sevilla,vip,68.93181818181819
2616ff43-7d86-40db-9e91-590da8fb5d52,6,372.15,40.0,vigo,corporativo,62.025
261ebfb7-e562-46fb-8916-02ae8849b278,5,846.49,45.0,bilbao,vip,169.298
2620e2da-f7f5-43ff-8a22-ef8f422f640a,15,1852.56,50.0,madrid,recurrente,123.50399999999999
26308634-b589-4453-ac97-387571e2f6bb,5,191.99,33.0,bilbao,vip,38.398
26422f66-ddd2-4b55-864e-bb6bb4fa668d,12,1265.26,36.0,zaragoza,nuevo,105.43833333333333
2642bbac-6efc-4b68-8b96-54810d88c9ac,3,409.65999999999997,56.0,sevilla,recurrente,136.5533333333333
2652002e-2682-4ced-a0dc-3a2a5dac60f8,7,851.57,33.0,sevilla,nuevo,121.65285714285714
26553771-e597-479a-9bd3-2d36857b1a78,4,377.45000000000005,29.0,valencia,nuevo,94.36250000000001
26592831-5939-4af6-870d-66a6044f9242,6,978.6800000000001,32.0,zaragoza,recurrente,163.11333333333334
265f611b-2d2e-40a3-8554-8fea20d96492,5,231.69,60.0,murcia,nuevo,46.338
2660da1a-51eb-4728-b9d0-3869b2c3f86c,9,742.1800000000001,54.0,sevilla,vip,82.46444444444445
266c0f03-0524-4bb2-a003-08695b028220,4,663.8,27.0,madrid,recurrente,165.95
2687ea67-9a63-481a-b7fa-838d8e15e3c6,7,470.85,34.0,granada,nuevo,67.26428571428572
268bb194-1291-4a8f-b640-2cc76466dc32,3,139.82999999999998,58.0,vigo,nuevo,46.60999999999999
268ca800-7039-4dad-8082-04a6c1ad9244,3,374.37,44.0,sevilla,nuevo,124.79
269421cb-1298-4675-804e-93a111fadba1,5,708.37,45.0,valencia,recurrente,141.674
269996cf-1dde-421f-9d38-7c1c24f81a82,11,1003.35,40.0,vigo,nuevo,91.21363636363637
26a18603-bcc7-4af9-b185-f55c5c7e44b9,6,656.59,18.0,malaga,recurrente,109.43166666666667
26a21ed7-4e87-4ccc-838c-55d9638a1ffb,5,600.96,46.0,bilbao,vip,120.19200000000001
26b8560d-40c3-48c3-83b4-3a7f59e71665,2,109.88,59.0,bilbao,recurrente,54.94
26b9e189-5637-4bdf-9fb3-0cf8df07cb3a,6,527.23,45.0,bilbao,recurrente,87.87166666666667
26eaa05f-0ded-42bf-bca1-290719cc12cf,10,1067.93,35.0,zaragoza,recurrente,106.793
26ed8e23-a054-467d-9650-b116990033af,7,1040.6409,42.0,malaga,nuevo,148.66298571428572
26f70de0-383f-4c51-a18a-444318d8787c,5,841.52,51.0,madrid,recurrente,168.304
26f71d90-c9af-4e21-8f66-6bd8f903b7f9,4,288.67,43.0,granada,corporativo,72.1675
26fce8ff-14e6-4823-9022-1d56ba4b62fb,6,420.08,48.0,murcia,recurrente,70.01333333333334
26fd1ad2-25c2-40b0-9978-02ec86107310,7,492.6,47.0,sevilla,corporativo,70.37142857142858
26ff7fd0-9054-4cbf-b082-7735bb23f02a,3,318.53999999999996,41.0,madrid,corporativo,106.17999999999999
26fff8a2-5ffe-47de-9416-f06952638852,6,427.88,22.0,valencia,recurrente,71.31333333333333
2706e4af-bac3-499a-bda2-8890c369a8f8,10,913.09,40.0,barcelona,recurrente,91.309
270b473a-6187-4eba-a613-10a5f015fc48,11,964.12,33.0,zaragoza,nuevo,87.64727272727272
270d0a0b-42ad-4dde-82fc-0bc23f518cd4,5,453.26,31.0,valencia,recurrente,90.652
271026d1-771b-43c4-807d-af83eef6b1ab,10,1469.85,45.0,madrid,recurrente,146.98499999999999
27169572-fb15-490f-8501-e21789773860,5,365.99,18.0,murcia,corporativo,73.19800000000001
271ca4e4-c91c-444d-866e-70498505acc0,11,1087.43,58.0,barcelona,corporativo,98.85727272727273
2723b93d-ef88-4a15-8207-54d3e0cef51a,5,911.35,37.0,madrid,recurrente,182.27
2728926f-4c0e-4d8d-9ccc-619f386a7e47,5,626.37,33.0,valencia,nuevo,125.274
272e5b0f-1e8a-45a2-9a50-0ca8de5446f9,7,1206.17,18.0,granada,recurrente,172.31
273911eb-5cb7-418c-9770-2cc837f6870a,8,1169.0,49.0,valencia,recurrente,146.125
27458c44-d1d3-422c-83ea-0f92414cb405,5,381.17,38.0,murcia,nuevo,76.23400000000001
27470c7d-78e8-46e5-9722-1fed97187b3b,4,447.7,37.0,sevilla,recurrente,111.925
275403a2-6417-4bfc-8cdc-19e42d441df9,5,328.36,55.0,barcelona,corporativo,65.672
275884b5-a828-4d42-aafb-94bb096a46eb,6,402.9,31.0,malaga,recurrente,67.14999999999999
27641f33-261f-40c1-ace6-a371ee614dd8,8,638.75,37.0,malaga,recurrente,79.84375
276816f9-37d3-4604-8cce-603fd3d05191,7,708.76,31.0,granada,corporativo,101.25142857142858
276cf1be-1837-4072-81ed-c83756e1bd0f,2,250.86,36.0,vigo,recurrente,125.43
2777203a-c421-400c-94da-3928a888d84c,6,436.98,36.0,madrid,nuevo,72.83
27788678-87ac-46ef-97b9-caad2bc40aaa,13,1362.49,51.0,barcelona,recurrente,104.80692307692308
277fdf98-50b2-4d38-8ba0-e7e50d0b588d,1,112.47,31.0,zaragoza,nuevo,112.47
2781e24d-293b-474d-8423-cf1e3a1d484f,3,388.87,47.0,vigo,recurrente,129.62333333333333
27945fa3-6ae1-4bbb-9ec7-69f60ef99cf7,5,630.98,18.0,valencia,recurrente,126.196
27a30f16-dc1e-41ce-927a-3547de08b033,7,500.1,48.0,bilbao,recurrente,71.44285714285715
27a6a2f2-2c38-4331-9073-b634c043bb1e,7,467.45,55.0,malaga,recurrente,66.77857142857142
27a82b83-5532-45df-ad56-3eb4bf5d77b5,5,470.97999999999996,35.0,barcelona,recurrente,94.196
27aa24ca-962f-4efa-bf14-219397de1283,6,987.93,27.0,sevilla,nuevo,164.655
27b0b22e-f9f7-44c2-888f-3514ac78e225,7,815.6899999999999,42.0,madrid,recurrente,116.52714285714285
27baf022-5b73-485f-9b4a-cf8a05b4bfd7,10,1013.09,30.0,sevilla,recurrente,101.309
27bcdfd1-5281-4d9f-aebb-bb16a48d4add,6,505.78999999999996,44.0,granada,nuevo,84.29833333333333
27c33950-83fa-46c0-b4ba-0a06145c133f,9,1393.27,50.0,murcia,nuevo,154.80777777777777
27c6283b-ae5a-4de2-b8b3-89f3366d7cd2,10,1014.96,54.0,murcia,corporativo,101.49600000000001
27d74fe9-4ccb-43c5-8fdc-e21f70f0df70,5,572.19,36.0,bilbao,recurrente,114.43800000000002
27d82bdc-d4ae-4330-b744-52adff2c7a27,6,388.25,32.0,bilbao,recurrente,64.70833333333333
27db1915-671d-48e8-98af-61a3725ddf58,8,907.28,43.0,valencia,nuevo,113.41
27de7fad-9814-4952-b6b4-b882d7b893b3,4,265.02,23.0,vigo,vip,66.255
27e132fb-75df-4048-85e1-8268ef3ec414,4,223.62,39.0,valencia,recurrente,55.905
27e70100-a473-45d2-adec-57e17ff8677b,5,652.62,53.0,madrid,vip,130.524
27e78571-06af-438f-8d02-19e702195370,7,665.47,58.0,granada,recurrente,95.06714285714285
27ebc789-dfa3-4a6c-ac7c-d129f7353e97,9,904.33,37.0,valencia,nuevo,100.48111111111112
27f7e82e-8056-4911-a86d-48400f8e7125,6,479.19,41.0,zaragoza,corporativo,79.865
280359c3-0076-4043-bd90-5d9842ba7f34,11,2152.31,29.0,valencia,vip,195.66454545454545
281b1829-5f8a-4304-88f6-fc4ac3dc212a,2,180.97,43.0,madrid,corporativo,90.485
282c1fad-2023-4f44-a613-6b2a079ee015,6,519.1800000000001,41.0,valencia,recurrente,86.53000000000002
282f49ae-a949-4725-9c06-078c3626f4ec,7,691.48,26.0,madrid,recurrente,98.78285714285714
2835b24d-e058-4202-85b3-7b89f3ec1d90,2,107.28999999999999,18.0,barcelona,nuevo,53.644999999999996
2845322c-8cdf-4896-ad46-dbf3d0a0fdab,12,739.9300000000001,32.0,sevilla,nuevo,61.660833333333336
2846fe46-d1b5-4ef6-8aa4-d0c978bbcffa,6,821.3,19.0,malaga,nuevo,136.88333333333333
2853d991-9ca8-4e08-a6c4-8c167acb374d,9,899.01,35.0,madrid,recurrente,99.89
285880aa-1443-4505-a73a-92460360147b,10,1037.61,58.0,malaga,corporativo,103.761
2858c6e8-a23e-45a8-8a4a-08b049480efe,6,649.88,61.0,bilbao,vip,108.31333333333333
285f485b-ccaa-457e-9948-2cd4fe0e603a,5,463.22,40.0,granada,recurrente,92.644
2866c478-87df-4b3b-8444-98cb0f125bc5,5,540.55,44.0,valencia,recurrente,108.10999999999999
2873217f-8d17-48fc-b7db-56ae8398b6a4,5,267.31,44.0,barcelona,recurrente,53.462
2880e84a-e785-42c8-9ae2-057d2cf922e8,7,769.38,47.0,valencia,recurrente,109.91142857142857
28831117-dddc-4281-90f4-0d9253355f95,9,980.27,31.0,sevilla,vip,108.91888888888889
28890628-72f6-4ab3-a48f-f885b409d066,3,188.14,42.0,sevilla,nuevo,62.71333333333333
2893f012-040c-477a-9983-85bc806fb0aa,3,668.3909000000001,42.0,bilbao,recurrente,222.7969666666667
289ef743-4766-4c0b-8481-bed03b5f7810,10,762.92,32.0,sevilla,nuevo,76.292
28a3f5a4-5d04-434f-a2e8-d81db6ff53a2,8,1048.2909000000002,53.0,barcelona,nuevo,131.03636250000002
28b4e122-5780-4d44-aab4-d1a67d24cd8c,7,1515.7109,54.0,madrid,corporativo,216.53012857142858
28b81df5-db29-467c-bb74-30eddcfd826e,7,474.77,54.0,granada,nuevo,67.82428571428571
28b82f75-465e-4f54-a0ee-42d316cb1ec3,5,794.1909000000002,59.0,murcia,recurrente,158.83818000000002
28bb21da-47c1-4da2-a763-b4c654793877,7,776.27,47.0,valencia,corporativo,110.89571428571428
28c330eb-cd55-4bb0-8852-2d2d2e9400a0,8,581.99,35.0,malaga,recurrente,72.74875
28c3df8c-23d6-4d29-a30b-b214d4be9a8e,6,784.6700000000001,43.0,granada,nuevo,130.77833333333334
28ca000f-84db-4f02-bc13-c4d9451b6b3a,5,253.33999999999997,63.0,zaragoza,nuevo,50.66799999999999
28cada9b-3ff1-4447-b4d2-bdb13b60fb27,5,249.41000000000003,38.0,bilbao,recurrente,49.882000000000005
28d298c6-14d2-44ca-9e81-058880de5d87,7,678.08,24.0,barcelona,recurrente,96.86857142857143
28d909ba-17ef-4448-a2ed-93ff09ab4c72,7,967.0209000000002,53.0,murcia,recurrente,138.1458428571429
28e78e69-5010-4fd7-8fe8-6585d9a7892b,6,699.0,51.0,bilbao,recurrente,116.5
28e94211-ea78-4110-a5e8-941a6c4d40ba,8,1360.74,40.0,sevilla,nuevo,170.0925
28eca91d-cef6-444c-b4f2-1a748078c7d1,9,1369.6609,31.0,sevilla,nuevo,152.18454444444444
28f364dd-46e9-4a2d-8b38-0a4de839e939,10,734.89,38.0,malaga,recurrente,73.489
2914968a-3a29-4a5d-8c34-b15df4cbca48,1,14.72,43.0,vigo,vip,14.72
2914b92e-3ee6-4782-be52-f6a4b763dbe0,3,172.27,29.0,vigo,nuevo,57.42333333333334
291c89d5-34a5-40bf-b2ad-618a7310d9f5,11,525.4300000000001,37.0,bilbao,nuevo,47.76636363636364
291e3c86-1c43-4be0-9dcc-5b77887900f8,6,771.16,43.0,malaga,nuevo,128.52666666666667
291f3a33-218d-4761-8a7f-09f5a2aa4e87,8,789.4399999999999,33.0,valencia,nuevo,98.67999999999999
29213466-4a7a-4d4d-9cc7-2e805d66b791,9,855.3,32.0,bilbao,recurrente,95.03333333333333
2925e2d7-9c95-47fc-acde-9662df357f4c,7,336.0,55.0,barcelona,recurrente,48.0
292d3279-4c5a-4c1c-8afa-e6544b14142f,9,952.36,38.0,sevilla,nuevo,105.81777777777778
2935b6d2-3578-4e63-aae1-96576bc08fdd,9,761.9300000000001,43.0,granada,recurrente,84.6588888888889
29401768-919e-43a6-9e5e-dd79df8fc322,4,245.82,59.0,madrid,corporativo,61.455
294fc174-b6df-4233-8fdb-f30af56ee242,7,594.43,50.0,zaragoza,nuevo,84.91857142857143
29554ae8-ba20-4b4d-9276-77b5051ff721,5,550.76,52.0,murcia,vip,110.152
29573224-858c-464e-a9c4-aa25e3bb085f,10,1023.96,52.0,valencia,nuevo,102.396
295826c7-3dc5-44f8-a713-4e76b9da2bb0,10,912.06,56.0,malaga,nuevo,91.20599999999999
295d25ff-e253-4753-b395-29ffecb01827,5,318.07,46.0,sevilla,vip,63.614
2962a771-9ec1-4c99-8e9c-bd9dccccc075,9,1490.49,37.0,granada,recurrente,165.61
2983a808-30f5-4e6b-9a4c-1a37e97db444,10,933.77,57.0,valencia,recurrente,93.377
298953e0-e0f3-4fd9-9b64-9aa9f40dae56,6,492.06,35.0,malaga,nuevo,82.01
299293f4-becb-40b4-bad6-16190c5b313b,7,783.44,43.0,valencia,vip,111.92
29992bbf-7d83-4047-aa67-5065b7701922,7,946.7609000000002,53.0,madrid,nuevo,135.25155714285717
299dec6a-dd6b-47d2-8056-7bfc0e65ace0,6,533.66,46.0,murcia,recurrente,88.94333333333333
29cb1f6e-2aa4-4f45-a625-5900671cf8fe,9,1094.88,45.0,murcia,recurrente,121.65333333333335
29d28ae5-274c-4462-b48e-46e9ff5f180f,6,724.02,27.0,valencia,recurrente,120.67
29d86711-7e69-4bd9-80ac-94b7de26ade5,4,470.39,40.0,granada,recurrente,117.5975
29de58a0-a142-4a9a-9f5a-ab4949943f21,9,687.11,18.0,granada,recurrente,76.34555555555556
29f54c38-7259-4874-994a-bbdf1b592e2c,8,594.75,43.0,zaragoza,recurrente,74.34375
2a2043e7-fa0a-41d3-919a-62140ead02bc,6,564.06,54.0,zaragoza,nuevo,94.00999999999999
2a26036c-b9a8-47e2-9ea3-a91b7f3aac79,4,583.06,37.0,malaga,nuevo,145.765
2a36d6e2-3e07-4ba1-9c56-88b4515344a8,4,453.65999999999997,61.0,zaragoza,nuevo,113.41499999999999
2a51dce7-0a93-4ec9-aa2f-fc2f458bcb17,7,571.5,26.0,murcia,vip,81.64285714285714
2a5298e1-9a2c-4031-bff4-42954a6aaa0b,3,203.96,36.0,murcia,nuevo,67.98666666666666
2a57e1fd-a3f5-4446-a4e0-4640d560fdc3,6,689.14,35.0,malaga,vip,114.85666666666667
2a584522-7926-4072-abe0-f1d78d0e1eab,2,264.1,41.0,bilbao,nuevo,132.05
2a58bc34-f9c8-4cd3-b903-8f645032aae9,8,613.04,32.0,sevilla,vip,76.63
2a65081f-8f65-4387-8d98-7ebee0ae5757,4,253.01,42.0,barcelona,recurrente,63.2525
2a6913ab-8a1c-49f6-8952-2b89a21d2a05,4,264.86,27.0,valencia,nuevo,66.215
2a70086f-6edd-4f12-b7f7-b02d28378386,8,730.0,33.0,zaragoza,nuevo,91.25
2a72fd84-9cf5-4d66-b205-1b73addd2959,4,343.4,32.0,zaragoza,nuevo,85.85
2a7ace35-52d3-4690-8dbf-5fd6eba01d14,8,915.96,44.0,madrid,recurrente,114.495
2a7e6d95-4f12-461b-8601-d2193e45c1c5,8,479.02,66.0,malaga,recurrente,59.8775
2a9842ec-b5fd-400b-8731-8d175d2dfd64,6,566.38,36.0,vigo,recurrente,94.39666666666666
2aa03bef-f93e-4298-87b3-dc7441dc52f4,7,952.98,27.0,bilbao,nuevo,136.14000000000001
2aa3e2d3-ab35-47dd-a470-b6bae91b804a,10,1170.33,28.0,zaragoza,corporativo,117.03299999999999
2aa4a804-8975-49bf-a7be-ed90bf95d9c3,8,972.9,46.0,granada,nuevo,121.6125
2aabd339-3268-4de8-954b-54c039ed19a1,4,573.0,34.0,valencia,recurrente,143.25
2ac704f3-c2bb-4a4b-a728-e9f38abf02bd,7,312.26,26.0,barcelona,nuevo,44.60857142857143
2aca2b83-2abe-4357-960d-b4803c531c3c,3,214.20000000000002,24.0,barcelona,corporativo,71.4
2ad9d8c6-a641-41cc-aec3-5da0d24a8e01,4,557.78,41.0,malaga,recurrente,139.445
2ae9684e-6d2e-49a2-afd1-1dc076441ac1,4,328.98,66.0,bilbao,recurrente,82.245
2af09991-7c31-4cd8-988a-195f162cb3de,11,1267.07,41.0,vigo,nuevo,115.18818181818182
2af18ebb-9766-4044-aabc-3b67df6a6c9a,8,815.09,50.0,bilbao,nuevo,101.88625
2b036d16-4d71-41ad-8bd7-5b2428044447,9,837.26,47.0,zaragoza,recurrente,93.02888888888889
2b04a66e-a3d9-4486-a58f-d8f7e0e07946,7,761.93,29.0,valencia,nuevo,108.84714285714286
2b14c7e3-4206-43cb-9394-db79d28ca33d,2,175.99,70.0,vigo,corporativo,87.995
2b316fc3-a8e4-4df3-b9e6-d9dd89b6ffbd,6,1093.6609,58.0,madrid,recurrente,182.2768166666667
2b41919e-65ea-4947-9ace-154d203356fa,8,559.9,34.0,vigo,recurrente,69.9875
2b4304cf-6b95-4ef2-9212-fe5afda71b0e,7,1063.01,31.0,granada,recurrente,151.85857142857142
2b5929aa-aa12-443c-9606-17910ab1fdfb,9,762.58,18.0,malaga,recurrente,84.73111111111112
2b59e7b6-c287-43e4-adbc-46c2ffc1648f,9,626.85,38.0,barcelona,recurrente,69.65
2b59ffc0-8bff-4e44-8c63-ed3f63ea6620,12,906.05,53.0,vigo,nuevo,75.50416666666666
2b651117-5f16-4a56-976b-892d6739a779,4,364.15,23.0,murcia,nuevo,91.0375
2b6e4698-df76-4e6c-9ec2-7bf52d07d40e,9,1718.4009,53.0,malaga,recurrente,190.93343333333334
2b8f10e1-0e06-470f-b7ad-2a3ea94996a6,5,664.32,66.0,bilbao,vip,132.864
2b90418d-ebc3-4bd2-b951-0df8e58fab07,5,470.3,37.0,madrid,nuevo,94.06
2b90af15-8ecf-47bd-ad8e-b6eeb32637be,6,825.1,27.0,sevilla,nuevo,137.51666666666668
2b947478-52bd-440a-9df2-769015a54428,10,1677.22,37.0,granada,recurrente,167.722
2b9f9385-c9d7-4c34-b585-6ea4330ec654,11,1036.43,40.0,bilbao,vip,94.2209090909091
2b9fe0c5-fffb-4614-b13a-9834a8e3e68a,3,194.82999999999998,46.0,murcia,recurrente,64.94333333333333
2baa924f-3cd2-470d-b4b9-10cca75dc6f6,7,539.52,39.0,zaragoza,vip,77.07428571428571
2baf9abc-8553-48e9-b4dc-eb94c46dad41,11,1252.46,49.0,granada,vip,113.86
2bafca2e-d334-430a-ad18-b9e693f2fa54,7,656.95,41.0,valencia,vip,93.85000000000001
2bb14bf1-968e-4233-8f83-c1c8f6809f45,8,748.29,52.0,malaga,nuevo,93.53625
2bc289a1-6753-4764-a576-70ae4197b738,9,1665.3799999999999,64.0,madrid,nuevo,185.04222222222222
2bc29cdd-88b5-4881-b375-d1571c0a3bab,9,893.84,46.0,bilbao,corporativo,99.31555555555556
2bc6ca2a-8cec-4749-953b-987d8589de44,8,595.13,46.0,valencia,recurrente,74.39125
2bc976ed-3b06-412c-9676-3f999699fa63,4,614.5600000000001,48.0,murcia,nuevo,153.64000000000001
2bd459ed-3473-460a-b009-907a925c8ab2,10,725.27,48.0,madrid,nuevo,72.527
2bd982ef-c48e-4fff-bb5b-8c955ea99367,5,356.62,46.0,granada,nuevo,71.324
2bde6851-fbca-43a8-ac3e-81c901255daf,3,281.9,61.0,zaragoza,recurrente,93.96666666666665
2bdfc1c6-224a-4fcd-86e3-56e3820e3747,7,862.6,18.0,vigo,nuevo,123.22857142857143
2be96bfd-a2cd-411e-9a9c-d8fd3342ece8,7,578.03,27.0,granada,recurrente,82.57571428571428
2bee617d-d633-486b-bda4-a883174f506e,5,548.6600000000001,51.0,malaga,nuevo,109.73200000000001
2bf8642b-5621-43cf-9d5c-d9767ba3fa1a,6,550.5899999999999,22.0,vigo,nuevo,91.76499999999999
2bf87d36-7bda-4be7-82c5-b2289338bd03,1,121.52,51.0,madrid,recurrente,121.52
2bfa1ef9-03c2-4519-a32c-31f8a9e1911c,9,1027.1100000000001,48.0,valencia,vip,114.12333333333335
2c081501-9480-4a01-8514-19a5bea1f698,8,633.76,24.0,vigo,corporativo,79.22
2c0de8eb-435f-49e4-9817-6e5ad39230e7,8,863.95,18.0,murcia,recurrente,107.99375
2c167bff-f905-49f0-bade-68af589c6e64,6,849.6800000000001,31.0,malaga,nuevo,141.61333333333334
2c2189be-0ab4-4453-804b-d04c35198ac5,4,256.81,41.0,barcelona,recurrente,64.2025
2c26d8c0-3e36-4e6a-a594-27e0fac94987,6,356.59000000000003,55.0,vigo,nuevo,59.43166666666667
2c27b77b-a24e-4d45-a3a6-601eb4c19e25,6,642.16,32.0,malaga,vip,107.02666666666666
2c2bc5c1-b756-4ca1-aeea-8f46313f3bc4,12,1201.12,40.0,barcelona,recurrente,100.09333333333332
2c2c72fb-0eda-4d32-ad42-31d834c51414,7,1072.73,24.0,valencia,recurrente,153.24714285714285
2c3139f1-4ce1-4f9f-adb3-ca4eef88896c,6,590.4,24.0,granada,recurrente,98.39999999999999
2c408633-73c6-4ba8-81da-dc65563ceaac,10,1313.19,30.0,valencia,nuevo,131.31900000000002
2c4b4f79-91db-4ed7-bb76-82cd7152da85,11,815.29,40.0,murcia,vip,74.11727272727272
2c5193ec-8a65-41ac-9c9f-f298996f8ff9,7,1108.01,41.0,granada,recurrente,158.28714285714287
2c51968d-31c6-4157-9113-ccbb3253f551,6,371.25,34.0,madrid,recurrente,61.875
2c639024-65aa-44ed-9472-742987949216,3,211.47000000000003,40.0,malaga,corporativo,70.49000000000001
2c781294-31a5-4cc8-bcab-38cd41911751,5,760.35,46.0,granada,recurrente,152.07
2c7a49ff-d239-4d8a-bc50-542019a602e8,4,357.01,29.0,bilbao,recurrente,89.2525
2c850d66-4785-4f25-96bd-3b4d234d1761,9,1301.3300000000002,42.0,valencia,recurrente,144.59222222222223
2c9100b5-25f8-45ae-96af-589197d96e0a,7,799.14,40.0,sevilla,nuevo,114.16285714285713
2ca04b68-51a5-428f-9abd-7cfb1bac382d,7,832.73,27.0,bilbao,nuevo,118.96142857142857
2ca56062-b739-4944-8114-42ed0a0f91e6,9,1201.1909,60.0,malaga,recurrente,133.46565555555557
2ca8979c-4027-4772-b801-1125b626182d,5,494.54,36.0,barcelona,nuevo,98.908
2ca90f63-000c-4132-8202-a5b917748c23,2,223.5,55.0,valencia,nuevo,111.75
2ca9779b-4372-416c-acdc-f4c0e037d73b,6,823.99,50.0,barcelona,corporativo,137.33166666666668
2cad3024-a221-4c2a-a9d7-1d3021823811,7,770.16,43.0,bilbao,recurrente,110.02285714285713
2cbc9c9e-a1ee-4cba-946a-ff48d3a66a04,7,928.3499999999999,26.0,valencia,corporativo,132.62142857142857
2cbcded7-8b31-4f32-b550-6fe8a612b859,9,703.95,42.0,vigo,nuevo,78.21666666666667
2cc40c77-2f52-44b1-b00d-f5234e00d19c,12,1609.77,37.0,bilbao,recurrente,134.1475
2ccb3c6d-97c3-4432-a94c-f58375b2e9bc,5,203.7,62.0,murcia,vip,40.739999999999995
2cd0c1cb-aa8f-486b-8f07-9c95b834da6b,7,552.01,59.0,granada,recurrente,78.85857142857142
2cd62e34-b432-4e64-97d6-d369dd261ce9,6,511.82,35.0,granada,corporativo,85.30333333333333
2cd72194-3bb9-4faa-a746-96ae161e0874,7,432.48,48.0,bilbao,recurrente,61.78285714285715
2cdaf7bf-c5f0-4927-adc3-30da1f21da92,7,640.98,46.0,madrid,nuevo,91.56857142857143
2cdbefce-3dd1-404d-bb9e-912fdea9a6d2,3,414.01,59.0,valencia,corporativo,138.00333333333333
2cdef6ce-4e30-48b3-ad34-f896b8fe9c67,4,473.33000000000004,33.0,barcelona,vip,118.33250000000001
2ce28a6a-9d2b-431a-be16-b9e7fefa29f9,5,746.0309000000002,34.0,valencia,recurrente,149.20618000000005
2ce3560f-4f56-431b-bef3-7b0cf6c0a5d8,1,73.1,43.0,malaga,recurrente,73.1
2ce61dfa-808a-408c-bead-57c5342c40b7,4,943.4609000000002,35.0,murcia,nuevo,235.86522500000004
2ceb34d1-3cb3-4d7e-bd7f-5eb8a8ff950b,9,762.4,39.0,madrid,recurrente,84.71111111111111
2cf429c0-fb96-4602-84a2-5d68a84c1659,8,1209.38,21.0,madrid,recurrente,151.1725
2cf90b30-148b-45ac-a91b-dc9ead161440,8,1092.12,23.0,vigo,corporativo,136.515
2d01c732-1d93-46fd-9850-e599aacba6ee,7,310.5,31.0,madrid,recurrente,44.357142857142854
2d0526ad-0288-4990-af7b-320151992877,5,400.02,18.0,zaragoza,nuevo,80.00399999999999
2d086751-f893-410e-ac35-9a28018333b3,7,1097.5709000000002,36.0,barcelona,nuevo,156.79584285714287
2d0d323e-f909-45fc-9883-b1f2cb861b3a,6,791.1,57.0,malaga,vip,131.85
2d110dcb-c3f7-4d70-ba61-793b34b41ade,5,408.47,47.0,granada,recurrente,81.694
2d1a9020-1da8-4f34-aa1e-46bbd0eb991a,11,1916.9309,38.0,madrid,nuevo,174.26644545454545
2d298a8f-768a-455c-a81d-89d36638a445,10,750.14,44.0,granada,nuevo,75.014
2d30f930-8e94-450c-ad94-8b357cc914c1,7,968.09,28.0,granada,vip,138.29857142857142
2d38fb08-3501-48f0-843f-96e037e639ed,4,319.47999999999996,64.0,granada,vip,79.86999999999999
2d3af572-fd54-47b1-84dd-1227a8cc5eb5,6,442.18,44.0,valencia,corporativo,73.69666666666667
2d4bd464-b9ea-4c65-b652-548f3ea97d55,9,778.81,45.0,granada,recurrente,86.53444444444443
2d562e3b-a413-4a23-affb-daf44b3bff2b,6,502.23,58.0,madrid,nuevo,83.705
2d5a5d33-420d-4f6b-be3d-1ae4711a14c9,8,621.42,43.0,bilbao,recurrente,77.6775
2d5f5880-6be9-4208-adee-a682a802b6ed,5,566.86,49.0,granada,nuevo,113.372
2d6534b9-8309-448d-8a01-e1a848f2ab81,10,1394.5,42.0,granada,nuevo,139.45
2d65812a-967c-4b5c-9f0a-7f430f4ba35b,8,1013.49,54.0,bilbao,nuevo,126.68625
2d72941e-abb7-4b6b-9100-a4b148a2b949,4,722.9000000000001,56.0,bilbao,nuevo,180.72500000000002
2d78ded2-e0e8-4ebb-9afa-cd5330a0c425,8,737.8599999999999,51.0,murcia,recurrente,92.23249999999999
2d7fa7cb-2a87-4320-91ae-de3087365e0e,11,876.76,34.0,barcelona,nuevo,79.70545454545454
2d801717-0a3d-40af-869e-c81b20ccb7a0,9,1246.93,39.0,bilbao,vip,138.54777777777778
2d8c3bd6-161e-4ce3-b94e-1e75a3f9488c,6,444.49,52.0,malaga,recurrente,74.08166666666666
2d8fd0e2-5b23-430f-8f44-3a8e1cf6d503,3,379.39,50.0,madrid,recurrente,126.46333333333332
2d95718f-0def-43d8-8a73-04d590894b22,8,993.39,56.0,bilbao,corporativo,124.17375
2d9f01b1-884e-480b-99a5-d463647b67ce,1,22.02,49.0,murcia,nuevo,22.02
2da2b8ae-90c5-4ac9-bfff-9b3a1796e6ec,13,754.63,18.0,sevilla,recurrente,58.04846153846154
2da77b8e-c836-44d8-b475-ee7f3d0b8e17,4,406.2,46.0,valencia,nuevo,101.55
2da7d787-f065-4ed6-98d9-762beef69800,12,607.34,40.0,sevilla,nuevo,50.61166666666667
2da9e2e3-c891-4dfd-87da-66b3e500d420,2,270.81,39.0,granada,vip,135.405
2db1b582-84bc-4c28-835e-37895af6a6e3,4,660.81,50.0,barcelona,nuevo,165.2025
2dbb1dc3-db30-4e3d-a9f2-ec6bf05faf4c,6,462.76,54.0,sevilla,recurrente,77.12666666666667
2dd16b22-ff21-491b-b101-a50c0784ec8b,5,542.51,56.0,sevilla,nuevo,108.502
2dd173d2-7ff3-47f5-bcdb-c264e8aae364,6,778.97,60.0,malaga,vip,129.82833333333335
2de6907d-1f97-4a37-a6c3-9e0f2eb57c7a,5,383.09,37.0,valencia,nuevo,76.618
2deef0f6-c292-410c-baeb-702346a584b6,3,234.64999999999998,30.0,valencia,vip,78.21666666666665
2df9858e-e3b1-4af5-a7e3-3b1da91674ec,8,703.4,49.0,vigo,recurrente,87.925
2e11cea8-466a-4e44-b270-72fe693853db,8,798.69,36.0,murcia,recurrente,99.83625
2e19db72-dba2-4fd3-8da6-f0074f6a7bd9,8,1223.47,52.0,murcia,vip,152.93375
2e1f997d-0b1d-47cd-a9da-cb11a83492de,7,405.3,18.0,valencia,vip,57.9
2e201cbd-a228-4fa8-99e3-142aec444e92,4,435.79,50.0,granada,corporativo,108.9475
2e2147fd-03ae-4cb6-9fba-86ca96ad5b41,10,794.38,58.0,madrid,recurrente,79.438
2e372996-abaa-48e4-a85d-e52059201072,6,820.69,24.0,madrid,recurrente,136.78166666666667
2e37e789-1208-48ac-8299-14e5f2d5b75e,8,526.62,56.0,valencia,recurrente,65.8275
2e3ad22d-8cfe-4043-b377-43bbdce74ccd,7,599.48,36.0,bilbao,vip,85.64
2e440a1e-c785-42fe-9468-38c2f27dd534,10,1274.42,32.0,murcia,recurrente,127.44200000000001
2e4cadb0-62e4-427c-b13f-a11bb540cfa3,5,549.33,56.0,madrid,nuevo,109.86600000000001
2e563b84-58b2-417d-bb07-706f563a6cf2,9,1423.2609000000002,41.0,murcia,nuevo,158.14010000000002
2e57a64e-7baf-4ba3-8e3a-23ccd8256ec0,6,1278.69,57.0,zaragoza,corporativo,213.115
2e65b9d8-5c56-4dc7-b9bc-f66eb33b9348,7,705.49,20.0,vigo,corporativo,100.78428571428572
2e70ac64-faae-4624-8bdc-3da280ad896b,4,219.70000000000002,25.0,bilbao,corporativo,54.925000000000004
2e7cec03-f433-4f67-b329-25dfeed606ab,3,186.58999999999997,40.0,granada,nuevo,62.19666666666666
2e8f4075-0a9a-43c5-8a88-06b0e387445c,5,727.92,41.0,zaragoza,recurrente,145.584
2e8f5661-cd4b-45e1-9e86-8975dc670b6b,6,519.97,34.0,malaga,nuevo,86.66166666666668
2ea4b40f-c77f-4281-897f-ab0cc678a039,12,1898.2509000000002,37.0,murcia,recurrente,158.187575
2ec84cf4-0c8c-4f08-94be-e33152bb7dd2,9,683.17,40.0,sevilla,recurrente,75.90777777777777
2ee17296-0ad1-4db2-9132-c8e1aee12377,10,1619.0109000000002,46.0,murcia,recurrente,161.90109
2ee6512d-f0c8-40d3-b013-655e097c79e0,12,1466.45,36.0,valencia,recurrente,122.20416666666667
2ee8cc84-6b4e-4c1b-a6c5-1c5583d4cc06,4,491.88,39.0,barcelona,recurrente,122.97
2ef5ac6b-fcc1-4219-a86c-0ca7119035c0,10,1124.77,72.0,murcia,vip,112.477
2ef8dbd9-5824-415a-ab14-c909ec9cc1b1,8,599.46,43.0,granada,recurrente,74.9325
2f001483-ed22-4eba-8c0e-c1f5bc793ecb,4,410.85,33.0,vigo,recurrente,102.7125
2f092963-15d7-4e9a-b339-42e3c210fd4c,5,381.68,23.0,murcia,recurrente,76.336
2f0cb208-7b79-40f1-b03b-36f0f6f37e38,2,281.89,53.0,sevilla,vip,140.945
2f11e8c9-35a8-4a1f-9a93-5a1f2c99c39d,7,783.74,65.0,vigo,nuevo,111.96285714285715
2f120c25-ae38-4ba6-99ec-a189315c17a0,14,1399.45,51.0,madrid,nuevo,99.96071428571429
2f131aa4-1e7d-4fa7-b9a3-a4ff3394bfc1,5,780.38,40.0,vigo,recurrente,156.076
2f186350-9dee-4c55-a2bf-2041e372403a,6,590.22,50.0,zaragoza,recurrente,98.37
2f1cc0af-86c1-441e-afb4-9b77e3b59241,10,1652.4609000000003,38.0,barcelona,corporativo,165.24609000000004
2f206e94-9bd9-445d-87c2-6079c87c124f,5,1033.25,28.0,malaga,nuevo,206.65
2f22f59c-3e56-4823-98d5-57a3c448e688,7,413.46,50.0,malaga,vip,59.065714285714286
2f31696e-2f92-40d2-b96b-d1aa23b6aca5,5,273.03000000000003,40.0,sevilla,corporativo,54.60600000000001
2f36a00d-db53-44e8-a3ff-81836647a73c,5,254.54,38.0,zaragoza,corporativo,50.908
2f38cb28-1a82-4cb7-b384-9642ee84dc84,4,511.29999999999995,43.0,zaragoza,nuevo,127.82499999999999
2f3c2216-8691-4d8f-8e0f-1cb9ba1143b8,9,801.92,47.0,barcelona,vip,89.10222222222222
2f414d91-f72b-42fc-a841-2fa536ceae00,2,284.0,26.0,murcia,recurrente,142.0
2f860e9a-6afa-455c-aa7b-83f16ce69c35,8,1323.23,34.0,madrid,nuevo,165.40375
2f87c5e1-b80d-4452-88c4-38df098e1924,8,518.74,40.0,zaragoza,recurrente,64.8425
2f93b389-f344-42be-9115-7ebe890e7f13,1,56.78,30.0,malaga,nuevo,56.78
2f951aa5-778f-41f5-b264-7e0706c43619,6,674.62,38.0,sevilla,nuevo,112.43666666666667
2f98097f-91ae-42df-812c-77a833ae5cbe,11,959.77,28.0,zaragoza,corporativo,87.25181818181818
2f9ecd9f-4990-4b59-a406-7d184ec3ee6f,5,315.78999999999996,48.0,vigo,vip,63.157999999999994
2f9f56b8-ef85-4095-a9ee-893452dac1e7,4,388.86,45.0,barcelona,recurrente,97.215
2f9fff9d-eea9-431d-8a71-0d13a7c21eaa,4,291.92,45.0,valencia,vip,72.98
2fab209e-215d-4fe9-8162-62202db540fb,10,707.2,52.0,madrid,nuevo,70.72
2fba28c2-96c5-4e0f-a8ad-4c5244909128,7,602.71,55.0,malaga,recurrente,86.10142857142857
2fba6e5f-9e40-476a-b997-b94c97c4d20e,6,561.28,45.0,granada,nuevo,93.54666666666667
2fc55008-0f18-456f-a6ec-ef86f849790d,6,1222.49,39.0,valencia,vip,203.74833333333333
2fd8cefd-7ee6-4a5d-8104-c113fb99858b,10,793.28,28.0,malaga,corporativo,79.328
2fee5c8e-5590-4fa5-84dc-d9d24830fc00,10,787.69,38.0,malaga,nuevo,78.769
2ff4f9d1-8b17-4b70-8811-b974fabcdaa7,1,81.44,40.0,vigo,nuevo,81.44
2ffba85b-ea29-44ed-9307-8786a85378bb,8,1332.5,28.0,granada,recurrente,166.5625
300a4266-dd16-4fcc-86ad-9b4c49004699,6,379.19,44.0,granada,recurrente,63.19833333333333
300a76c5-0b95-425c-a4a3-5752eedec040,13,2032.1,37.0,granada,nuevo,156.3153846153846
3024de9f-2b8a-4683-a217-081980e3fd05,8,877.02,40.0,barcelona,corporativo,109.6275
30252569-4de4-4620-aa4b-9de7dac502f4,6,257.24,31.0,barcelona,vip,42.873333333333335
303027a7-fbf5-4b96-b095-af5d4ebfad70,9,672.42,32.0,murcia,recurrente,74.71333333333332
30321ffa-af42-4ab4-a007-88942be833c6,11,878.4599999999999,39.0,barcelona,recurrente,79.86
303356b3-fc6b-4da4-9765-1e35559e055d,8,345.33,22.0,valencia,recurrente,43.16625
30351a26-41f2-4bf8-8efa-0b23e264a170,5,370.82,29.0,malaga,vip,74.164
3045a4d3-1f96-4f51-b0f5-119560c7f753,7,609.6,60.0,malaga,nuevo,87.08571428571429
304c8c8a-3ab5-45eb-819f-186891884fc8,7,624.44,48.0,granada,recurrente,89.2057142857143
3051f183-19ca-4d8d-9c58-edf2e02f611f,5,544.66,50.0,malaga,corporativo,108.93199999999999
305f75ce-dadf-4291-8d74-d55d6e561404,5,411.23999999999995,18.0,zaragoza,nuevo,82.24799999999999
306135b9-85ae-4ecc-ab75-4ed63773d122,7,455.97,39.0,valencia,recurrente,65.13857142857144
306a1d8b-6fcc-41ec-b6ec-a397eaa8c33c,10,1453.99,41.0,sevilla,recurrente,145.399
307271b3-a16f-4a88-bf6c-d5be3bd10c6d,1,62.34,54.0,barcelona,corporativo,62.34
308d52a1-940f-4cd1-aa47-a78225792401,4,787.5699999999999,50.0,vigo,corporativo,196.89249999999998
30976bf8-8828-41fe-b1df-101604228c53,12,726.35,41.0,valencia,recurrente,60.52916666666667
30b466ff-7586-4d36-ba48-07be1db88f62,13,1465.01,33.0,zaragoza,nuevo,112.69307692307692
30bf356c-2632-4eb6-ba3a-47bf3c9aabc0,6,445.89,43.0,bilbao,recurrente,74.315
30c83b67-46a2-4247-9ce3-31cc11983c6e,11,840.12,18.0,vigo,vip,76.37454545454545
30ceacc4-da18-4648-9b51-a1f612cab19f,9,899.99,54.0,malaga,recurrente,99.99888888888889
30d82830-df8e-45b4-ad67-44706ade47e5,7,458.34000000000003,57.0,valencia,nuevo,65.47714285714287
30fa5ee3-2e53-4399-aa5b-64a2cb1b16cd,9,1095.95,38.0,sevilla,recurrente,121.77222222222223
31022d53-21fb-406f-a0fe-2982b2819955,8,809.84,39.0,barcelona,nuevo,101.23
310fe81f-e64c-4e22-b48c-404d7ddcbef8,6,359.31,21.0,valencia,recurrente,59.885
3113a2ab-4aec-432b-8a09-9cc93a96b740,8,634.05,45.0,valencia,recurrente,79.25625
31247906-f412-4840-a3f2-66bf9cbdaa0a,5,520.95,71.0,zaragoza,vip,104.19000000000001
313ecb0c-c9d0-468e-8b26-900a09d1fe91,4,438.57,59.0,barcelona,recurrente,109.6425
313f01b0-cf58-48e1-9254-3d3252cddecd,8,1289.8609000000001,52.0,murcia,nuevo,161.23261250000002
31482ecc-32d5-4b91-8427-07174fa40195,6,456.43,65.0,malaga,corporativo,76.07166666666667
31546647-83fd-4062-ae98-c7cdeafe4355,2,154.1,44.0,granada,nuevo,77.05
316664b2-1973-4317-bd34-ea50792f0190,3,132.39,36.0,vigo,recurrente,44.129999999999995
31682c13-c8e3-4381-8dce-eaafa93607dc,4,196.59,32.0,zaragoza,nuevo,49.1475
31710871-b07a-4bcc-aa72-c65d616ab584,1,70.62,39.0,barcelona,recurrente,70.62
31756ad3-5e54-4fd4-95a4-301f05acd919,6,531.07,33.0,valencia,nuevo,88.51166666666667
31804979-8f47-47d5-93e2-ca4adec110cf,5,524.92,54.0,barcelona,recurrente,104.984
31909995-4458-4d84-ad35-94991b12f3ed,4,525.62,58.0,valencia,nuevo,131.405
319c4d33-22a2-486b-9442-dc559a51271e,4,272.12,36.0,valencia,recurrente,68.03
31aa3e7d-82b9-4364-aac8-52f5ba0722c8,8,753.0899999999999,39.0,granada,recurrente,94.13624999999999
31be24d2-ed53-4139-8e13-29e403c4c8ba,10,1193.8,47.0,malaga,recurrente,119.38
31c73fb9-fbaa-4c80-8176-e1c5505b1452,6,362.08,28.0,sevilla,corporativo,60.346666666666664
31c7a19e-edea-4bf4-b703-e175e986efe8,3,278.18,45.0,malaga,recurrente,92.72666666666667
31d5fd11-e7cf-40a7-8ff2-eafd0bdebf30,10,1002.87,37.0,valencia,nuevo,100.287
31dd2120-2814-4fdc-9da9-26ee50254cc5,8,1234.7909000000002,48.0,barcelona,vip,154.34886250000002
31f81153-4dde-431c-8aa3-a5d2c0aca074,6,744.11,29.0,barcelona,recurrente,124.01833333333333
31f8aeb8-f762-4325-93bd-cf50f234bdf9,12,832.05,46.0,malaga,nuevo,69.33749999999999
32007366-f28d-4c59-b063-3a3c4b59f6de,5,438.70000000000005,33.0,granada,recurrente,87.74000000000001
32023eea-1561-4c00-8ebe-fafa0b119bad,10,771.49,50.0,vigo,recurrente,77.149
320a77c8-5c73-4977-9a2e-b595d8f9779f,1,36.93,47.0,zaragoza,nuevo,36.93
320c2aff-823a-4ed2-975f-50090646bc51,3,239.39,40.0,malaga,recurrente,79.79666666666667
320d2b6e-446e-4724-9ee9-889d0faa6db1,9,1735.11,40.0,sevilla,nuevo,192.79
321414dd-2d15-4b1c-b2f0-53e727970ed8,3,218.29000000000002,36.0,vigo,nuevo,72.76333333333334
321bc012-da18-4875-9f2e-31b02081f734,4,515.21,44.0,sevilla,recurrente,128.8025
321fe4ee-b720-41a6-a800-9cb0b4a8128f,8,736.97,51.0,granada,vip,92.12125
3220476f-cfa9-4dbf-834a-44ebd72160aa,2,171.37,32.0,malaga,recurrente,85.685
32354b89-d397-4a50-bc0e-acfc732a4f60,6,286.93,42.0,sevilla,recurrente,47.821666666666665
32371efa-7c8a-44eb-a171-a06dca30c0a0,7,497.35,41.0,murcia,nuevo,71.05
323b67a7-62e1-455d-b889-de08deea4a90,9,785.76,29.0,barcelona,nuevo,87.30666666666667
323bbb1c-a977-4f42-8320-8399e5358a54,8,562.08,44.0,sevilla,recurrente,70.26
3240a5ef-258d-46ce-81f8-e9ec4b429e16,4,379.39,44.0,murcia,nuevo,94.8475
324941f8-2943-406f-aa54-272943293e4b,7,569.02,43.0,bilbao,nuevo,81.28857142857143
32497731-5f61-4b41-98c8-b6ba64222141,5,493.90999999999997,33.0,malaga,recurrente,98.782
324e021f-ccb2-4702-841f-0f03373ede60,6,887.02,30.0,granada,recurrente,147.83666666666667
32505add-2353-45e7-9885-fbe2bc4bf926,5,489.48,18.0,malaga,nuevo,97.896
325e26ea-9e95-42f6-9faf-34ca70bd35a0,2,291.51,66.0,bilbao,vip,145.755
326656d9-8aca-4cdf-9f98-57071a17f154,9,707.55,51.0,zaragoza,recurrente,78.61666666666666
326d491d-36b0-4161-957f-fca01b274c98,6,626.73,58.0,malaga,recurrente,104.455
3277d12b-9f8a-42e0-83ec-a51c3b0e8f56,9,1114.3,67.0,barcelona,vip,123.8111111111111
327bf27f-c275-4dd7-9f88-7aadd9d3899e,8,448.92,66.0,zaragoza,vip,56.115
328456a6-aef0-46e6-ab0d-0e9752f03d13,8,673.85,18.0,barcelona,recurrente,84.23125
32899231-b61e-4456-9fe1-13629cba3a3f,5,357.32,39.0,murcia,recurrente,71.464
32913118-50db-4454-985b-0f5f697f307f,8,481.25,37.0,malaga,recurrente,60.15625
32a09581-7ffd-4158-a0f9-d310242db5e6,7,916.83,32.0,murcia,nuevo,130.9757142857143
32a8df86-2aea-4b1b-a998-9e95a073c372,10,1433.67,53.0,madrid,nuevo,143.36700000000002
32b187bd-cbce-403c-a4d6-1d4bb814673d,8,729.4499999999999,18.0,vigo,nuevo,91.18124999999999
32b453db-806b-45f4-b3db-7129add8b896,8,757.97,18.0,granada,recurrente,94.74625
32ba473e-981b-456b-b525-bbdaa14cb1ba,5,439.32,32.0,madrid,recurrente,87.864
32d38993-5e3b-4d68-9aae-68b06d02a237,8,728.63,23.0,murcia,vip,91.07875
32d8279a-85a7-4130-93e1-b1be95720ebd,6,266.96000000000004,55.0,sevilla,nuevo,44.49333333333334
32d86a39-4e95-44bd-8ff5-92fcc463a44e,4,233.26,22.0,bilbao,nuevo,58.315
32dbcd28-18ad-40a8-ad93-7d7e931ecbc7,10,1143.94,18.0,zaragoza,vip,114.394
32dcf4ac-fdf1-4900-a412-2fdba01d1d12,6,626.63,31.0,zaragoza,recurrente,104.43833333333333
32e10c17-fd37-4061-8caf-1276fa164b10,8,542.33,27.0,murcia,nuevo,67.79125
32f78982-7100-481c-993a-7f7a8ccbfbc2,12,1530.28,31.0,malaga,nuevo,127.52333333333333
33029c9a-b0a2-4182-ae87-a0f702a22c80,7,1124.91,35.0,valencia,nuevo,160.70142857142858
3304d1bf-2d4d-4695-a6b2-76ee8677796e,4,334.82,43.0,madrid,nuevo,83.705
3314f160-1783-4ab5-be63-41f6b2d4412e,7,687.72,27.0,malaga,nuevo,98.24571428571429
3320d71e-c70d-45c4-8263-891f5a3ffa64,6,806.73,50.0,murcia,nuevo,134.455
332519b4-657d-4d9a-8769-20a49c02b2ed,4,429.14000000000004,27.0,madrid,vip,107.28500000000001
3332effa-20a6-42fc-85d4-5497ff41968c,4,971.8509000000001,52.0,valencia,recurrente,242.96272500000003
333e5539-e4c7-4519-b2da-0b6fe97cdb78,7,444.62,44.0,bilbao,nuevo,63.51714285714286
3356ed79-92ce-413d-ac66-5ae9d29b5f9c,9,842.19,57.0,bilbao,recurrente,93.57666666666667
3380d1ca-a0f6-40e2-ba38-dcf80f732ce1,4,253.12,31.0,bilbao,nuevo,63.28
3381f759-fc32-40a5-ac38-52df4e99de8b,5,1199.0909000000001,33.0,valencia,nuevo,239.81818000000004
33846566-1523-4050-82ef-8043fac3b96c,9,1144.75,21.0,barcelona,recurrente,127.19444444444444
338491b3-f43b-4997-940b-61c11c2d7ca1,10,1590.4209,27.0,bilbao,recurrente,159.04209
3387dce8-2567-4f17-b7a1-6b386547d713,6,971.8299999999999,27.0,zaragoza,recurrente,161.97166666666666
339322ca-6b2c-4b3b-b904-be5421be5ad2,7,605.0899999999999,44.0,bilbao,nuevo,86.44142857142856
3395a71a-a413-4934-b42e-19dbb4f95339,7,823.85,56.0,bilbao,nuevo,117.69285714285715
3395d8b9-5e4a-4649-ac42-7b44ff093702,5,758.35,51.0,valencia,vip,151.67000000000002
33960db7-c66f-4215-ae9c-ed6415dcebd7,10,999.6899999999999,76.0,granada,recurrente,99.969
339b7bb0-efc5-4181-8b47-20eb64b24912,3,597.77,38.0,murcia,recurrente,199.25666666666666
33a5fb77-37a2-4ac1-a846-6c4d6e0892a7,5,580.38,38.0,valencia,nuevo,116.076
33a7bfd1-639e-4ab4-a4e5-c09a650e43ff,2,93.77000000000001,30.0,murcia,nuevo,46.885000000000005
33b25549-84c3-47b0-b545-ea37cadd16c8,6,456.40999999999997,63.0,granada,nuevo,76.06833333333333
33b3083d-d68c-4faa-b5d6-08042f463db8,10,1231.54,18.0,bilbao,recurrente,123.154
33b3da54-b6be-4cdd-ae12-f89239bb4daa,5,259.93,39.0,madrid,nuevo,51.986000000000004
33b44098-3ca9-4154-b816-6ce088b4f3d2,9,703.22,44.0,valencia,nuevo,78.13555555555556
33b4da6a-5263-4581-b173-63b17d6145de,7,1008.8409000000001,18.0,murcia,recurrente,144.12012857142858
33b64944-954f-4bbe-a555-dca493c02683,6,346.24,27.0,bilbao,recurrente,57.70666666666667
33bb94ed-4283-4167-b744-83a7ade56276,4,414.47,40.0,malaga,vip,103.6175
33c48bd5-27d2-481b-a195-1a68ab47e606,6,600.85,40.0,granada,recurrente,100.14166666666667
33c5b981-9747-4631-aeb2-488d7ea889e1,7,1020.65,39.0,malaga,recurrente,145.80714285714285
33c5cfaa-928a-43bf-b2bf-af9e7dc547ac,9,523.77,52.0,granada,vip,58.196666666666665
33ce8383-3c20-4576-aa54-41c83a2c03bb,8,416.84,18.0,barcelona,recurrente,52.105
33dbb29d-36cf-4d4a-915d-e9c5d8f39c3a,11,1101.77,40.0,vigo,vip,100.16090909090909
33e4781a-4b47-4789-9396-1504ed3e02c6,3,181.13,43.0,vigo,vip,60.376666666666665
33e62c7a-abc9-4079-99d5-f6928cc9ea89,4,452.23,31.0,bilbao,vip,113.0575
33e8fb7d-68fe-46dc-9ca6-04803a4ae102,6,455.6,29.0,barcelona,nuevo,75.93333333333334
33f3ee42-32a4-4b7b-bdf0-4d22c512f74c,6,468.04999999999995,46.0,vigo,nuevo,78.00833333333333
33f8d4bd-f65f-474e-b5bb-e9cfa41acca4,6,425.44,27.0,vigo,nuevo,70.90666666666667
341125e8-ef0c-46b5-9281-19945138355d,12,1719.52,59.0,zaragoza,nuevo,143.29333333333332
341ce3e0-eeee-4502-bffc-7a2d1334ed95,6,714.43,36.0,madrid,recurrente,119.07166666666666
3424f365-caf6-40ec-8eed-7cc6b1e6760b,4,195.22,48.0,madrid,recurrente,48.805
342c6f92-6e88-4495-9163-3f606e1f0824,4,300.74,40.0,bilbao,nuevo,75.185
343d16c0-3c80-4228-866c-99510774753b,10,1232.16,36.0,zaragoza,recurrente,123.21600000000001
344353bc-10e9-4571-b430-21f861dc6aa3,8,791.27,22.0,granada,recurrente,98.90875
344b5000-2fa4-4624-adaa-463939dc02cc,10,935.0799999999999,40.0,malaga,recurrente,93.508
34572cd2-4895-48a2-bf98-a484a16b43ee,4,297.57,36.0,malaga,nuevo,74.3925
34612bd3-85d0-4e85-a770-64db071fa560,5,763.9,40.0,zaragoza,nuevo,152.78
34620b18-6bb1-452e-9541-a4183c26ca6c,6,1090.8709000000001,36.0,malaga,recurrente,181.8118166666667
346302dd-f997-46e5-a96c-e22fee5e6476,14,1462.04,55.0,zaragoza,recurrente,104.43142857142857
34761108-d999-47bd-8386-9b62d4bc1a59,10,1415.12,30.0,madrid,recurrente,141.512
348be4c2-6e0e-4b5f-8cda-4b2e6756ac4e,9,911.7,67.0,valencia,recurrente,101.30000000000001
348cc663-fd06-4182-bc74-4fcdd327736e,3,210.01999999999998,38.0,bilbao,recurrente,70.00666666666666
34915aa5-6c2e-427f-8436-61a380c148a2,14,1374.43,45.0,madrid,recurrente,98.17357142857144
3495a38b-1979-4283-abe0-3f094bbcad68,8,1047.77,28.0,malaga,recurrente,130.97125
3499c086-9948-4745-bbc6-060c3961c886,7,260.49,49.0,zaragoza,recurrente,37.212857142857146
349ae572-9a6d-4af3-8411-45821f0d0360,9,1662.58,44.0,granada,nuevo,184.7311111111111
349f3b69-7933-43b7-bb3a-9482c2de3933,9,724.26,27.0,murcia,nuevo,80.47333333333333
34a3cd21-92bf-4571-848f-b9845380f864,5,685.4300000000001,38.0,bilbao,recurrente,137.086
34b0d95b-79a5-44c4-9f74-825930f304d7,6,935.1609000000002,48.0,valencia,recurrente,155.86015000000003
34bc7631-d3e5-42b2-9d39-aaab4772a7d3,6,465.38,31.0,barcelona,recurrente,77.56333333333333
34bd9243-8f6b-481e-b009-b9eda30724fa,5,443.76,44.0,malaga,recurrente,88.752
34cc6e92-029a-41b1-ac8d-80c558f8dd5a,3,238.52,32.0,valencia,nuevo,79.50666666666667
34d152b9-f657-477d-a786-f53dd144041f,6,638.93,43.0,malaga,nuevo,106.48833333333333
34daafee-b9c5-442f-9698-53828349d998,6,609.86,53.0,madrid,nuevo,101.64333333333333
34dd698d-8149-4edd-ace2-38ef3c23f451,6,815.8,54.0,zaragoza,nuevo,135.96666666666667
34e244f3-d645-402d-be4b-dce5409eb055,5,320.68,40.0,sevilla,recurrente,64.136
34e68167-faf7-49cd-81b0-b310fb82e8e2,6,603.6600000000001,26.0,granada,nuevo,100.61000000000001
34edfada-b438-45c9-8709-dcd2fa70b580,4,490.01,40.0,valencia,corporativo,122.5025
34ee8aa5-c6c1-4644-9396-76011f2b8494,7,849.92,40.0,granada,nuevo,121.41714285714285
34f4acc0-28b5-4506-89f1-f76a01f3866d,4,723.03,37.0,zaragoza,corporativo,180.7575
34f8b16c-ffb3-483e-999c-89c4080f37c8,12,896.29,47.0,bilbao,corporativo,74.69083333333333
34f95d33-42b7-4b66-9abf-a26b96b09ca5,9,990.0699999999999,49.0,barcelona,vip,110.00777777777778
350acc63-c808-4f88-96b6-7064af9a482f,10,1352.76,35.0,murcia,recurrente,135.276
351454da-b65c-4029-970f-d5f5551f4f59,7,987.29,45.0,valencia,recurrente,141.04142857142855
3528c21f-2e73-4e0e-bdaf-55f5422adaa9,1,88.87,52.0,malaga,vip,88.87
352baea3-39db-4851-85f1-c2507220f426,4,134.64,51.0,bilbao,nuevo,33.66
35443269-150e-46d7-bf1b-93ff96f266ac,13,1463.21,44.0,sevilla,corporativo,112.55461538461539
354c6af9-7661-4d76-ae74-490df5a3a02b,8,1198.82,39.0,murcia,vip,149.8525
35576180-3c91-4935-b619-2dbb413998e0,8,632.47,40.0,malaga,nuevo,79.05875
3560386c-e184-4345-9996-375257c08e78,2,397.86,33.0,murcia,recurrente,198.93
3565d1ee-f669-4a31-bad7-2231766e0397,4,117.91,39.0,valencia,vip,29.4775
356738ae-24e3-4d52-b688-55e7030f7bb8,7,1194.26,45.0,murcia,vip,170.60857142857142
35694f3a-53ae-449d-84bc-0e7263e621f0,6,547.1800000000001,40.0,bilbao,recurrente,91.19666666666667
356b0047-3b57-40d0-b4cd-c34f302cc8dd,9,914.0609000000002,48.0,bilbao,vip,101.56232222222224
35758fa6-b29b-4415-8b64-874b17896593,3,168.72,80.0,valencia,nuevo,56.24
357a50a0-3fc1-43a4-89ee-5d091a5c2f26,11,1192.62,57.0,vigo,recurrente,108.41999999999999
358a51a2-69f1-4d28-af8e-ec20b53cb2ff,4,501.09000000000003,54.0,murcia,nuevo,125.27250000000001
358f1cc2-ad9a-420d-940d-fff08370c8c6,5,384.11,19.0,barcelona,nuevo,76.822
35983973-3fba-4740-aed9-83bae3710bf6,10,1206.34,41.0,granada,nuevo,120.63399999999999
35983f83-00ea-43ae-a692-7b5d675f00eb,7,669.64,38.0,barcelona,nuevo,95.66285714285713
35a320b2-e9e2-4523-b5a9-15ca1ca84e9c,6,537.31,18.0,malaga,nuevo,89.55166666666666
35a343ba-6d30-4466-adc8-07ac7c1e46e9,10,975.5,62.0,bilbao,recurrente,97.55
35be8321-2136-4f5b-addd-605440088c0e,5,432.46999999999997,36.0,madrid,recurrente,86.494
35ceab07-acb3-4401-b9fe-6f38dfe8158c,10,1020.95,44.0,barcelona,nuevo,102.095
35d2ff25-b3a4-400c-be73-af81200790c1,9,850.1,55.0,vigo,nuevo,94.45555555555556
35d7158f-5380-43f4-a95e-81c5ae8f8fe8,7,857.15,36.0,malaga,nuevo,122.45
35dabdd6-5419-445a-be42-a29d0a1043ac,5,618.39,39.0,zaragoza,nuevo,123.678
35ddd392-491b-42ad-9559-5c6c70d58d6a,4,295.65,40.0,vigo,recurrente,73.9125
35e7694b-a7d6-403f-aa17-810d722d256a,7,471.43000000000006,35.0,bilbao,recurrente,67.34714285714287
35eabe03-6919-4351-8096-65b3eca328b0,4,272.77,42.0,murcia,nuevo,68.1925
35f6d5bb-7cc3-421e-bdf9-489aca86d0db,9,749.68,40.0,malaga,nuevo,83.29777777777777
35f93f95-4086-42d5-b035-d7771ebfe596,5,449.71000000000004,40.0,valencia,recurrente,89.94200000000001
35fab4dd-8856-4937-a736-8fda33790d87,4,554.6,51.0,vigo,nuevo,138.65
360ca93e-d462-4bc7-94ce-a0bb5a2c0419,8,640.0699999999999,47.0,zaragoza,recurrente,80.00874999999999
362e6ea7-6699-4987-bbb0-b51b24005b09,10,878.0409000000002,26.0,bilbao,vip,87.80409000000002
362f5c7c-f628-4575-856d-10022909ba63,10,1071.29,33.0,madrid,nuevo,107.12899999999999
3633ad43-3c43-4430-a97c-0d2a4f49496a,6,449.64,26.0,malaga,nuevo,74.94
363482bc-80b9-476c-921a-cc4cd3a6239a,8,1166.78,20.0,valencia,corporativo,145.8475
3638b252-f48f-451b-b975-4c6d60b678e2,6,1027.39,35.0,barcelona,vip,171.23166666666668
364981f6-7fd0-4a7f-8e84-d0eaf6a2428b,2,128.3,39.0,sevilla,corporativo,64.15
36655653-d22b-4375-9acc-e6cd31d30bba,5,386.07,30.0,zaragoza,nuevo,77.214
366836c4-af64-46d0-8d3b-9a0884d5c51b,5,345.28,38.0,valencia,nuevo,69.056
366a0c74-125f-4f42-8a1f-e3ee346a2bc6,7,814.1600000000001,35.0,sevilla,recurrente,116.30857142857144
366f06cb-87bb-4b6c-97f8-d32a128b5fc5,6,874.24,38.0,sevilla,vip,145.70666666666668
367b821a-416d-48cc-bf12-942635483de9,5,187.23000000000002,43.0,vigo,recurrente,37.446000000000005
369343fb-d401-4e61-b620-a34bbb64560c,6,491.61,35.0,madrid,recurrente,81.935
369ece73-c524-4f62-9d37-22d3f4a765ed,3,288.55,47.0,granada,vip,96.18333333333334
36ace44d-fe34-45d5-8edd-b08a5b0e3cc8,2,71.24,46.0,vigo,nuevo,35.62
36b4ef56-efa7-4eb9-be68-b6ab8fbca448,5,381.55,30.0,murcia,nuevo,76.31
36b7945a-b473-40cc-a86a-5716a9834fb1,8,692.21,25.0,bilbao,nuevo,86.52625
36bcbb21-e04e-4fa4-8340-76400951e6a5,11,458.11,40.0,barcelona,recurrente,41.64636363636364
36c79857-f912-43dc-b253-66df22deaf8c,9,1536.3999999999999,47.0,murcia,nuevo,170.7111111111111
36d66462-ae05-4942-9324-9c54c0f10c79,6,685.94,70.0,zaragoza,vip,114.32333333333334
36e7eb0a-afa9-405a-9fbc-5eb9e3eb2bc7,13,1963.8,61.0,murcia,recurrente,151.06153846153845
36fb3367-7ac0-42d4-819c-c787aff8a294,8,480.33,32.0,barcelona,nuevo,60.04125
37098b9c-2c4c-4378-a36f-5b10546f00f8,7,446.15999999999997,36.0,madrid,nuevo,63.73714285714285
370d395c-b42b-4298-b1ad-325da7b57bea,10,1358.89,45.0,barcelona,nuevo,135.889
37133fea-18f5-4f2d-b09d-39219af9fa88,5,408.5,35.0,sevilla,recurrente,81.7
3733340c-da03-4117-ae44-1b793d224eaf,5,1114.74,23.0,zaragoza,nuevo,222.948
37351740-11eb-4ae2-b7ec-35a84b624640,7,716.79,47.0,malaga,nuevo,102.39857142857143
3745a235-2dd7-4b34-9b10-ad7059ef906e,8,389.51,28.0,malaga,recurrente,48.68875
3765a444-872f-4275-9437-46d9c85152ee,7,448.53,28.0,vigo,recurrente,64.07571428571428
37691d6d-4a63-46dc-9b9a-c939e01540a6,5,732.38,40.0,bilbao,recurrente,146.476
37701193-e23a-4f1d-8512-62d7dc86c6b8,3,258.59,18.0,vigo,nuevo,86.19666666666666
37743d2a-ed93-421c-a686-627932f1034d,4,821.7709000000002,38.0,murcia,recurrente,205.44272500000005
37774ed1-290c-4201-a715-def4623bfc73,5,558.24,40.0,zaragoza,nuevo,111.648
37788318-ca37-4ee1-893c-c10cfe53ab63,3,157.46,48.0,sevilla,nuevo,52.48666666666667
3780db68-93fe-4473-b3e2-a8da0e1b6b06,7,882.52,58.0,bilbao,vip,126.07428571428571
37812795-21e1-4c4d-96ae-aba33ef88834,7,359.16,50.0,barcelona,recurrente,51.30857142857143
378141d8-cbd1-4a7a-8a23-3eef30e96642,9,364.16,26.0,bilbao,nuevo,40.46222222222222
378f0824-64ec-4b46-8d97-ca18dac7a817,7,625.6700000000001,67.0,granada,corporativo,89.38142857142859
37a44fc0-2fdc-4a58-9356-15776f366819,5,254.4,18.0,murcia,nuevo,50.88
37aec1d1-2ab1-482b-9174-b23ece0ee485,6,462.0,50.0,sevilla,corporativo,77.0
37b68bb1-9633-414d-af60-772449b3fa37,4,683.82,44.0,vigo,recurrente,170.955
37ccca8c-ab6d-4c9e-accb-6530171ebbc1,10,788.0,56.0,zaragoza,corporativo,78.8
37e09e0a-f4a3-4617-8f9c-d0f36eef03fe,6,481.98,18.0,valencia,recurrente,80.33
37e47b70-10dc-49db-8026-ff3d87f3a970,6,535.47,75.0,barcelona,nuevo,89.245
37fa180b-863a-492f-a95f-11a91d8e5b6e,7,923.28,40.0,vigo,recurrente,131.89714285714285
38039220-997a-4a37-92e9-23a4a29c3de3,7,764.8199999999999,42.0,murcia,nuevo,109.25999999999999
3806b1b8-7e05-4ada-b780-4f8f50ed05e3,6,484.72,24.0,valencia,recurrente,80.78666666666668
380ef91e-7e5f-424b-90a3-d6e4f01ece5b,10,1711.86,35.0,zaragoza,corporativo,171.18599999999998
38178c1a-9f6c-4467-a177-4bdf6dcaa504,6,355.96,40.0,granada,nuevo,59.32666666666666
38290244-7c8d-4301-99cb-cfc937626ed0,7,688.6700000000001,46.0,madrid,nuevo,98.38142857142859
382a6b0f-31e4-4316-b605-4db5b26b36c3,11,2176.02,22.0,bilbao,recurrente,197.82
3839051c-4a15-45c4-b297-31095e200f61,8,750.06,63.0,murcia,recurrente,93.7575
383a78ad-6019-4195-9401-ef3976f69260,6,588.6899999999999,53.0,murcia,recurrente,98.115
38478635-b073-4b3f-9719-a833897e19f3,4,1235.7018000000003,50.0,barcelona,recurrente,308.92545000000007
384d0050-d517-4a47-8c07-7a7583ad8c80,3,287.66999999999996,27.0,vigo,nuevo,95.88999999999999
38564d75-53d0-4e49-9f8b-43ed846cc049,4,244.53,47.0,vigo,vip,61.1325
3867c564-665e-41fa-bde9-3e57334f3003,5,286.09000000000003,35.0,granada,recurrente,57.218
387d10e5-3b7d-4984-b9e1-7c3ed04c208b,5,355.28,34.0,malaga,recurrente,71.056
38844cbe-194a-419c-b399-fa706e750bdb,6,684.53,58.0,sevilla,nuevo,114.08833333333332
388d1350-6b6a-4eb9-bb58-23bc159742c4,7,687.82,58.0,valencia,nuevo,98.26
38926de1-fd91-4458-baea-c5efeefa1a68,9,2056.8509000000004,44.0,murcia,recurrente,228.53898888888892
38a20f15-5ef5-4681-a214-67eb81127bf8,3,147.54000000000002,44.0,barcelona,recurrente,49.18000000000001
38a3da00-64cc-423a-b59c-e864f840f738,11,888.03,21.0,granada,recurrente,80.73
38a8c6ba-3eae-493d-8155-1fad32b150c0,8,924.37,49.0,zaragoza,vip,115.54625
38acd862-448d-47ab-a1ef-493f9a9ff3c8,3,247.71999999999997,42.0,zaragoza,nuevo,82.57333333333332
38b0dfd6-e94f-4e91-9bd9-d7bbbeb0f721,3,208.77,60.0,bilbao,recurrente,69.59
38b18605-1bbc-4826-84ec-2de8878244d8,6,338.29,32.0,sevilla,nuevo,56.38166666666667
38ba72c2-5805-4d03-b42d-d580ae782dfc,8,678.62,50.0,granada,recurrente,84.8275
38e44e6c-8d96-4a30-a5d3-2d8a98a96339,6,488.65999999999997,64.0,granada,nuevo,81.44333333333333
38fd295b-bad8-4f69-9e6c-83a2906821c8,12,1672.99,44.0,granada,recurrente,139.41583333333332
38fe6827-8e3d-4886-8508-a15a86ecc5db,7,1020.28,54.0,madrid,vip,145.75428571428571
39046219-d8de-43a3-84d3-869a3d397bef,7,637.5,42.0,granada,nuevo,91.07142857142857
390cbc0f-831a-4b20-8bf8-b5a28a26fd13,7,1165.2909000000002,33.0,bilbao,recurrente,166.4701285714286
3914d5b8-3f80-4a49-9aec-df1f0bfe04d9,6,489.19,29.0,granada,corporativo,81.53166666666667
391e94f3-f76e-419c-9513-0b45db34eaa6,7,866.01,33.0,sevilla,nuevo,123.71571428571428
391f70c0-bff3-44ca-afeb-227d8e0c796f,6,527.24,22.0,zaragoza,nuevo,87.87333333333333
392125c8-788b-4bfc-b632-875ab17c53c5,8,489.51,44.0,granada,nuevo,61.18875
3935c5f7-c781-4d38-bab1-c7f1cf9fc089,8,894.41,39.0,zaragoza,nuevo,111.80125
393aff10-a5b5-45ea-8e33-6ad5c7f5f572,5,425.20000000000005,55.0,malaga,vip,85.04
3953811d-8ee8-47e2-bcee-401b9030eaa3,9,1031.81,41.0,vigo,vip,114.64555555555555
39672222-37da-4164-9881-41706315cd63,5,666.14,33.0,bilbao,recurrente,133.228
396ffadb-a53f-4a30-bd5f-21f25479f5d9,10,1135.65,49.0,murcia,recurrente,113.56500000000001
3970edac-66eb-4098-a981-1ceafb28959a,9,1331.96,21.0,murcia,recurrente,147.99555555555557
3971c13a-597e-4c2f-9714-edbd040ac408,4,388.28999999999996,48.0,zaragoza,recurrente,97.07249999999999
3971d717-ae5e-4783-a07d-1c08a79fc39e,10,1520.9909000000002,38.0,valencia,recurrente,152.09909000000002
3973c614-5e59-42f0-924b-686c79912ba2,9,697.09,58.0,sevilla,recurrente,77.45444444444445
397e7c54-a9c0-4065-adcd-088c1ea8021c,6,844.61,63.0,malaga,recurrente,140.76833333333335
3993985a-5cb6-49ca-8e9a-a9f37f279313,10,874.9399999999999,32.0,valencia,nuevo,87.494
3998791d-332b-4bec-9971-8d076b735aa1,7,1005.9909000000001,48.0,bilbao,recurrente,143.71298571428574
39b56ad9-54f0-409a-96b6-c28339fdedd6,7,385.39,23.0,zaragoza,vip,55.05571428571428
39ca6327-d3d4-41db-8ccc-0dc76b68e14e,11,1563.29,28.0,granada,corporativo,142.11727272727273
39d4c912-2968-48f1-86da-b03b25314f2c,8,1192.29,55.0,madrid,recurrente,149.03625
39d75429-3122-4e56-abaf-1e2a2f76b12b,5,276.13,56.0,valencia,recurrente,55.226
39dc6c93-f0d4-4ef1-8987-a2b2c28253c6,11,1669.0909000000001,27.0,malaga,nuevo,151.73553636363638
39eb124f-e585-427e-8923-bfabd76d3ba1,5,312.25,61.0,valencia,nuevo,62.45
39efd49f-d8ee-4459-abec-1a9eec5b05c9,5,497.87,36.0,murcia,recurrente,99.574
39f01c2d-0872-4cf2-bd4b-3339ab35384c,3,1035.6609000000003,58.0,barcelona,nuevo,345.2203000000001
39f43c8a-71a4-4943-8857-207b67d556a3,7,763.98,29.0,barcelona,recurrente,109.14
39f74901-7c24-4970-8ce5-c85e4ff8612a,7,557.1,49.0,granada,nuevo,79.58571428571429
3a09e0fb-379e-4821-aa28-f16286a131f5,7,807.05,46.0,bilbao,nuevo,115.29285714285713
3a0b7c20-49dc-49a8-a4a9-822db6741522,5,375.0,40.0,malaga,vip,75.0
3a0c8c10-8130-4e82-b909-736703a63615,5,549.72,48.0,vigo,recurrente,109.944
3a12d49c-5273-487d-a1d7-c52c80dd733d,2,378.69,33.0,murcia,nuevo,189.345
3a1825d7-51c5-410c-8660-76418a053d0f,9,679.02,24.0,malaga,recurrente,75.44666666666666
3a1fd0f2-a867-43fd-819f-109fa51ea175,6,313.67,18.0,valencia,recurrente,52.278333333333336
3a21171f-92a4-474d-ae4e-19fcfbf5e7f4,5,510.35,35.0,granada,vip,102.07000000000001
3a2a798f-4ca5-4a24-a11d-47f0b9e5bd49,7,1316.8,44.0,granada,vip,188.1142857142857
3a2e657c-7c75-47ee-ac41-af479a2a1bdf,7,687.16,46.0,barcelona,nuevo,98.16571428571429
3a380ced-5304-4960-8a3c-4b42fc46127b,5,595.34,25.0,sevilla,vip,119.06800000000001
3a381598-be5c-4729-bd41-128d3671bc6d,6,388.07,48.0,zaragoza,recurrente,64.67833333333333
3a468663-9b34-49e6-b7c2-1b7bef898cfd,11,1482.98,18.0,sevilla,nuevo,134.81636363636363
3a4a66e8-fc80-4718-bcea-84570276e3d7,7,1025.9709000000003,27.0,valencia,corporativo,146.56727142857147
3a5d3e4d-6aea-47a2-b47a-d803fca151be,5,526.9,67.0,malaga,recurrente,105.38
3a655bde-a5a8-452f-9af9-b1c3f6bd7c7e,9,459.23,46.0,zaragoza,nuevo,51.025555555555556
3a65ac32-8854-4da0-8533-fe968dbb118e,5,331.3,37.0,valencia,nuevo,66.26
3a6b45e9-0f84-46fa-ba14-d14f8fd9e7cb,5,167.17000000000002,33.0,granada,recurrente,33.434000000000005
3a886d34-7094-4818-a87a-2cfb46174faf,5,302.57,27.0,bilbao,recurrente,60.513999999999996
3a92d96f-dd9a-4f3d-afb7-a5a19509e664,8,1409.0409000000002,40.0,vigo,nuevo,176.13011250000002
3aa01034-1f07-4acd-9bbf-1946b6169d66,4,753.9509000000002,25.0,granada,vip,188.48772500000004
3aa2f2d2-0dbe-4599-8010-d518353e134a,5,484.63,52.0,murcia,recurrente,96.926
3abb1efc-77b3-411c-981a-fd81a2c8bd8a,5,363.96000000000004,50.0,murcia,recurrente,72.792
3abd7ee6-83b6-4029-93a9-713a44f03218,8,513.4399999999999,34.0,sevilla,corporativo,64.17999999999999
3ae82c88-8662-481d-b706-ac6de8c972b8,2,332.44,31.0,barcelona,nuevo,166.22
3aeed97e-0012-4657-a162-fc23e086545b,6,544.36,24.0,zaragoza,nuevo,90.72666666666667
3aef642f-8271-4872-a922-73f96323b542,6,648.76,59.0,barcelona,vip,108.12666666666667
3af2ea89-f029-49e2-8e64-25027ed74f0e,4,580.38,46.0,zaragoza,vip,145.095
3afb8883-787c-4122-bd64-faf10ea4bd05,10,1524.9,40.0,sevilla,recurrente,152.49
3b051920-ed1c-4213-b128-b4fdd6fcb20f,2,242.29000000000002,55.0,murcia,vip,121.14500000000001
3b079b5e-03f1-4750-9f6e-8e3dd23ce51f,3,169.86,36.0,valencia,recurrente,56.620000000000005
3b0edf44-7f12-4655-8093-b2d503b7dfdd,9,931.1,40.0,madrid,recurrente,103.45555555555556
3b1a1dcd-525f-417a-afe0-8d236d891996,6,713.53,38.0,bilbao,recurrente,118.92166666666667
3b205593-5867-40d7-b5b2-94c5b4054769,6,538.1700000000001,38.0,murcia,recurrente,89.69500000000001
3b2b729c-4b54-4aff-acb5-2563a811a2d7,10,780.31,40.0,sevilla,recurrente,78.03099999999999
3b3d691e-2ad1-4c88-a77c-dac327cb46ce,9,1337.07,22.0,granada,recurrente,148.56333333333333
3b3e8841-28f6-4e80-9c61-0c852d3eb8f5,6,563.9200000000001,44.0,murcia,nuevo,93.98666666666668
3b401af6-05f7-4745-ae86-f3ce425d0c8e,4,619.04,57.0,madrid,nuevo,154.76
3b464886-85a0-46f4-bf01-60e379a8874b,4,716.95,40.0,madrid,recurrente,179.2375
3b467e83-af7f-4a35-b029-4ae22f4234aa,11,1542.58,40.0,zaragoza,corporativo,140.23454545454544
3b47f272-2db3-43f2-a919-881767b6244e,6,901.1,28.0,barcelona,recurrente,150.18333333333334
3b4891aa-5591-47f4-9d7d-6875ebbeef3a,3,451.76,40.0,valencia,nuevo,150.58666666666667
3b62577c-7cee-4c81-90d3-c6d7047aa8f9,5,926.47,18.0,valencia,vip,185.294
3b629d97-3e5c-429c-8876-d91278c06733,6,381.07,31.0,barcelona,nuevo,63.51166666666666
3b64656f-e899-4352-94ab-1bdf356bebdd,6,501.67999999999995,39.0,sevilla,vip,83.61333333333333
3b65a164-3a97-4078-a770-102ee3603454,7,1005.52,55.0,sevilla,recurrente,143.6457142857143
3b702f5c-5a3f-4799-ac9b-10436866b1c7,8,861.21,25.0,granada,nuevo,107.65125
3b706c2d-19ba-42e9-b8ec-25c41b4b13ec,5,497.53,25.0,murcia,nuevo,99.506
3b727a8f-7e8c-4a0a-8bd0-7baf2cca924f,7,989.15,45.0,vigo,recurrente,141.30714285714285
3b7e7d16-b353-437d-9484-af2a8800dac4,3,298.61,50.0,madrid,recurrente,99.53666666666668
3b8701f9-a53c-4fd8-b84f-b63fc33a7add,8,855.6899999999999,40.0,zaragoza,nuevo,106.96124999999999
3b8fa4a1-756c-4dd5-aea8-0276a0f59838,2,323.65,36.0,madrid,nuevo,161.825
3b9e1846-8447-49f3-8d1b-b459a150ea9a,8,969.36,39.0,vigo,nuevo,121.17
3ba34f96-df27-4a55-bc0c-c3cfe1a6f609,7,1158.73,32.0,barcelona,recurrente,165.53285714285715
3bacdc0c-7ab0-427b-8b91-18dd3b1e0af6,8,1356.8700000000001,18.0,malaga,nuevo,169.60875000000001
3bb4e5b7-be0a-48fe-b830-8620c0c35fe9,3,340.16,44.0,zaragoza,nuevo,113.38666666666667
3bb68ead-51c8-4328-ac33-170bb40e5d66,3,170.92000000000002,43.0,murcia,corporativo,56.973333333333336
3bbaaf41-4b11-4c04-851c-507040022b3d,8,471.37,49.0,barcelona,vip,58.92125
3bbd63cd-1641-4ad8-98d2-f3817671365e,7,433.62,72.0,madrid,recurrente,61.94571428571429
3bbff999-6045-4854-a139-5b9851a9912e,3,129.8,61.0,zaragoza,recurrente,43.26666666666667
3bc45fca-69ed-4ee3-9444-4467760c4596,10,452.37,28.0,barcelona,recurrente,45.237
3bc56ceb-bd6a-4a5b-817c-3e3437c84adc,5,290.92,27.0,malaga,recurrente,58.184000000000005
3bcab083-e28d-4aa6-9928-b8b9b3b1d695,12,1326.9099999999999,36.0,granada,nuevo,110.57583333333332
3be41e2f-37a8-413d-b6ec-907d21db01f2,6,532.81,29.0,granada,recurrente,88.80166666666666
3bef6c1f-2661-47b9-8324-16c9ae4224c3,5,276.15999999999997,36.0,malaga,nuevo,55.23199999999999
3bf0408e-5cbc-4171-8e46-8dea0b70c087,8,618.15,38.0,madrid,corporativo,77.26875
3bf08f7c-18c5-4e46-a5fe-fbd89ee3963a,6,371.54,41.0,barcelona,recurrente,61.92333333333334
3bf0fdc7-4f30-426e-b525-45fef238e0c0,8,770.1800000000001,40.0,murcia,vip,96.27250000000001
3bf5e7b6-68f2-41a5-b6c1-3b50edf52c92,7,1467.0,32.0,madrid,recurrente,209.57142857142858
3bfbee5b-3e39-4d83-b060-b6b56bd5ace4,10,1032.34,49.0,malaga,nuevo,103.234
3bfc6ee0-664c-41cc-87bf-a6b0ad975486,4,422.74,38.0,valencia,recurrente,105.685
3c06e98d-a18a-4b23-ac72-55da26c02c3e,5,527.12,33.0,sevilla,corporativo,105.424
3c1201dc-be3f-48cb-85c5-d771cf9fc5ed,7,431.28,52.0,malaga,recurrente,61.61142857142857
3c14c1db-aa0f-41a4-aa50-dd2186439e00,11,1356.71,34.0,granada,vip,123.33727272727273
3c1683f4-b5bc-4c66-9fc1-6c58d082e451,9,1045.95,47.0,malaga,vip,116.21666666666667
3c1a64e6-acc3-4e5c-9ffb-a8cb9cda4a37,6,1118.21,59.0,murcia,nuevo,186.36833333333334
3c1e2505-5a1f-40b8-8cd2-d180d0a2de54,8,740.83,48.0,murcia,nuevo,92.60375
3c20e08b-f117-4f01-8381-3efef6b2aa77,10,1084.74,40.0,zaragoza,nuevo,108.474
3c29ced8-b9ff-47e1-bd75-c3b4520ac9da,8,768.9100000000001,43.0,vigo,recurrente,96.11375000000001
3c2b07f9-ab72-4169-808e-089a376ecc34,7,628.83,39.0,murcia,recurrente,89.83285714285715
3c356f52-f4e7-4035-bd45-b0b15bae7b8c,4,235.57,46.0,bilbao,recurrente,58.8925
3c36c63c-457e-4033-8adf-2169ef9cd5c6,6,588.6800000000001,62.0,sevilla,corporativo,98.11333333333334
3c3df7fe-cf9e-4f03-875e-a5e00bbbdddd,10,696.3299999999999,39.0,murcia,corporativo,69.633
3c439942-d9ae-4fb5-8629-500bd32650f4,4,243.37,29.0,malaga,nuevo,60.8425
3c47ec0b-eb25-4e5b-888b-12999526e69a,5,466.36,66.0,zaragoza,vip,93.272
3c4b3310-63e8-4e09-aeb6-839d9b806364,8,1334.3609000000001,39.0,zaragoza,nuevo,166.79511250000002
3c4dd8b0-ba11-48b1-8e36-adb81df5c1c9,8,954.3399999999999,57.0,sevilla,vip,119.29249999999999
3c5674b9-3e1e-4026-927a-1549b4058321,6,954.38,39.0,madrid,recurrente,159.06333333333333
3c647328-0616-4890-a175-0741cfcf5217,4,271.19,33.0,granada,vip,67.7975
3c679a0b-5ad3-4e1e-bb66-6b1d8150250c,4,374.57,28.0,murcia,nuevo,93.6425
3c6c10f3-0ed0-48eb-a3aa-aed86e113bd4,9,672.76,40.0,sevilla,nuevo,74.75111111111111
3c6dd86f-476d-452a-860e-158301105713,9,883.6709000000002,39.0,murcia,nuevo,98.18565555555557
3c76eea3-356e-4907-b1cf-b9d0e5c15e8f,8,842.97,40.0,bilbao,nuevo,105.37125
3c842ea4-90e8-49a2-8a77-5904dcdf5534,4,1128.7409000000002,36.0,barcelona,vip,282.18522500000006
3c8d097b-fb1f-4ef6-aa14-c56836c3f935,6,513.62,54.0,malaga,nuevo,85.60333333333334
3c924355-e9f8-43e8-a259-fdb306f5874a,11,1459.3709000000001,32.0,granada,nuevo,132.67008181818184
3c963bb1-dcf6-4718-a506-0a385579cf41,8,937.93,45.0,barcelona,vip,117.24125
3c994a9a-03b0-45bf-945c-a7a257e3f48a,6,682.5200000000001,45.0,sevilla,recurrente,113.75333333333334
3ca2b0b8-8cd5-4bd3-9acc-92b89e43260f,6,494.18,78.0,malaga,nuevo,82.36333333333333
3ca71eb5-a1d8-4ae2-ac64-ca40c8161cd8,8,541.5799999999999,44.0,sevilla,recurrente,67.69749999999999
3cb1c350-3933-40ed-8909-29bfd13d3748,7,608.88,64.0,madrid,nuevo,86.98285714285714
3cbab197-b45d-4848-8f56-e21e253ffd5b,1,272.06,27.0,granada,recurrente,272.06
3cbbf0e7-b683-4735-bd26-eb723fc228e1,4,410.57,40.0,malaga,nuevo,102.6425
3ccf145b-e49b-4613-ba84-71553cd81a5d,6,608.22,58.0,zaragoza,vip,101.37
3cd87b83-8c62-4100-85be-c430bd428cf9,5,142.66,63.0,barcelona,nuevo,28.532
3ce86c4f-ceb1-4bfd-a95f-bdc106bc06cd,8,1205.2309000000002,25.0,madrid,nuevo,150.65386250000003
3cfb3202-184a-41ad-b908-257c0a27a01f,7,1685.47,42.0,madrid,recurrente,240.78142857142856
3d2fbba1-7e5b-4ce8-893d-711676db3c9c,9,1147.8600000000001,40.0,zaragoza,nuevo,127.54000000000002
3d4b71af-9904-4433-aa79-c5f061b102c4,10,1355.8600000000001,53.0,sevilla,nuevo,135.586
3d4df9e1-5095-4ea6-9730-37ca9b01342f,6,542.72,21.0,sevilla,nuevo,90.45333333333333
3d4ee44b-8aae-472c-a259-66de563685e8,10,760.65,40.0,madrid,recurrente,76.065
3d4f7a63-a8b4-4d0f-b395-e9d0c06a302e,11,1442.7209000000003,52.0,bilbao,vip,131.1564454545455
3d51f064-63ce-43c6-a4ec-87af6230fee3,1,240.86,28.0,bilbao,nuevo,240.86
3d6f6d7c-9bde-4fa1-a486-1a1f9bf8f3cf,8,454.2,58.0,sevilla,recurrente,56.775
3d836318-8a3d-482d-af0e-05dd2b1e2d57,5,324.66999999999996,26.0,valencia,nuevo,64.934
3d83a330-7701-45a7-8529-771df5179a0f,5,1341.5809000000002,45.0,barcelona,recurrente,268.31618000000003
3d96ba85-4b27-4221-b18f-54fc0cb1049c,4,248.19,50.0,zaragoza,vip,62.0475
3d97352d-7b58-4bfb-9e3e-e589abdc7440,6,1631.7309000000002,40.0,sevilla,recurrente,271.95515000000006
3da01bbc-2c1a-4ebd-8e5c-2974f48e6344,4,210.01,59.0,murcia,recurrente,52.5025
3da1cbef-0e5f-49f9-931c-c2a8f85a5106,3,175.68,40.0,granada,nuevo,58.56
3daa8bfe-94e0-4850-bb61-4206df41a410,11,1044.04,39.0,madrid,nuevo,94.91272727272727
3dad4b3b-d66f-4688-841a-48c6c380bd0b,4,167.23,50.0,bilbao,recurrente,41.8075
3daddb76-bf0b-4949-9b5a-f0ec92a77d53,5,554.52,34.0,madrid,corporativo,110.904
3dbb6952-f789-4c25-afe0-c43464892100,4,187.49,35.0,sevilla,recurrente,46.8725
3dc62e0f-7f82-42b6-a8ec-5af81c43dcb8,11,1394.33,40.0,sevilla,recurrente,126.75727272727272
3dd21813-81dc-4e91-8efc-a880a3768b8a,3,402.32,38.0,sevilla,nuevo,134.10666666666665
3ddf6a11-4a49-4ca0-a110-9ced548ba2fa,6,601.33,42.0,valencia,nuevo,100.22166666666668
3de49653-5b5e-49cb-b071-e5463b65524b,10,789.56,60.0,zaragoza,nuevo,78.95599999999999
3df1f696-8062-4f4a-b281-c1aedd822e51,4,122.52,35.0,zaragoza,corporativo,30.63
3e0ab555-cbc7-46c2-98ad-8d1e927f6cb0,5,272.08,48.0,vigo,recurrente,54.416
3e0c935b-50bd-499a-9e8d-f33ee99ea21c,7,370.05,53.0,bilbao,vip,52.864285714285714
3e15a652-debc-4e5a-b248-85a0027a734f,3,207.77,50.0,zaragoza,recurrente,69.25666666666667
3e18f6b7-8f46-4507-b026-48eb7eb9c40c,3,288.21000000000004,23.0,bilbao,recurrente,96.07000000000001
3e316b48-637a-4a3c-aa82-c7afd9040d2a,11,827.6800000000001,40.0,vigo,vip,75.24363636363637
3e40eb7b-46c3-453f-9ecf-61164b7bf51c,7,534.32,29.0,bilbao,recurrente,76.33142857142857
3e42b9d3-63e5-479e-9b0a-5bca170895c2,6,810.5600000000001,34.0,granada,nuevo,135.09333333333333
3e4767fa-06c2-45e2-a48f-0d89163bfbf4,11,1054.68,18.0,malaga,corporativo,95.88000000000001
3e4db3e5-15f8-481a-91c4-36bb03053adb,5,530.2,48.0,valencia,vip,106.04
3e50035b-1434-4b15-87ee-458dd8657e42,7,646.42,32.0,sevilla,recurrente,92.34571428571428
3e573e6b-3a7c-44ea-83e5-bf0d9f7800a0,4,532.14,59.0,vigo,vip,133.035
3e5826af-89b7-458c-8277-cb7858f8304d,6,526.49,50.0,madrid,corporativo,87.74833333333333
3e828fd5-6a2d-4a1b-880c-16250c96e4c5,9,781.2,20.0,murcia,nuevo,86.80000000000001
3e974376-25c4-484a-802f-9c2fe8c05bd5,7,738.04,55.0,granada,nuevo,105.4342857142857
3e9d808c-1c3c-4d66-ba66-a0b3d87979f6,6,1223.53,70.0,madrid,recurrente,203.92166666666665
3e9f9aba-2929-4ab0-8392-acbee732ecb8,3,401.79,47.0,granada,recurrente,133.93
3ea58f2f-51f7-4fb4-a5d5-f722d671e865,6,720.44,43.0,sevilla,nuevo,120.07333333333334
3eadc742-2445-4a7f-a2ee-ce6dca9c8ed8,6,473.61,18.0,bilbao,nuevo,78.935
3ebff4a1-761e-452f-8c2b-1f087b14474d,8,1006.9,46.0,malaga,recurrente,125.8625
3ec36e09-f112-4255-a68f-b29bef099aec,9,981.8,33.0,madrid,recurrente,109.08888888888889
3ec9ae9e-890e-4d42-be1b-c06a13d7720d,7,924.39,46.0,malaga,recurrente,132.0557142857143
3eca5796-338a-4896-911a-410465ca8f00,7,569.75,35.0,valencia,nuevo,81.39285714285714
3ede2c49-639b-4323-b408-a42af2ecb0c1,8,862.26,40.0,barcelona,nuevo,107.7825
3ee6d3c8-d7e0-4545-85b1-14555294b7c2,8,1177.84,34.0,sevilla,vip,147.23
3ee84158-e253-417e-a314-9d0fdb5760a7,5,395.96000000000004,48.0,granada,nuevo,79.19200000000001
3eea0758-ea81-47f4-8ab8-d43b0895670f,3,212.04000000000002,24.0,vigo,recurrente,70.68
3ef4f5e1-571c-4d74-9992-6caad405aac6,7,855.95,18.0,zaragoza,recurrente,122.27857142857144
3ef57720-d07a-420e-9184-b93f7e7d43ca,8,772.9300000000001,53.0,murcia,vip,96.61625000000001
3f0a5386-bd1e-4ad9-8c8d-272ab3b4e913,3,152.04,45.0,barcelona,nuevo,50.68
3f0d9032-326b-49be-b083-12bbcbd0e512,6,1171.2909000000002,26.0,bilbao,recurrente,195.21515000000002
3f0eedc1-346f-4834-aa76-8ca88a212a8e,5,678.6,52.0,bilbao,nuevo,135.72
3f1c09c7-98dc-4500-82a4-44ee63b3f908,10,643.8,59.0,valencia,corporativo,64.38
3f1f3f5b-b0e2-4bc8-90a5-045b83cdfcf8,7,508.55,39.0,granada,vip,72.65
3f1fbfa8-6a78-4dcf-8cb5-80497da19a57,7,1025.31,73.0,granada,recurrente,146.47285714285712
3f21fa60-a894-490d-b71d-5029620e829d,12,1881.24,39.0,vigo,nuevo,156.77
3f23829e-ff7d-40e1-989d-a24e72b23a39,10,834.46,35.0,valencia,recurrente,83.446
3f35bdb9-f02d-4b0a-a613-0b03d7916f5d,11,1904.5009000000002,38.0,malaga,nuevo,173.13644545454548
3f475e57-677d-4da3-afb6-289cce0ce2a9,4,202.94,27.0,granada,nuevo,50.735
3f47726c-012d-4fd4-af46-85a0ac4a97e7,3,113.47999999999999,56.0,granada,nuevo,37.82666666666666
3f5aa91b-a71f-4ddc-a7cc-6a31d7fa5c5b,11,1056.67,37.0,barcelona,nuevo,96.06090909090909
3f5baabe-76e6-492f-9f2b-bb6d5d057797,9,570.3000000000001,39.0,madrid,recurrente,63.366666666666674
3f6c828d-0f77-4fe3-bd43-511ba6f19b49,8,799.22,40.0,bilbao,recurrente,99.9025
3f6e4f05-f82e-41a9-b091-c8cc21dd7012,10,710.6,23.0,malaga,corporativo,71.06
3f6ebba2-e75a-4ce0-96c2-9daaf207dff6,4,396.37,55.0,barcelona,nuevo,99.0925
3f75c138-0f25-46cc-893f-903988584d5c,9,726.29,47.0,barcelona,corporativo,80.69888888888889
3f84da5c-e955-4332-a669-5c3faaa835d6,3,311.28,40.0,murcia,nuevo,103.75999999999999
3f96107a-e257-4e46-abbe-a84a4b608774,8,743.5,50.0,barcelona,recurrente,92.9375
3fa471ee-9929-4340-b7ca-72884c464da9,5,258.87,64.0,sevilla,vip,51.774
3fa6961e-ff7f-44b1-9c5b-1a78cb1e07e9,7,681.3299999999999,47.0,zaragoza,nuevo,97.33285714285714
3fb4e4a7-00ca-4c4b-a4a4-4c8518a34de3,8,511.06,27.0,barcelona,nuevo,63.8825
3fbcc68e-cdd4-442b-a7f5-d91d91842856,8,436.98,26.0,murcia,recurrente,54.6225
3fbccaeb-8676-480e-8515-3f733057b0dd,8,838.68,29.0,madrid,nuevo,104.835
3fbfe24c-72ad-4731-9fee-70b114c65dc6,4,334.38,47.0,granada,nuevo,83.595
3fcb7d9e-7b4d-4dc7-8aec-cd4856590a9c,2,452.86,22.0,murcia,nuevo,226.43
3fcc9ca6-b8dc-4d8b-b2e4-5809133674e2,4,235.28,34.0,zaragoza,recurrente,58.82
3fd9fbfe-8955-499e-adcf-dd3050a882a9,9,1184.2309000000002,40.0,madrid,nuevo,131.58121111111114
3fdc7d56-2a0c-4139-9817-18a2a939b43a,1,45.39,33.0,malaga,corporativo,45.39
3fdcf2a4-95ed-4041-bdf1-09d4c7ddeab5,7,1008.7409000000001,18.0,valencia,recurrente,144.10584285714287
3fe06eb6-c36c-4aa0-9327-ee8a906be3e0,7,581.82,40.0,malaga,recurrente,83.11714285714287
3fe2073b-c12c-46d1-b83c-87fe87597240,6,592.44,43.0,murcia,recurrente,98.74000000000001
3fea1baa-5dc3-4276-8b72-e2652b48f007,7,526.64,36.0,bilbao,nuevo,75.23428571428572
3fef8332-c363-4218-90d2-997c6c8715cc,6,349.06,34.0,barcelona,recurrente,58.17666666666667
3ff753f9-0943-45c3-b074-c0eb2fb92ae6,11,1352.2309,38.0,murcia,vip,122.93008181818182
4000b6f9-03ba-400b-b21c-b42d91ba1f1b,4,574.4499999999999,27.0,vigo,recurrente,143.61249999999998
4000dc68-cb57-4b8f-a609-8e273b6299de,4,532.1800000000001,40.0,zaragoza,nuevo,133.04500000000002
401483f7-c051-4f8d-a73e-a8d8ba1044f2,6,474.29,40.0,madrid,recurrente,79.04833333333333
401d194d-a184-440b-91f6-6809760c27b3,8,813.13,42.0,malaga,recurrente,101.64125
4029edec-f6b7-4f9e-a112-b9b6a8330390,6,448.94,38.0,barcelona,nuevo,74.82333333333334
40374910-1c0c-4d56-9d27-a84726e44938,7,574.73,37.0,sevilla,recurrente,82.10428571428572
4042b0fe-e23f-40e6-89ee-472eac6467fe,3,419.01,18.0,bilbao,nuevo,139.67
40531a9f-1b31-46e3-a992-4cccf736d854,4,462.38,26.0,murcia,corporativo,115.595
4058fbda-7ad0-4285-80be-9af6c086714d,7,618.03,48.0,granada,nuevo,88.28999999999999
40665e7d-8e13-4b8a-85bf-90e8441ef5f7,7,449.91,69.0,barcelona,recurrente,64.27285714285715
407f538f-679b-4b68-bc90-44b940b5201a,4,336.61,45.0,granada,nuevo,84.1525
40800402-c5ee-4ac0-a2bd-87a60472c5c0,4,535.31,43.0,vigo,recurrente,133.8275
4090c3bd-df69-4f7d-96b8-2e364624b937,3,153.6,37.0,bilbao,vip,51.199999999999996
4093f662-2990-42c6-b4eb-419c3a9df582,5,783.67,46.0,murcia,recurrente,156.73399999999998
409ea7fd-7ad3-4eff-9b31-acd24aa2a048,5,566.64,22.0,madrid,nuevo,113.328
409ec24e-2b11-4d3e-b9e3-fb5415d3503e,4,172.45999999999998,42.0,granada,recurrente,43.114999999999995
40aaceed-c5d0-444a-8ded-eac5e63f5f58,4,245.7,40.0,murcia,recurrente,61.425
40b0a998-1bcf-4216-81cd-d336379b2d42,7,825.15,39.0,valencia,vip,117.87857142857142
40b7265e-1d94-4a6a-b645-f4daec64ed26,10,1043.69,32.0,murcia,nuevo,104.369
40c2c82a-473f-4d4a-a0ab-4d9c3e817f16,2,172.3,42.0,zaragoza,recurrente,86.15
40c4f2d7-6f19-48cb-81a3-7563f811d0a7,8,430.14,74.0,sevilla,recurrente,53.7675
40ca3ce8-72c0-46e3-9544-679864e5f757,6,541.07,22.0,vigo,nuevo,90.17833333333334
40ce6fcd-5fa5-45d5-87cf-386deda06b16,3,113.32000000000001,37.0,madrid,recurrente,37.77333333333333
40d0a24f-b524-4e3f-ab71-8dbb4c0ad891,6,873.7,21.0,valencia,recurrente,145.61666666666667
40d90fdc-13c8-4cb5-80bc-1fe6d15eab44,5,466.44,61.0,barcelona,corporativo,93.288
40de7a4a-c206-44eb-ad0f-0577bb3351c0,5,1078.37,35.0,valencia,recurrente,215.67399999999998
40f293c6-97c3-4339-ba1c-4950b8a945c6,4,719.47,53.0,granada,recurrente,179.8675
40f981cd-6735-415c-a6d5-f871041763cd,10,805.23,31.0,barcelona,recurrente,80.523
40ffbdd9-17b1-4f18-9af7-46d3950dc592,7,432.34999999999997,48.0,barcelona,vip,61.76428571428571
4101e225-5966-4e7f-a86a-8545a7a180dd,7,1012.4499999999999,40.0,vigo,nuevo,144.63571428571427
4117bded-9abd-4889-9f2a-1ac9a7ac69a7,10,1228.29,49.0,murcia,vip,122.829
4122c99d-9811-489c-9a23-5316817538ba,8,786.0,54.0,bilbao,recurrente,98.25
412649b2-5913-424c-bed9-7afd57616934,6,295.18,18.0,barcelona,nuevo,49.196666666666665
412d1c04-f2b3-414e-b05a-fe84554db28f,10,1207.89,18.0,malaga,recurrente,120.78900000000002
41462a07-d864-4d22-a128-79280db0953b,8,640.92,39.0,barcelona,nuevo,80.115
4147db09-8f01-4aa2-9972-a0d4bf9e2ac2,9,966.3199999999999,29.0,malaga,nuevo,107.36888888888888
4154cdf5-01b6-40e8-8d67-c3e823a138ce,7,620.61,50.0,zaragoza,corporativo,88.65857142857143
416619c3-2610-42b3-bee8-8c313e84a828,6,424.26,30.0,madrid,nuevo,70.71
416a14ab-0db9-40cf-bbea-03f6ce8c37e8,7,446.95,53.0,bilbao,recurrente,63.85
4172df83-adfc-4abd-90ea-1527302e44bb,2,196.14999999999998,34.0,barcelona,nuevo,98.07499999999999
417578ee-c093-4516-985f-f8c6c9815dc9,3,91.57,43.0,zaragoza,nuevo,30.52333333333333
417d196f-da5f-4a32-bf6b-7fca1655faa5,6,561.94,51.0,bilbao,vip,93.65666666666668
4182fd8d-7ad9-42a3-8b37-dab35aa993fc,6,919.8309000000002,40.0,malaga,recurrente,153.30515000000003
4199bea7-f572-41ad-8ac6-014cefa6f77a,9,911.2,40.0,sevilla,nuevo,101.24444444444445
419d6d42-8936-4494-8c8f-e01a266ba7e9,2,65.83,48.0,madrid,nuevo,32.915
41a1659a-cc1d-4a4e-bb2c-99b913563530,6,682.16,49.0,vigo,nuevo,113.69333333333333
41ab0577-8384-4bd4-b438-2af63763f114,9,590.09,40.0,valencia,recurrente,65.56555555555556
41ab6b7a-e064-420d-b137-0e37f31f3854,8,605.23,63.0,murcia,recurrente,75.65375
41ac2f12-3d34-4111-8169-565c6a5f8210,5,488.07,25.0,malaga,nuevo,97.614
41b52fc1-6318-4d35-88ec-acc977a414b0,7,596.3,31.0,bilbao,nuevo,85.18571428571428
41d8e4f4-7109-4df4-85c6-bf0e0c6d43f9,4,370.8,35.0,zaragoza,corporativo,92.7
41e1ebd8-9201-48cc-80db-9204a984032f,5,844.11,44.0,bilbao,nuevo,168.822
41e3ed9d-1ce8-4971-8dbe-cfe995d08b19,5,488.12,27.0,sevilla,recurrente,97.624
41eae4c3-22c0-4156-8bb6-967083810b32,5,852.12,67.0,sevilla,nuevo,170.424
41f532eb-95ff-431b-bcae-4262c963d961,7,743.95,29.0,sevilla,recurrente,106.27857142857144
41fac373-24e8-4746-8ae1-0538759ff992,7,1277.01,45.0,granada,vip,182.43
41fb82af-5b60-43d1-be94-3bb7e4e73fa8,3,255.35,35.0,granada,nuevo,85.11666666666666
420a4345-eac7-482d-a2f4-18edabf25c52,11,1235.87,35.0,granada,vip,112.35181818181817
420aef3f-51e2-4e0d-a1ee-652cedbcb836,11,1214.0809000000002,42.0,valencia,nuevo,110.37099090909092
4214403f-c853-44c4-aa97-46332a264a92,7,1018.5799999999999,50.0,malaga,vip,145.51142857142855
4214a225-30a2-4da7-b483-ddff599e6d4c,8,1178.54,39.0,bilbao,vip,147.3175
42181877-ad27-4ace-926a-bc1fdfac679e,9,705.04,66.0,bilbao,recurrente,78.33777777777777
4220171f-0fd4-4afb-9f80-a41218ceeb8e,14,1615.4,36.0,valencia,nuevo,115.38571428571429
42244c73-3261-46a0-98b6-7a9deb21c5f6,5,412.27,28.0,granada,recurrente,82.454
42288f20-15b0-4223-8ac2-31ba53937f51,7,835.8,59.0,barcelona,recurrente,119.39999999999999
422c212c-261c-4307-889e-f61a614a5106,2,456.09000000000003,42.0,zaragoza,recurrente,228.04500000000002
422e883b-8786-45e2-af42-c201636fbcdd,6,711.95,47.0,granada,corporativo,118.65833333333335
422f7523-c39e-4523-a487-a6abf3b30cff,8,1293.02,37.0,sevilla,corporativo,161.6275
423509ab-3f1e-46b9-b200-028924120b35,7,1038.8709000000001,34.0,madrid,recurrente,148.4101285714286
423d58f6-e9ac-45ef-85b7-7babc6ef7993,5,601.17,42.0,granada,recurrente,120.234
42489b2c-4ab7-47ff-96b5-d9fa8c576313,9,892.28,47.0,madrid,nuevo,99.14222222222222
424cc83d-711b-44d8-aa31-39bb33cc818d,2,47.2,21.0,sevilla,nuevo,23.6
425337ac-4235-4c0e-b956-fefe484ac230,4,235.06,33.0,barcelona,nuevo,58.765
4256b69a-08b0-4407-9206-43f51d0ee345,8,561.64,47.0,madrid,corporativo,70.205
42571f64-d1b0-4b28-9c2b-a730468c6c80,4,265.7,47.0,valencia,recurrente,66.425
425bb1f1-5bce-4680-a132-103935e12a6d,11,1310.27,21.0,granada,nuevo,119.11545454545454
426f9ebb-14ad-4b72-9fd4-4235ec6571d7,9,896.23,42.0,madrid,recurrente,99.58111111111111
4274d536-bac6-4e98-b53d-941564119ef6,5,386.21999999999997,33.0,murcia,recurrente,77.244
42753fc1-a14f-48cc-9480-26374e0b5533,8,641.16,50.0,zaragoza,corporativo,80.145
427faa3a-4898-446b-a670-8b6a2d027006,8,1291.17,69.0,valencia,recurrente,161.39625
4284725e-5b32-41a2-9cc8-761ab4a097b4,3,192.53,41.0,zaragoza,nuevo,64.17666666666666
428c3ee1-7a33-45d2-ac8d-7f7757b629b0,2,352.82000000000005,36.0,barcelona,recurrente,176.41000000000003
4293909b-4647-4df0-bdcb-7bc286f7f7e8,4,231.51,46.0,valencia,nuevo,57.8775
42aa1c43-7c69-4a54-be43-cf4114f4dbea,8,624.4,23.0,barcelona,vip,78.05
42b1d2be-5b13-40a4-842d-382b1b845f88,6,270.24,37.0,madrid,nuevo,45.04
42bb622e-ce67-424e-bcb5-ea258276c34c,10,1494.06,35.0,granada,vip,149.406
42c892da-6da8-4cc8-a56b-c222b250f72f,5,412.09,55.0,granada,recurrente,82.41799999999999
42d0331b-a74f-42a5-8f9d-8fe8bf4e77bd,6,619.16,34.0,madrid,vip,103.19333333333333
42dc20d7-5f00-4043-b6d2-615e5c407c32,5,408.74,57.0,malaga,nuevo,81.748
42e956f1-0880-42ba-af86-c012df187c08,11,1190.2,22.0,madrid,nuevo,108.2
430a398e-2d66-4d4f-9fa9-1a501656ae52,8,738.48,40.0,valencia,corporativo,92.31
430e26a8-7025-4a07-91db-21b6e1fff8fd,8,810.55,64.0,valencia,recurrente,101.31875
431ef8ed-2254-4fd3-b4b8-6813f04374a0,2,183.82,63.0,madrid,corporativo,91.91
433d1336-6101-4948-897a-5d3166135da9,8,421.32,47.0,barcelona,vip,52.665
434ae9c3-3c37-4578-8843-81ec1c2600c1,10,1031.27,33.0,madrid,nuevo,103.127
436aba51-92ab-4341-bfdb-5f56434a0fe9,5,176.87,40.0,valencia,nuevo,35.374
436b97d0-da36-4469-9163-027d0153625b,3,182.81,38.0,barcelona,recurrente,60.93666666666667
437d086d-f413-41be-8d01-d397c112bc48,6,443.64,40.0,sevilla,nuevo,73.94
437e9c83-492c-4ea6-a524-db2611be2a81,12,1146.81,24.0,sevilla,recurrente,95.5675
4389835b-129c-4131-9a4e-1ebddb4d3b1e,1,375.7,58.0,vigo,nuevo,375.7
438dc408-600b-4db2-8c78-82726f73aa8b,5,686.53,40.0,vigo,corporativo,137.30599999999998
43ae6c4c-9dbe-46f2-90b8-133618132368,6,992.94,22.0,valencia,recurrente,165.49
43bf11c4-4bcf-4118-9b22-2128f721a4ac,6,515.04,33.0,zaragoza,recurrente,85.83999999999999
43c392e7-af42-4431-8106-5764cf92a841,11,1984.9,48.0,murcia,corporativo,180.44545454545457
43c65975-68a8-4f1e-b11d-ff04bf5cbbb3,7,582.21,38.0,murcia,nuevo,83.17285714285715
43c7ec48-13e1-4357-b5db-b945ae6b34af,4,398.28,43.0,madrid,nuevo,99.57
43c8ab40-803a-4acf-8794-749337898a4b,3,271.25,50.0,madrid,recurrente,90.41666666666667
43cb5a82-aa68-4a4a-91b6-fe812f4f2baf,8,867.95,40.0,madrid,nuevo,108.49375
43cd8a82-b24b-4474-aebe-6b9f02b3f797,7,1394.52,60.0,barcelona,recurrente,199.21714285714285
43ce5a4e-42d2-4321-a17b-f0c666058fa9,5,554.24,45.0,sevilla,recurrente,110.848
43d3ee9f-df95-41ce-91d7-b9f6c3ba7ce3,5,448.21000000000004,32.0,malaga,recurrente,89.64200000000001
43f82162-17a9-4e61-aa9b-b73f3f07d212,9,637.76,37.0,murcia,recurrente,70.86222222222221
43ff0d5d-2f40-4086-8648-3c608569df30,7,1208.4009,40.0,vigo,vip,172.6287
4401e3f2-6b72-4e33-a543-0e613fa73336,6,609.29,47.0,bilbao,recurrente,101.54833333333333
4403cfca-8e9e-4e26-bc89-c1dbddbfc96a,7,815.3199999999999,32.0,malaga,nuevo,116.4742857142857
44057df1-e8b5-4a63-8b13-c044bb779ca8,7,514.87,25.0,malaga,vip,73.55285714285715
44145d02-6454-4298-8fe2-acb00c480bdf,5,375.61,35.0,malaga,nuevo,75.122
44172f78-d671-4c21-9778-d70e105f9735,9,938.1800000000001,45.0,barcelona,nuevo,104.24222222222222
441f364b-9498-453a-aa63-ad0acf468180,4,489.38,32.0,vigo,vip,122.345
442c0f8f-dfba-4a73-99b3-30b141afa106,6,555.89,34.0,madrid,recurrente,92.64833333333333
442d2595-4f5d-425d-8cc5-2d774b23e5e9,6,437.51,36.0,madrid,recurrente,72.91833333333334
442e7185-5b6a-4c41-ad73-21ca612cb5a6,6,391.2,46.0,sevilla,nuevo,65.2
4438b90d-46de-401c-a6b8-ce1280159166,7,622.31,25.0,bilbao,vip,88.90142857142857
443a93fb-f317-4ef0-8677-fd02e9264fc9,6,1542.6218000000003,65.0,murcia,vip,257.1036333333334
444968df-20eb-4993-b8d2-c3c1cd606731,5,247.82,65.0,granada,corporativo,49.564
445380c1-16fb-4c2e-9c28-344fe4c4e546,6,636.51,40.0,malaga,vip,106.085
4453ef66-735c-4827-932c-1bfeb06734cb,5,302.05,39.0,bilbao,recurrente,60.410000000000004
44544ff3-1154-45c6-aa16-f0db0e3705a5,2,252.45000000000002,31.0,malaga,vip,126.22500000000001
44548f2f-b247-4c89-885d-0b31aee1072e,3,62.37,37.0,valencia,recurrente,20.79
4465e27d-f7b1-47da-af36-fdd2788af392,8,1062.68,29.0,valencia,vip,132.835
446be3f2-ca15-41f9-bf3f-7e0753f31ebe,5,484.77,32.0,granada,nuevo,96.954
4470817c-3319-4ab0-9d93-ea63fdc09f34,6,464.72,36.0,zaragoza,vip,77.45333333333333
448328e5-0c33-456a-aa7d-e94d4e98cafe,6,545.29,48.0,granada,nuevo,90.88166666666666
4494440b-9645-4aa0-be80-3ad70be06583,6,420.27,31.0,murcia,recurrente,70.045
44ab1895-e564-40fc-a65c-3965ae5220c5,7,540.48,31.0,barcelona,nuevo,77.21142857142857
44d28f41-989e-4ea2-b0b1-d206fc2f1524,9,1987.5809000000002,36.0,valencia,recurrente,220.84232222222224
44d3cfd7-526d-4457-a8be-309fcfcc33ef,5,332.88,30.0,sevilla,vip,66.576
44d49aab-e313-4f25-a508-b90b26f7c6f9,6,943.2009000000002,37.0,sevilla,nuevo,157.20015000000004
44d65de3-c050-48c4-9401-fed4dc918fad,6,672.93,61.0,sevilla,recurrente,112.15499999999999
44e28381-23d2-4245-9534-86862489c05a,8,615.13,55.0,valencia,recurrente,76.89125
44e30fed-0b4e-4723-ba24-edd487926c50,6,704.74,28.0,madrid,nuevo,117.45666666666666
44ea7c6f-4d71-4434-b3c5-72c6a23893ee,6,1165.28,26.0,valencia,nuevo,194.21333333333334
44ea921e-8f22-4944-9108-664ee936d6f7,3,663.13,47.0,bilbao,recurrente,221.04333333333332
44eee968-aa35-41c4-ab55-67d89f27f894,4,423.54,19.0,madrid,nuevo,105.885
44f9aa3e-7b2e-4a5d-9405-1f09849a4ef9,6,737.36,57.0,bilbao,recurrente,122.89333333333333
4512978b-4610-4350-b5f0-6e51ed72c5f7,8,504.8,41.0,bilbao,nuevo,63.1
451c2a79-65cf-438d-9a32-32376f51d344,7,725.29,27.0,murcia,recurrente,103.61285714285714
451d688b-f3eb-447c-9d10-35beac529d21,5,923.99,38.0,madrid,recurrente,184.798
4524f73d-14c0-4278-b493-945c1d975b5f,5,894.28,51.0,sevilla,recurrente,178.856
4527014e-098f-4776-9c50-8c2f40a6e473,16,1785.8600000000001,48.0,malaga,corporativo,111.61625000000001
4527dadd-ef5a-48d0-90f4-648c86370056,8,785.6899999999999,47.0,bilbao,nuevo,98.21124999999999
45290c55-bf19-42c5-a622-59893911a86d,10,970.47,35.0,bilbao,recurrente,97.047
45389619-f1c8-45f6-ad5e-7625f937b76d,6,462.58000000000004,18.0,vigo,recurrente,77.09666666666668
453a880a-5012-4126-a03d-d997a6a3b0e4,1,71.54,49.0,zaragoza,nuevo,71.54
45457766-8b7a-4398-a9d9-200c932d9ae2,3,209.45,51.0,barcelona,recurrente,69.81666666666666
45480cf3-31fe-4ab8-a510-80dfb1ec83fd,10,1242.78,38.0,bilbao,vip,124.27799999999999
454d83fc-73d6-4386-8775-5c564c0351f8,6,816.7109000000003,26.0,vigo,corporativo,136.1184833333334
455112bb-795e-41d0-b36b-251d28f7546e,7,972.02,47.0,granada,nuevo,138.85999999999999
45536721-8daa-41e8-93c5-474237fe6bf7,8,430.31,31.0,zaragoza,vip,53.78875
455a64c0-5b2f-42da-82e0-13d39463a10e,6,386.26,40.0,malaga,recurrente,64.37666666666667
4563d6be-7aa1-419d-bbc5-c7cfa79396f7,7,955.6800000000001,48.0,malaga,nuevo,136.5257142857143
456d7aa1-0504-4bf9-8be8-9c654a0b503b,4,249.5,38.0,murcia,recurrente,62.375
456d80be-f57c-4185-9397-725fb7a4bbf2,7,760.95,35.0,madrid,vip,108.70714285714287
4573641c-c4f1-4fda-9ec9-78a14937d61c,7,558.3199999999999,35.0,malaga,nuevo,79.75999999999999
45871c1e-1e2b-4cc5-a5ac-80189bdfed66,8,707.11,55.0,vigo,recurrente,88.38875
4588d699-ab6a-479f-86b0-d8db6a3952eb,8,621.89,46.0,zaragoza,recurrente,77.73625
458fac06-06d1-4c6e-b50e-852f32772973,6,595.1600000000001,62.0,vigo,nuevo,99.19333333333334
45931560-9b25-4f9c-b9a8-9e6c16cbd5c5,5,1034.6509,30.0,sevilla,recurrente,206.93018
4598390c-4862-43b5-a05d-8a565b4d37c3,3,122.44,43.0,madrid,recurrente,40.81333333333333
45ace751-0b4c-4600-9a73-ea75095270ee,4,233.7,30.0,malaga,recurrente,58.425
45b9569d-fcd7-4f57-bcc5-aff6aca8d326,2,216.07,63.0,malaga,nuevo,108.035
45c3cc4f-9660-4d5a-ae62-fb7c1b7416c3,12,1092.65,57.0,zaragoza,corporativo,91.05416666666667
45cdc199-6682-4944-b926-f83a3557d5fc,9,908.4,50.0,granada,nuevo,100.93333333333334
45d903ef-1f34-46e6-b87d-a062cf07d120,7,564.14,40.0,valencia,nuevo,80.59142857142857
45e18f0c-c77c-45e9-93a0-a9710606c9e2,8,953.29,21.0,bilbao,nuevo,119.16125
45f8b1f1-cb5a-4fc5-b93b-7668ebfbcc2d,11,582.88,44.0,zaragoza,nuevo,52.98909090909091
45fb37e3-a540-4d0e-b0d9-391825306007,10,744.59,26.0,malaga,recurrente,74.459
45fc0f5b-3434-413a-82f0-00b86ee90d3e,5,620.84,40.0,barcelona,recurrente,124.168
46169f28-7f3c-424e-b9a3-50a9e2cc6e85,6,713.92,36.0,granada,recurrente,118.98666666666666
4619c6af-0847-4a12-87e1-fd2b15ebd2de,5,652.87,21.0,murcia,corporativo,130.574
4620c5a2-2990-4739-b4f4-abf24f92a69c,7,675.1700000000001,41.0,bilbao,nuevo,96.45285714285716
46244a18-37c4-4f93-b061-e78b129b42c7,10,662.62,29.0,sevilla,recurrente,66.262
464926e7-0cd7-427f-bd8c-c477619fd945,5,492.76,34.0,granada,corporativo,98.55199999999999
464962be-a14c-46ed-990d-b41df12d8d7f,7,684.85,18.0,zaragoza,recurrente,97.83571428571429
464e1cd7-a371-4dfa-a110-082b27c15fa8,8,566.44,40.0,malaga,recurrente,70.805
4655bdfd-39b5-476d-8b71-a0d68bc990c7,7,448.53,34.0,barcelona,corporativo,64.07571428571428
465664f4-ae80-41cf-bdee-2ddb196dd70f,8,1006.7809000000002,39.0,malaga,recurrente,125.84761250000003
4664f85e-2b11-40ea-a6d0-4bd65bae59c0,4,686.92,27.0,malaga,recurrente,171.73
4668cf7c-b026-41dd-8bce-bf17f6f2dc8e,6,590.9,33.0,zaragoza,nuevo,98.48333333333333
466b98a3-becc-4076-93b8-8b086eaffad6,8,774.57,50.0,barcelona,recurrente,96.82125
4676116c-8b59-4348-9fa3-1da48ffc383d,9,720.33,48.0,sevilla,recurrente,80.03666666666668
46880aca-8071-4974-9869-c811d43aed0b,8,1047.05,40.0,granada,nuevo,130.88125
468bab59-0335-4f68-b9ed-7b3b7fb43e06,7,981.57,29.0,madrid,nuevo,140.2242857142857
468cd9a5-94fb-48cf-88be-ffeb8ca42b7e,5,230.76999999999998,38.0,sevilla,nuevo,46.153999999999996
468ee22a-dc4f-4284-a7c9-c422c45a9aaf,6,559.62,40.0,barcelona,nuevo,93.27
469de714-e37c-44bd-8c99-80502bbf5ac6,4,337.9,48.0,malaga,nuevo,84.475
46a1060d-cff5-438f-bb77-3cb29db811b3,6,568.09,43.0,murcia,vip,94.68166666666667
46acd193-5930-47ad-a76a-deeead89e4ad,8,426.35,46.0,vigo,nuevo,53.29375
46b0e675-5f63-4bfd-843c-afe80b5fd944,7,1362.93,18.0,vigo,nuevo,194.70428571428573
46bd0106-17d6-4065-9dae-1c91c167e7c1,8,423.28000000000003,27.0,vigo,nuevo,52.910000000000004
46bf5ffc-edb0-49e2-98e7-f67827700986,7,358.92,48.0,granada,nuevo,51.27428571428572
46cd0c76-2f69-4e5a-a3e1-e6605a6b938e,3,738.86,56.0,granada,vip,246.28666666666666
46cf2625-b920-4d68-aa02-e04a75e9777c,4,777.3,42.0,valencia,recurrente,194.325
46e46a7b-3b6c-4968-b15d-a7e625d28fee,11,1298.3909,34.0,barcelona,vip,118.03553636363637
46e8b0ca-faff-4a9b-b566-7a12eb1a9c19,11,1447.7609000000002,26.0,bilbao,corporativo,131.6146272727273
46f43107-a5af-4676-96fd-34ae50a11fed,10,745.4,39.0,madrid,recurrente,74.53999999999999
46fb5d2c-376e-4ac6-a561-e5345d76392d,5,679.23,40.0,bilbao,vip,135.846
46fc58bb-0556-4bfc-953f-411bc6e1a072,5,288.95,18.0,sevilla,recurrente,57.79
47087e3e-a67b-4354-9bd8-1ecb5b2a653c,18,1327.4099999999999,72.0,bilbao,nuevo,73.74499999999999
470d15d6-e5e4-4fc3-884b-8cbd8853dc1d,10,1315.2409000000002,49.0,malaga,nuevo,131.52409000000003
470d4daa-c2e8-410b-bfbd-5b52eeccae37,9,1799.67,40.0,murcia,recurrente,199.96333333333334
470d8abd-cecc-4ade-9158-3505159e3319,4,141.19,45.0,zaragoza,nuevo,35.2975
4716e630-646d-442b-911a-0a3f2ddab1ed,6,450.68,34.0,barcelona,nuevo,75.11333333333333
473e6ef2-eabc-457f-8740-2648115853ac,3,122.48,36.0,sevilla,recurrente,40.82666666666667
473eeb3f-6a63-4a1d-9f94-03e6ffa77ba5,7,1727.1209000000001,46.0,sevilla,nuevo,246.73155714285716
4749fe74-5611-4305-86da-43cbddcc619a,7,657.98,43.0,vigo,vip,93.99714285714286
4765b832-e05d-4cf6-8934-36fd2d9dcd10,8,935.6209000000002,41.0,valencia,nuevo,116.95261250000003
47767ae7-28dd-4796-8566-5d220a5268ec,5,397.45000000000005,24.0,valencia,nuevo,79.49000000000001
4776b74c-047f-4db3-a931-b1cd25dd3b3c,9,671.92,37.0,madrid,nuevo,74.65777777777777
47789a7e-405d-4eb4-897a-5d304f02fe2e,5,1103.9409,45.0,zaragoza,corporativo,220.78818
47799599-326b-4414-9333-9898080f4dc2,9,974.96,29.0,sevilla,recurrente,108.3288888888889
477afed7-6cbe-4a28-8b04-d252019fc313,10,1337.78,54.0,zaragoza,nuevo,133.778
4782e2e7-693f-4b4a-914c-94bbc4787d7b,5,336.06,42.0,malaga,nuevo,67.212
479eff22-ea77-4223-942d-67d32ead5ca9,4,326.12,50.0,zaragoza,recurrente,81.53
47a4d28d-6485-478b-9c85-89b7c54cc0a1,7,692.64,18.0,bilbao,recurrente,98.94857142857143
47a9c1c5-96c0-405f-94f6-24867ed19fc7,6,1261.3509000000001,46.0,malaga,recurrente,210.22515
47aa0390-45eb-4443-a87d-5c5f873bf41d,7,988.8299999999999,65.0,zaragoza,recurrente,141.26142857142855
47aa75cb-35fc-48cf-a381-b8cc6cfe4b49,8,773.47,40.0,murcia,recurrente,96.68375
47ac212c-340b-42a2-b8ab-3e0d5a05b832,7,606.48,38.0,vigo,recurrente,86.64
47b0a36f-123d-44df-b692-0481bcc2ed2e,5,614.6,58.0,madrid,nuevo,122.92
47ba0d1c-6d77-420f-9ba6-cdcf81ac0df4,7,629.73,39.0,zaragoza,nuevo,89.96142857142857
47c41880-1f8d-4f96-a465-4f472b7ff098,9,763.0799999999999,38.0,bilbao,corporativo,84.78666666666666
47d21e69-f515-4d84-911b-c4a23c9f9806,5,780.89,34.0,malaga,recurrente,156.178
47eb1a00-7d23-4a7a-8867-ab2b9a8596f1,8,756.98,39.0,bilbao,nuevo,94.6225
47fcfd03-d0a9-471e-bd54-4884320f059f,11,823.39,28.0,barcelona,recurrente,74.85363636363637
480b86ee-7448-4f2e-a6aa-6a4cefc43aa5,3,102.06,40.0,barcelona,recurrente,34.02
481609ff-73bb-4122-a505-179c790d092a,8,308.9,40.0,valencia,recurrente,38.6125
482cbade-1e98-455f-bf97-2802107fa6ed,6,594.4000000000001,40.0,madrid,nuevo,99.06666666666668
4831691d-c43b-4987-963c-a435a113cec5,4,494.99,21.0,barcelona,recurrente,123.7475
4832c5d1-46aa-4ac8-9d9f-4798db205c20,6,723.99,39.0,barcelona,recurrente,120.665
48344247-71d8-4faa-8175-e52d2873a9bf,8,689.38,40.0,granada,corporativo,86.1725
483b6dda-ed00-492b-95f1-cc5c63a0bb8f,4,239.2,32.0,barcelona,recurrente,59.8
48481a8b-d008-4efc-b158-34e094a5f6a8,6,249.88,23.0,vigo,recurrente,41.64666666666667
484da1d1-21e6-4d20-a604-3caf3ef53e72,4,506.19,33.0,sevilla,recurrente,126.5475
484e6c2f-3329-41d9-b312-be53f5d10826,9,577.45,30.0,bilbao,recurrente,64.16111111111111
4852f5ab-c218-4cf9-9e7b-ccad40d777e0,5,391.78,41.0,valencia,corporativo,78.356
48580647-fca2-4f6d-b871-2b44233f7456,5,493.2,61.0,barcelona,nuevo,98.64
485ac3b3-cc2a-4f6b-80d6-2c56b716436e,9,732.98,26.0,bilbao,recurrente,81.44222222222223
485b796e-2837-4748-a5d4-2692fa1156c4,2,178.13,44.0,granada,nuevo,89.065
487e3811-dc76-45d4-87a7-397ab2b74470,7,1052.4509000000003,49.0,sevilla,recurrente,150.3501285714286
487f19cc-fa4a-4c00-affa-95c3291f8e47,7,787.4499999999999,27.0,granada,recurrente,112.49285714285713
4882dbeb-7515-44e2-a145-372f8c7f60ae,4,433.89,28.0,madrid,nuevo,108.4725
489bd144-2941-4e17-91f4-05f3e92e9d25,3,436.78000000000003,49.0,vigo,nuevo,145.59333333333333
489defbd-cc11-4d8b-a8d1-0dcef64cc506,5,744.24,45.0,sevilla,corporativo,148.848
489e7906-607e-4e36-a85a-39f9605dd6e8,6,383.87,47.0,malaga,recurrente,63.97833333333333
48a2c08d-ec00-4e33-ac1d-e2b50db85e32,7,562.55,18.0,valencia,nuevo,80.36428571428571
48a8ce2c-6c19-4025-82ea-7464345075ad,12,857.12,42.0,malaga,nuevo,71.42666666666666
48af484c-b803-4492-b73f-231767dc1d6a,8,1244.47,29.0,malaga,recurrente,155.55875
48b07ba1-8924-40a9-9515-8c7693dbeb66,5,310.19,37.0,valencia,recurrente,62.038
48c4fb32-edf6-411c-b268-2ba5767271d5,3,188.6,40.0,granada,nuevo,62.86666666666667
48d774f9-525b-4451-af7b-3553bb0ed0b5,6,431.08000000000004,25.0,barcelona,vip,71.84666666666668
48dcaa1c-774a-4bd4-85e2-67fbc1ba09cb,6,290.20000000000005,32.0,barcelona,vip,48.366666666666674
48e7c685-68d2-4296-8b84-63af3f999e27,7,487.34000000000003,48.0,malaga,nuevo,69.62
48ece749-3846-42fd-a797-3a685e07c58f,10,707.44,50.0,granada,recurrente,70.744
48f4c312-78ae-4d77-ac26-61fe48fad20a,5,339.52,31.0,barcelona,nuevo,67.904
48f98c2f-9543-4ba7-94d1-ecd9cfb01ccd,5,898.27,44.0,barcelona,nuevo,179.654
48fc0010-0265-45b6-a0dc-687cdf098b42,10,1327.08,45.0,murcia,nuevo,132.708
49036922-973c-42b8-8c48-036525da55d0,5,529.12,41.0,malaga,nuevo,105.824
49044f01-34e1-478e-a54b-fd55dad28b91,8,492.59,20.0,malaga,corporativo,61.57375
490b2c53-538e-4ba0-b638-3ae9bc51c88c,9,613.5,37.0,valencia,recurrente,68.16666666666667
490f5bcd-42c9-4e05-a054-adfb0fabf7a1,3,438.1,51.0,madrid,recurrente,146.03333333333333
4916403f-a124-483c-a860-2ffbfa09dc89,5,460.58,43.0,madrid,recurrente,92.116
492ceb9a-dbed-470b-b1b9-0fcc1a03c4cc,7,532.4300000000001,47.0,barcelona,recurrente,76.06142857142858
492de572-3dad-4cd5-819a-62dd68907686,8,415.35,62.0,malaga,nuevo,51.91875
4932808a-8b14-4aef-b921-3f76531e2c20,3,356.45,39.0,zaragoza,corporativo,118.81666666666666
49357f45-cd64-4da0-a5ac-f73d7ec639a6,2,222.03,41.0,sevilla,corporativo,111.015
49466627-5d65-4b0a-8458-9dccddd39f84,6,1056.7,42.0,madrid,nuevo,176.11666666666667
49513960-7708-4734-b45a-0ec160611937,8,956.19,38.0,malaga,nuevo,119.52375
4953bedd-c343-4f59-9426-46841e62ae99,2,105.58,39.0,valencia,vip,52.79
4954c7b6-282c-4247-81a9-e16aa604ec73,8,1645.7318000000002,34.0,valencia,recurrente,205.71647500000003
495ced58-d2ce-43e0-8c25-78f19213cd9e,8,1069.88,26.0,madrid,recurrente,133.735
49600746-deb1-4c08-95a6-5de968ffd905,6,313.39,58.0,zaragoza,vip,52.23166666666666
49635980-a44b-477d-b1fc-b9c35769f94d,7,616.0799999999999,40.0,valencia,nuevo,88.01142857142857
496c1a07-8c75-4a9a-887b-734e0199f5e8,10,589.08,18.0,granada,recurrente,58.908
497c6b78-336d-4f74-ad23-8e492c058c76,8,811.51,39.0,granada,nuevo,101.43875
4981e81d-6f00-499e-8631-da768e1bd3f8,5,497.78,44.0,madrid,recurrente,99.556
49845e78-67e8-42f3-855d-b6fa9f998065,9,669.14,47.0,madrid,vip,74.3488888888889
4985b1f8-b133-4a5f-94b7-74d936dfde2f,1,312.87,52.0,madrid,corporativo,312.87
49967002-d01e-46be-85d6-df72b51cfcf2,7,919.73,47.0,malaga,recurrente,131.39000000000001
49a0dd68-aa47-42c0-85c2-41ee3e9c78d3,5,998.8009000000002,27.0,madrid,recurrente,199.76018000000005
49aa22e4-a5f1-473d-9fec-b4c3c3cd1874,4,151.67000000000002,49.0,malaga,nuevo,37.917500000000004
49baf817-7493-479b-bc5e-b5567ad727d1,9,1005.26,41.0,valencia,recurrente,111.69555555555556
49da6e0a-b85e-42bc-90eb-9f786ce88008,6,331.28000000000003,32.0,vigo,vip,55.21333333333334
49da76b9-a68a-4544-a688-063850edae2d,5,557.97,44.0,valencia,nuevo,111.59400000000001
49dbf263-bbb8-4461-afb9-841df3ed3eda,5,372.3,25.0,zaragoza,vip,74.46000000000001
49de05e1-68c2-47f0-a3d5-7063796e745e,4,829.8409000000001,18.0,malaga,nuevo,207.46022500000004
49e27e6a-4fcb-4c3a-b0e7-00bfee02306e,7,550.99,41.0,bilbao,corporativo,78.71285714285715
49f4a126-ed80-4386-a4f3-3510c2a7a8b3,7,883.7900000000001,24.0,granada,corporativo,126.25571428571429
4a011dd6-5336-4948-97c2-f4a5520c1f4d,5,696.53,42.0,bilbao,vip,139.30599999999998
4a0c5d04-4b40-4769-9c22-0363ff3748ab,11,1118.23,18.0,barcelona,recurrente,101.65727272727273
4a1295c9-6260-40b8-ad6b-6a2cf3400981,3,137.51999999999998,60.0,sevilla,nuevo,45.839999999999996
4a160ca1-f579-46c3-b376-ca8cf18342f3,4,638.23,26.0,murcia,vip,159.5575
4a210d8e-0626-4477-b96e-c9a4de828736,10,1175.8899999999999,48.0,malaga,nuevo,117.58899999999998
4a2371dc-f627-4ce0-ae44-cb42c833075d,5,616.26,32.0,granada,vip,123.252
4a2877d8-bb0c-439c-9ca7-cc115c7fa051,10,1483.1599999999999,40.0,madrid,recurrente,148.31599999999997
4a28fcf3-3ee7-4eba-ae42-7aed99e75343,6,415.78000000000003,48.0,valencia,recurrente,69.29666666666667
4a38657a-46b9-4d21-afd2-b13b7dc3e9f5,8,443.81,33.0,vigo,vip,55.47625
4a3dc216-2377-409a-a484-0f5cf086a204,11,917.24,34.0,sevilla,vip,83.38545454545455
4a54201b-5153-4c1e-a441-2a95e86109f5,7,919.34,50.0,malaga,nuevo,131.33428571428573
4a5fd613-2b63-4e85-9a92-fe2646242b67,8,415.11,24.0,barcelona,recurrente,51.88875
4a609ac8-fae3-44c4-82e0-5edb3be10512,6,962.53,48.0,valencia,recurrente,160.42166666666665
4a688053-b3cb-41b3-9e1e-ce0a28db7271,1,19.47,30.0,zaragoza,recurrente,19.47
4a744de6-19c8-4eb8-96a8-03645b96e7d2,9,748.6700000000001,34.0,madrid,recurrente,83.18555555555557
4a79041e-de82-44d8-a8dd-f5229066700d,6,490.46000000000004,40.0,madrid,recurrente,81.74333333333334
4a7a2b57-c5d9-467d-a733-8ba60efb0e9a,8,711.11,35.0,barcelona,recurrente,88.88875
4a8542ac-2599-4cc0-8958-279724c78cc4,5,361.4,27.0,malaga,recurrente,72.28
4a952a76-3130-4a1c-88a7-44b4770bf066,3,269.48,26.0,sevilla,nuevo,89.82666666666667
4a9625a7-7ba3-4ea7-8584-4d6c57a005f8,5,233.14,23.0,barcelona,vip,46.628
4a9af5ad-f408-4e4e-ab6e-51595a7cd287,11,833.08,40.0,murcia,recurrente,75.73454545454545
4aa0d55d-8fc5-49bf-86e6-c7978358bdd9,10,1073.81,47.0,murcia,recurrente,107.381
4aa48d41-0204-4242-8eea-8174b87443e3,4,637.6,26.0,bilbao,nuevo,159.4
4aa66efd-501c-41d3-bc7f-e38281428f56,3,609.41,33.0,zaragoza,vip,203.13666666666666
4ab5a57a-6f89-45cd-bcb1-12e0c1dde431,6,802.97,34.0,vigo,nuevo,133.82833333333335
4acb2e2b-4cb2-489d-bfe4-7a430b5b39f7,8,898.26,41.0,zaragoza,recurrente,112.2825
4acbf514-5c0e-46b6-a079-da177b1e90d1,3,160.68999999999997,42.0,madrid,recurrente,53.563333333333325
4acda28a-a9ce-4013-baef-692f758291ca,9,812.78,40.0,malaga,nuevo,90.30888888888889
4ae03b83-d47d-45a2-8eb2-b18f6c99367e,3,418.86,39.0,malaga,vip,139.62
4ae0f695-34af-4b93-b492-207769f56e6b,9,582.53,36.0,madrid,recurrente,64.72555555555556
4ae2df45-c632-4767-b774-02727d187229,7,1039.13,37.0,granada,recurrente,148.44714285714286
4ae9d1fc-2c4a-4328-91c1-5949095dc235,9,1066.43,38.0,sevilla,recurrente,118.49222222222222
4ae9f9b1-255e-4306-8c92-1272e0cedb81,6,928.62,50.0,sevilla,recurrente,154.77
4aebe199-dd0a-482d-9cd3-06f895ad4a22,5,377.01,53.0,madrid,corporativo,75.402
4af20131-218f-4853-a7ab-e69d3d68768e,6,765.98,35.0,granada,nuevo,127.66333333333334
4af3d7c4-401c-4c04-915d-02bfa7b56e61,8,806.5400000000001,41.0,madrid,recurrente,100.81750000000001
4b036554-a183-4202-afa7-eab6af7ecb9a,9,785.16,22.0,madrid,recurrente,87.24
4b042d8c-2350-4d75-8ba1-8800e9737bed,4,192.64,40.0,madrid,nuevo,48.16
4b0dd30d-6fd3-40f7-a75a-33d3916b7780,6,422.11,25.0,sevilla,nuevo,70.35166666666667
4b0e7879-a003-456d-9d60-1a4a6fe13668,4,158.34,61.0,valencia,corporativo,39.585
4b1322ef-90d5-4018-96ff-7fa576d57864,7,724.33,23.0,malaga,recurrente,103.47571428571429
4b1382a5-707e-4530-beb6-99039d0adb4f,8,730.55,55.0,murcia,nuevo,91.31875
4b163840-2f9d-4b1d-bb8c-de6ff29c46f5,9,744.6,59.0,granada,vip,82.73333333333333
4b17061d-4143-4c04-b37e-f96a6fb1ef66,7,566.61,47.0,sevilla,recurrente,80.94428571428571
4b1a9074-a773-408f-8bd9-b38fa836f032,7,582.94,65.0,zaragoza,recurrente,83.27714285714286
4b2b4895-6226-4922-9d00-dbf45c3ec190,4,266.65,43.0,valencia,nuevo,66.6625
4b2c0658-9c05-42c2-ab22-5e95f3eaa156,6,447.78,65.0,malaga,vip,74.63
4b307f18-37ed-443a-a9d6-eae7530776a3,11,806.1,42.0,sevilla,nuevo,73.28181818181818
4b37cd06-6f1e-48f7-b5f3-d0bf8f239936,7,621.1800000000001,31.0,murcia,recurrente,88.74000000000001
4b3adb0b-1c16-4e4d-a916-f2ee4370551c,5,524.56,47.0,sevilla,recurrente,104.91199999999999
4b3cb352-87c9-4476-ba61-18502f64e5f2,5,754.26,33.0,murcia,corporativo,150.852
4b41f49c-0ac1-4ab3-89e8-ecbaf8a80c6c,8,854.0699999999999,20.0,sevilla,nuevo,106.75874999999999
4b4c32b2-d400-4ed5-859f-59c196a29d4c,4,248.62,39.0,granada,nuevo,62.155
4b516945-56e2-481e-8bc7-fb5a08aa9bdd,7,803.42,59.0,vigo,corporativo,114.77428571428571
4b538116-c369-4335-b8da-e98bbd415081,11,687.5500000000001,46.0,bilbao,corporativo,62.50454545454546
4b5fd245-0c78-4b21-ba0f-719729497b08,2,195.46,50.0,vigo,recurrente,97.73
4b7be494-81f1-4ed1-92b7-cdfc6c83baee,9,794.73,36.0,sevilla,vip,88.30333333333334
4b800081-13b1-4825-b0dc-4a6ec5af8b73,6,1070.54,18.0,vigo,recurrente,178.42333333333332
4b95221c-f029-42e1-8e74-eac68ae96baf,7,281.86,18.0,valencia,nuevo,40.26571428571429
4b9eeb8b-7b27-4333-a6d8-a30ccd8871c7,11,1049.77,45.0,zaragoza,nuevo,95.43363636363637
4ba4ac30-c11a-48cc-9449-35e43078d928,4,620.86,39.0,sevilla,nuevo,155.215
4bcbfc08-e5f3-49b1-99ab-fb6b41e246f7,17,2746.48,32.0,valencia,recurrente,161.55764705882353
4be120c3-e8ce-4958-9d21-347a08e81caf,6,1234.37,40.0,madrid,nuevo,205.72833333333332
4be69fc2-44ce-48b9-8874-7bb6910fa3d8,7,1238.64,62.0,malaga,corporativo,176.94857142857146
4be8bf45-8921-4370-8d6e-f5ebc43b162a,8,525.0600000000001,46.0,malaga,nuevo,65.63250000000001
4beeb24e-8195-48dd-a1cf-26e059b59910,7,449.84000000000003,61.0,madrid,nuevo,64.26285714285714
4bf45ac0-9182-480d-a17d-cdffed5851d5,10,1228.37,28.0,valencia,vip,122.83699999999999
4c000679-04ef-4a7b-93f2-14548ad29f6d,7,478.09999999999997,41.0,granada,recurrente,68.3
4c060f86-51f5-42d8-851f-56e655ee6972,9,498.37,40.0,murcia,recurrente,55.37444444444444
4c07afa5-7238-4add-b6e5-3096aed4d1c1,6,543.92,43.0,zaragoza,vip,90.65333333333332
4c09cfbe-ad39-4df0-b629-ae92a71c6ca6,4,240.94,28.0,barcelona,vip,60.235
4c0d1d71-426d-4235-a387-5fa374d96d4d,5,323.08,46.0,bilbao,vip,64.616
4c1696d5-a747-4965-ab48-61b0e1433787,4,519.9300000000001,48.0,malaga,nuevo,129.98250000000002
4c2389d3-b8af-4c3b-bb80-d6cede54be38,6,432.9,27.0,granada,vip,72.14999999999999
4c24a005-6515-45c6-a1b0-74bb8392e946,8,663.32,43.0,barcelona,recurrente,82.915
4c2af7b5-5a30-465b-8dda-c92c52e9e2e7,7,1098.6100000000001,23.0,murcia,recurrente,156.94428571428574
4c345673-0c63-42e6-bdb2-c705dca0c809,9,791.49,54.0,barcelona,recurrente,87.94333333333333
4c3b0ab5-4046-4380-9838-7ed49eac7697,6,556.93,40.0,zaragoza,vip,92.82166666666666
4c3bf76d-ae3c-47ca-b1c7-65e9793c712a,7,775.7,64.0,vigo,recurrente,110.81428571428572
4c44e7d6-b6dd-423a-aaf6-315146090b94,10,559.16,53.0,murcia,recurrente,55.916
4c45515f-edba-4e31-93c8-8951aa92a3ae,12,1087.18,48.0,vigo,recurrente,90.59833333333334
4c4a3f78-93ac-4616-b788-0e61e0edafd2,8,755.57,54.0,valencia,vip,94.44625
4c57a96f-971f-4134-afe8-667e92712447,2,59.89,48.0,madrid,corporativo,29.945
4c5b5cb9-b04d-4813-ac9e-136fcf7ba329,5,410.36,47.0,malaga,nuevo,82.072
4c5bb0b7-8120-4478-828b-58635edbd38a,8,1041.95,47.0,murcia,recurrente,130.24375
4c5cb78f-aaae-4fc0-b831-1a73ef86eaf8,9,699.89,32.0,barcelona,nuevo,77.76555555555555
4c60144f-48c4-4542-8ce6-bf03b8116703,9,922.15,54.0,malaga,nuevo,102.46111111111111
4c65b9e0-1a2f-4c44-aa46-838bdfaab595,5,1046.5609000000002,37.0,sevilla,nuevo,209.31218000000004
4c6f3220-1c22-42be-a1e5-311193f8b89e,5,775.79,40.0,granada,nuevo,155.158
4c7eb6ac-a484-4d8d-9c59-d868f04fc75a,3,304.56,48.0,barcelona,recurrente,101.52
4c80d1af-87ff-4f5a-a265-d0157ce590ca,6,765.83,48.0,granada,recurrente,127.63833333333334
4c86f342-717a-489d-b6e2-d273c44fce60,9,541.35,40.0,zaragoza,nuevo,60.150000000000006
4c872ed2-f7a2-42c2-84bb-e3e80695079d,4,229.06,34.0,granada,corporativo,57.265
4c88392e-b2b0-4618-8c8e-db86577e90a3,3,266.52,40.0,zaragoza,nuevo,88.83999999999999
4c919473-a964-47b0-96f2-5c47fb6fda4f,8,744.98,32.0,granada,recurrente,93.1225
4ca82eaf-0f54-46ae-8e6a-a757fed7bfde,3,221.77,44.0,bilbao,nuevo,73.92333333333333
4caa6ab5-ba5f-4245-b562-3c19f63a818b,9,1068.6299999999999,42.0,vigo,corporativo,118.73666666666665
4cac4be4-c5d5-471d-a10b-78aaf11162fa,4,400.45,41.0,barcelona,recurrente,100.1125
4cad03b0-3ba0-43d5-ba3e-f0435e8a521f,6,388.83,32.0,malaga,nuevo,64.80499999999999
4caf67e4-c07a-4052-86fb-041c870553d1,11,1348.6100000000001,29.0,murcia,nuevo,122.6009090909091
4cb79f9d-a303-4357-be26-4a7d4ecddb21,3,552.09,62.0,sevilla,recurrente,184.03
4cbca663-f84b-4f9f-9d60-b4244aff1ef0,11,1456.21,19.0,valencia,recurrente,132.38272727272727
4cc3a3d0-4fdc-4c72-b46b-5bd181271e74,7,1040.18,44.0,valencia,nuevo,148.59714285714287
4cc8ec3c-228a-4cb2-87eb-1c20aaf7f06d,4,412.01,39.0,granada,vip,103.0025
4cd2c9c0-b606-431f-98e1-5e225c24ccad,5,572.97,47.0,sevilla,recurrente,114.59400000000001
4cd58b34-9f11-413d-949e-79457ca5afd2,5,555.99,48.0,madrid,recurrente,111.19800000000001
4cd9ef66-7f8b-4015-9adc-b007970bf7cf,5,1171.13,33.0,bilbao,corporativo,234.22600000000003
4cdac675-0094-425e-8a18-eab811e8ceb5,6,237.26,52.0,vigo,nuevo,39.54333333333333
4d05ef29-069e-4f35-94df-9007373cc879,5,450.44,59.0,madrid,nuevo,90.088
4d142cdc-404e-4696-a5ba-d7c9a143ef97,6,444.84,41.0,barcelona,nuevo,74.14
4d1c2dbe-3948-490e-8419-bf3c2583ca32,9,1177.4,60.0,granada,recurrente,130.82222222222222
4d22ce29-5562-44ff-8893-005aed0021b1,5,324.29,43.0,granada,nuevo,64.858
4d31aca3-4ac6-4764-8f15-b1af5d459b17,9,629.8199999999999,24.0,valencia,recurrente,69.97999999999999
4d3f10b3-b4f7-4745-b6c1-836fc455d2ba,10,1286.4209,28.0,granada,corporativo,128.64209
4d40d19c-7e3a-426b-a040-4f4fb27a4855,11,1236.1809,19.0,malaga,vip,112.38008181818182
4d419a29-46cd-4da3-a828-85ce80ba61f4,1,9.96,51.0,granada,nuevo,9.96
4d46e01a-ce04-450d-bdca-9e59b37103b6,4,225.96,37.0,valencia,vip,56.49
4d4d13b5-efb7-4526-a9f1-3572a3105836,5,305.83,44.0,murcia,vip,61.166
4d55cd17-9c0a-4f25-a1e1-d4622ac36bff,9,1271.03,18.0,sevilla,recurrente,141.22555555555556
4d58d282-62ee-4066-b5ec-336fd401bada,8,672.02,34.0,madrid,nuevo,84.0025
4d590754-bb98-4a05-9ffc-bd522dec4dae,1,105.41,42.0,malaga,recurrente,105.41
4d5edb40-2feb-41ba-87bd-0c9902661ace,5,315.85,30.0,barcelona,recurrente,63.17
4d687071-62db-4aa6-bc79-43cb0b30a400,7,754.1800000000001,25.0,zaragoza,vip,107.74000000000001
4d6a3be2-1f8d-4ea4-a0a3-2a932deaa478,9,799.9,53.0,sevilla,nuevo,88.87777777777778
4d7fad65-a9bb-42da-bc02-0d60e77d8fe6,4,666.6,32.0,granada,nuevo,166.65
4d83e101-d0a0-43f9-87e4-3321746a5dcc,8,993.5,53.0,barcelona,recurrente,124.1875
4d97abfb-9dc7-415b-85d2-f3b74b020d11,6,739.17,40.0,barcelona,recurrente,123.195
4da35ede-2364-40ca-b4f0-22d264c92577,5,1045.6499999999999,41.0,valencia,nuevo,209.12999999999997
4da7e06e-ca16-4856-a86d-8079f854e761,5,680.5600000000001,19.0,valencia,recurrente,136.11200000000002
4da8e52e-9bcb-46c2-95a1-412846ac5c34,5,790.01,38.0,madrid,vip,158.002
4dbe9c90-8888-4ce9-af23-83f2dd93f7f0,7,399.37,39.0,granada,nuevo,57.05285714285714
4dcbdece-49f2-4803-92dc-bbda8e93e195,4,368.95,38.0,bilbao,nuevo,92.2375
4dcc3ec6-3058-418d-bffa-f9a8e14db376,10,1335.1709000000003,33.0,malaga,vip,133.51709000000002
4dcef60d-93d1-405b-be11-eb799f0c0121,4,697.9100000000001,40.0,valencia,nuevo,174.47750000000002
4dd525d2-2c81-4d53-9ec5-cc4e67dee224,7,746.6800000000001,43.0,zaragoza,vip,106.66857142857144
4dd913ef-eec6-4f9c-9696-bfc05d91076f,5,537.27,67.0,zaragoza,recurrente,107.454
4dda1a95-c309-4d7e-a5a1-d2db3603f467,2,667.5009000000002,40.0,barcelona,recurrente,333.7504500000001
4de87996-472a-4a3b-b2dd-ce7d65e3afa2,3,290.5,18.0,vigo,nuevo,96.83333333333333
4dec98bb-d887-4f4a-be39-40475b2d4a49,10,930.9,38.0,vigo,recurrente,93.09
4ded3d4e-84d3-4bc0-a8bc-e7f2432e996b,11,595.44,39.0,malaga,recurrente,54.13090909090909
4df477e6-7969-412f-a7ce-aead1f8bca3d,6,701.26,19.0,sevilla,corporativo,116.87666666666667
4df4f35e-e138-4da2-b642-5e0d8fe912f8,7,655.5500000000001,40.0,murcia,recurrente,93.65
4e0db145-9622-4658-b5a0-40e279fb63ec,4,282.64,39.0,granada,vip,70.66
4e0e23a8-d3c5-4732-b9cb-29711197b29a,10,1014.8299999999999,24.0,bilbao,corporativo,101.48299999999999
4e13c7ce-b687-4979-b4ed-13aa05ab27ff,10,1648.7409000000002,63.0,barcelona,recurrente,164.87409000000002
4e17e48b-e746-4d9d-8b5a-f4ca4c901de3,3,396.61,54.0,murcia,recurrente,132.20333333333335
4e256e04-3d7c-498b-a2be-dffe7b80503f,9,1189.23,30.0,zaragoza,nuevo,132.13666666666666
4e2d3455-72f8-4c76-af00-0fc10d5d7a7e,3,585.3109000000002,18.0,granada,recurrente,195.1036333333334
4e2f7250-b765-4401-9eb4-94dc0b074dff,12,664.43,34.0,murcia,recurrente,55.369166666666665
4e37ee54-e374-4929-8e17-a691f9666da5,5,286.07,37.0,valencia,corporativo,57.214
4e383169-ed66-4c9f-b59d-72b4059be8da,7,469.68,54.0,barcelona,nuevo,67.09714285714286
4e3be821-d016-4298-a489-975ee4f5e0bc,4,472.22,38.0,bilbao,nuevo,118.055
4e49e025-b232-4c50-a56e-fb1e679f0f1d,5,772.12,52.0,bilbao,recurrente,154.424
4e55f5b9-dcc8-4a11-9589-94a7895b0d0b,7,659.09,59.0,vigo,vip,94.1557142857143
4e5c2b96-a49e-4e26-b446-d2fe578af62c,5,616.23,53.0,valencia,nuevo,123.24600000000001
4e6b1a22-89f4-4f05-b1f0-45ca029a8a04,4,1125.51,38.0,malaga,vip,281.3775
4e6c56c7-1b28-4e6f-b96c-a5dc0ebb678d,4,498.96,53.0,bilbao,nuevo,124.74
4e6ea80f-695b-4148-9d9d-4e49d556d596,6,757.13,22.0,valencia,vip,126.18833333333333
4e765bd9-79b9-4999-8c30-fa516de7388a,7,537.44,20.0,malaga,recurrente,76.77714285714286
4e82f87c-e8c3-4e49-bd4e-b9a64817ca23,5,141.2,30.0,malaga,nuevo,28.24
4e84bbfe-e9ce-462d-ad09-4d36a6114770,13,1441.32,40.0,madrid,recurrente,110.87076923076923
4e91a704-f241-4eef-9e38-7e66056588fe,3,169.47,29.0,murcia,recurrente,56.49
4e9906ff-aee0-43dc-9908-22917f949884,8,861.61,49.0,vigo,nuevo,107.70125
4ea56c1b-9151-48b9-94f7-f6727b724f62,6,656.1709000000002,38.0,madrid,nuevo,109.3618166666667
4eb5c365-f583-4f9a-a9d8-c32d756b8d94,4,438.85,46.0,madrid,nuevo,109.7125
4ec0a47c-d077-4e7d-836c-cf21ef96e1c8,8,354.5,56.0,barcelona,vip,44.3125
4ec4887d-4d07-41cd-b2c1-c198ca84d91f,4,226.46,29.0,murcia,nuevo,56.615
4ed2edb6-3699-4b7f-87a4-745226593648,9,860.6899999999999,50.0,malaga,nuevo,95.63222222222221
4ed77ec2-fd2f-4dba-9dbe-d5c0d28e261c,11,878.73,48.0,malaga,nuevo,79.88454545454546
4ee520e4-ab1d-450d-9354-e87cd2e2d079,5,763.6909000000002,30.0,zaragoza,recurrente,152.73818000000003
4eea2c2f-02a9-4913-ad74-99e1d00975bc,6,360.02,45.0,granada,recurrente,60.00333333333333
4ef3d4a0-4269-4989-b013-c41e8447982a,7,618.27,34.0,sevilla,recurrente,88.32428571428571
4ef751e1-c7e1-4c5e-b6a7-6733915429f8,8,633.15,27.0,madrid,corporativo,79.14375
4ef84268-8a4e-46aa-85a4-c1006dcbdabd,6,672.11,36.0,vigo,recurrente,112.01833333333333
4f047018-1866-4b25-abf5-7077b4034387,5,520.66,32.0,vigo,recurrente,104.13199999999999
4f0b67c3-43cb-4664-bfaf-de9c8982f935,7,506.96000000000004,31.0,valencia,recurrente,72.42285714285715
4f22db27-f2df-4430-8141-2a3a7fd0df3c,5,377.71000000000004,58.0,bilbao,vip,75.542
4f232975-0c73-4a2f-a29a-7f21f2874ae7,8,1262.1399999999999,20.0,bilbao,nuevo,157.76749999999998
4f4fc220-c07e-4b87-8844-f1ba29c21b93,3,132.95,22.0,vigo,nuevo,44.31666666666666
4f51ec57-eddd-4a94-99b1-f6f6cee64298,11,600.73,54.0,zaragoza,nuevo,54.61181818181819
4f52b0d5-2c26-4dd9-8fab-3483b6e7ef87,5,438.95000000000005,30.0,malaga,nuevo,87.79
4f52df79-f014-43c4-a159-e72bb13bc752,4,434.0,45.0,barcelona,recurrente,108.5
4f54e987-760d-4269-8547-5b5b13fb634c,5,544.03,54.0,valencia,recurrente,108.806
4f64371f-d631-4433-b085-3ae1bd68d1bf,6,694.4809000000001,52.0,murcia,nuevo,115.74681666666669
4f655f4b-0247-405c-a13a-4370a745bd72,3,191.54000000000002,43.0,granada,recurrente,63.84666666666667
4f6b2153-8bd2-4204-a88c-d32290a480ea,8,428.28000000000003,37.0,valencia,nuevo,53.535000000000004
4f6cce83-d2ad-4d36-a98e-209636ba635d,8,832.6800000000001,40.0,malaga,vip,104.08500000000001
4f73ff3f-e760-467e-8100-1fa7ed3d119f,6,479.96999999999997,22.0,bilbao,vip,79.99499999999999
4f7b381c-8592-4400-bedc-40eff9be77de,7,498.36,40.0,granada,nuevo,71.19428571428571
4f7dd915-924e-4ca9-93ca-66e83010b061,9,1199.85,58.0,vigo,nuevo,133.31666666666666
4f935d9f-0d1b-4150-8155-041edc50e922,6,833.75,39.0,malaga,corporativo,138.95833333333334
4f93cc52-7aca-49b0-9eef-21674ffd7658,5,759.2,40.0,granada,recurrente,151.84
4fa0fa01-754f-420a-aca7-f8c8cb3f5f8b,4,286.9,40.0,granada,recurrente,71.725
4fa7ed01-e0a6-4f43-ba6a-db150261f00c,7,563.7,27.0,murcia,nuevo,80.52857142857144
4fa89c71-068f-40d7-92b6-2bcd45ee690d,4,333.63,39.0,madrid,vip,83.4075
4fa96163-d881-4420-b72d-98afb7e28b82,5,566.53,37.0,bilbao,nuevo,113.306
4faa2668-ec06-4782-81c3-b5a708e4029d,7,617.76,38.0,barcelona,nuevo,88.25142857142858
4fabc562-5c8b-492c-acc2-0e0a7032798b,8,391.62,38.0,murcia,nuevo,48.9525
4fac10f6-93a0-43b7-ad13-1b4965c2f26b,7,722.6,48.0,granada,nuevo,103.22857142857143
4fb96ab6-f52a-493b-9adb-ae0972e57f51,4,317.90999999999997,53.0,sevilla,recurrente,79.47749999999999
4fbb0959-7db5-4a61-97a0-52121358e22e,6,488.26,46.0,murcia,nuevo,81.37666666666667
4fc1ac79-90ed-4436-b0f4-c6cd48d7011e,5,507.5,56.0,murcia,vip,101.5
4fc46acb-9ab7-4cb9-a546-9313b8120782,9,1014.21,28.0,madrid,recurrente,112.69
4fc5d487-b695-4291-b816-d0158eb2516c,6,452.94,49.0,barcelona,nuevo,75.49
4fd0cead-9fa1-4ac0-be43-bd8f5f2f7ce4,9,474.47,45.0,barcelona,vip,52.71888888888889
4fd35d73-0f26-4ed1-9d6e-6440623be983,6,423.16999999999996,19.0,sevilla,recurrente,70.52833333333332
4fdcbd5d-650a-4cc3-b444-1fe7e2d32334,5,217.25,42.0,sevilla,nuevo,43.45
4fe40f3e-fbb5-47af-bc0d-e7172797983c,2,98.19,39.0,valencia,recurrente,49.095
4fe9ba5d-3daf-440c-9a9d-2535bbd1786f,8,782.9,37.0,bilbao,recurrente,97.8625
4ff95a36-43f2-4a10-a8e7-e5b1246bd573,4,275.51,49.0,valencia,recurrente,68.8775
4ff9e93f-4ceb-441b-a8b9-227a036d5e13,5,301.94,40.0,granada,recurrente,60.388
500880a4-540f-4483-a0b4-89e0efa126ab,6,707.63,40.0,madrid,recurrente,117.93833333333333
500c987a-d82d-44fe-904a-554d1225515c,7,310.73,46.0,madrid,recurrente,44.39
500f63c6-bdeb-443e-a0f1-7fecef64cbd1,5,169.2,40.0,bilbao,recurrente,33.839999999999996
5012c496-5c83-4340-adcb-0e9314ea29c3,10,801.6,43.0,bilbao,vip,80.16
5014eaf8-fe1e-42e5-b77d-f8170302bf30,11,773.6899999999999,42.0,bilbao,recurrente,70.33545454545454
50152809-ffa3-408c-8714-c6ef4e0f247d,9,649.24,18.0,valencia,recurrente,72.13777777777779
501d4fe2-4062-4983-8a67-58e4d7ef4912,5,364.48,21.0,barcelona,recurrente,72.896
501dbf17-08dd-4602-8984-2ab739385749,7,690.42,49.0,valencia,nuevo,98.63142857142857
501ee732-9374-4abd-b7ac-dce5a9c1cd18,6,1173.1009000000001,55.0,granada,recurrente,195.5168166666667
502dc765-8b16-4a7d-aaba-9e61f899f0fc,4,266.07,50.0,malaga,recurrente,66.5175
503023db-4a0e-4410-b1a3-4fb80943d549,8,1235.2009000000003,23.0,sevilla,recurrente,154.40011250000003
5038c8ce-6b8d-4229-97bd-89f4dd7e7733,6,814.49,33.0,granada,vip,135.74833333333333
503ac29e-c77e-4c90-9640-3e86f5c628da,9,868.39,42.0,granada,vip,96.48777777777778
503e2cb9-bca5-42d8-837c-9ac6fcb65756,7,800.52,38.0,bilbao,corporativo,114.36
503ec1cc-0453-441b-a3ef-d1d1c9b85b90,4,342.47,40.0,bilbao,recurrente,85.6175
5042bac4-7318-4aca-8146-2da19bdad7a9,7,625.35,37.0,zaragoza,vip,89.33571428571429
504c71c9-b306-4dd2-8fe2-c5cf98bb8d0d,4,306.76,31.0,valencia,nuevo,76.69
504e7303-fa81-4760-8b0f-49eb21b1fe34,5,367.17,41.0,bilbao,nuevo,73.434
5064aa7e-2086-4089-b7ab-eceab7f6aba0,5,424.08,34.0,zaragoza,recurrente,84.816
50652d89-a476-482d-bd24-a06ab6e63325,6,345.33,46.0,bilbao,recurrente,57.555
5071581e-bda7-42cd-a3a0-7e8f928241f7,6,834.05,33.0,barcelona,recurrente,139.00833333333333
5073a1fc-2f55-423f-9183-44e5ca4e5917,5,458.18,18.0,sevilla,corporativo,91.636
507ffc29-3444-469c-9ef8-8c57d3ed173e,5,311.41,62.0,murcia,vip,62.282000000000004
5094b7e4-142f-4b1f-bec2-8e5e9fd8ef9b,10,1140.92,40.0,malaga,nuevo,114.09200000000001
50972c9a-2ec8-4ce8-b687-a0aaae1c7e06,7,933.16,21.0,madrid,nuevo,133.3085714285714
50997577-3057-47ee-8ef4-89db9b394797,5,279.51,28.0,bilbao,recurrente,55.902
509c8231-9410-45fb-9b63-8072ed40c8a6,6,970.35,30.0,sevilla,recurrente,161.725
509fefd1-7ad8-4912-867a-b74913a15bd5,6,930.62,67.0,granada,recurrente,155.10333333333332
50a064ce-2366-48df-b458-63185b99ac6e,7,755.07,46.0,murcia,recurrente,107.86714285714287
50a96c81-c386-4dc8-8bbc-e8472a42353b,4,491.5,41.0,barcelona,nuevo,122.875
50ab8875-733a-4887-9632-8ea2515b5660,5,536.28,54.0,barcelona,recurrente,107.256
50b09b6d-62a0-4443-9f8c-36384f1a5974,10,1060.73,44.0,murcia,corporativo,106.07300000000001
50b35a94-9317-4eed-9b06-19cccb2168e3,9,737.4200000000001,40.0,madrid,corporativo,81.93555555555557
50b9e7df-3bbd-4134-9484-f2e4a0f0bd5d,10,847.3100000000001,29.0,vigo,recurrente,84.73100000000001
50bc3be8-17a0-4f1d-b5ea-464647064ceb,6,886.6709000000002,41.0,malaga,nuevo,147.77848333333336
50c21d2e-5859-4054-95b5-12e92aabf7ca,8,529.97,18.0,bilbao,nuevo,66.24625
50c5153e-d9a6-487e-a545-b617b71d6eb1,9,718.81,54.0,sevilla,nuevo,79.86777777777777
50cef706-3011-488c-8d22-1d2efdfc4c6f,6,601.33,39.0,valencia,recurrente,100.22166666666668
50cffde2-e8ee-4964-aa5d-7381e2323da8,3,193.4,44.0,vigo,corporativo,64.46666666666667
50d2e6ae-8ae7-4ffc-86e4-72472018e802,6,429.6,42.0,madrid,recurrente,71.60000000000001
50d676e6-211c-411e-9f84-f52db0f5ffbd,6,356.17,35.0,valencia,corporativo,59.36166666666667
50db0dc5-7002-4168-b333-3246f0140bc8,5,477.26,53.0,zaragoza,recurrente,95.452
50db7bb9-c0a4-4eea-8bf3-75402cbd3932,6,414.37,59.0,bilbao,nuevo,69.06166666666667
50e21128-2350-4a77-bedd-23e4777a4736,6,546.87,58.0,vigo,nuevo,91.145
50e3766c-9be0-45a4-97e5-ef582392fb37,8,735.66,51.0,bilbao,recurrente,91.9575
50f5135a-e8d7-48c1-8825-73154581a125,7,759.95,39.0,granada,recurrente,108.56428571428572
50fb007a-6b61-445e-aeb4-edbedd01b524,12,1920.3509000000001,18.0,bilbao,recurrente,160.02924166666668
5109900d-0c43-4368-9ae6-88711223b376,6,981.1899999999999,19.0,barcelona,vip,163.53166666666667
511dea41-9c25-40b4-a7a0-50a1d5da1460,3,399.27,33.0,valencia,vip,133.09
51272301-f204-4b06-a6e4-ad6cd2684ab3,3,127.2,43.0,valencia,vip,42.4
51279343-70b3-416e-bf2d-80c6c01427c1,8,488.59999999999997,39.0,madrid,nuevo,61.074999999999996
5136f362-f255-4ca6-8c16-33513ec28db5,5,683.4200000000001,40.0,sevilla,corporativo,136.68400000000003
513af03f-7abf-49e0-b2a7-00d52a651331,7,427.23,59.0,madrid,nuevo,61.03285714285715
513f5622-256f-40fe-8604-ccdd5f292af6,6,812.0500000000001,39.0,madrid,nuevo,135.34166666666667
51413b6a-1b37-43e2-a386-927db1148e16,9,1221.3,28.0,bilbao,vip,135.7
51497e32-1b9c-4a1d-bb82-d9ed29983a73,4,589.4300000000001,37.0,valencia,nuevo,147.35750000000002
514b2d2c-4227-438b-b9d5-6bddc1a8a828,3,227.88,34.0,granada,nuevo,75.96
514d32d8-9945-457c-9254-fb6542c8cb1b,5,579.36,18.0,vigo,vip,115.872
5153238f-5f97-49c1-834d-d634da197450,4,363.92,31.0,barcelona,recurrente,90.98
515f66b1-ad29-40d6-8e72-32626a962974,4,224.01,47.0,madrid,recurrente,56.0025
516865c2-4cd9-40b3-a57c-f809e2578a61,4,464.31,33.0,bilbao,nuevo,116.0775
51721561-112d-4af7-bf08-ca50d882744a,3,108.63,27.0,bilbao,vip,36.21
517dd19d-124d-4469-baea-764409825d81,8,816.36,18.0,sevilla,nuevo,102.045
518d1260-5908-433f-8eff-a0b888ba2427,4,553.5,18.0,sevilla,corporativo,138.375
51a17c3c-531f-404b-ba01-82d02c2ca86d,6,786.5,37.0,barcelona,corporativo,131.08333333333334
51a8b0d2-ef46-4d4f-a06d-7ad0eca58c94,8,711.23,50.0,malaga,nuevo,88.90375
51aa8d6b-b92f-482b-b9fc-2dcaba163519,8,1752.0309000000002,28.0,madrid,vip,219.00386250000003
51e4de52-e6b4-4149-89f0-c65d543bee96,5,865.1300000000001,18.0,sevilla,nuevo,173.026
51e5a3ac-607f-45d3-8ee2-92a455b0b1a6,5,928.8409000000003,37.0,valencia,nuevo,185.76818000000006
51e89690-5c60-4bb5-8914-57a23cb7b4af,3,310.71000000000004,18.0,granada,nuevo,103.57000000000001
51eeb338-ae9d-4f7c-a2cb-a685a801cf59,8,901.87,44.0,sevilla,recurrente,112.73375
51f33697-c967-46a0-9686-c427834fc0fc,4,336.16999999999996,62.0,zaragoza,recurrente,84.04249999999999
5204b9b9-43ce-45e0-9266-87aea8ab8c49,6,521.76,76.0,sevilla,recurrente,86.96
5205aeea-5281-435f-8390-e3b503054362,6,339.99,28.0,granada,recurrente,56.665
52088eab-58e8-4b00-8d72-b9209276df15,8,1113.49,34.0,granada,vip,139.18625
521525e7-6c2c-4a3e-be4a-3eab28f6813e,6,401.55999999999995,45.0,madrid,recurrente,66.92666666666666
52179540-8f9a-461b-9ec8-dc6bf03c6d92,6,535.27,29.0,murcia,nuevo,89.21166666666666
521ad54f-b6bd-41ad-b41d-e45c9ceeeba8,7,824.4599999999999,50.0,sevilla,recurrente,117.77999999999999
521ce4df-8175-48a9-a7fa-34c55d0ddb0b,6,261.46000000000004,50.0,madrid,vip,43.576666666666675
5225ff66-1fe9-44d2-9b8f-a6f17308aed2,6,287.15000000000003,30.0,madrid,vip,47.85833333333334
522606b2-1318-4395-8c87-8d2a3d3c91c4,7,870.64,51.0,malaga,nuevo,124.37714285714286
52283255-f1c0-4945-90e3-5dca85f49095,5,531.6,40.0,valencia,nuevo,106.32000000000001
523ce64b-8b97-4067-a9a5-7a349edfba64,3,132.87,49.0,madrid,nuevo,44.29
523f44b0-4189-4149-8d99-60f6e0d36ad9,3,293.72,43.0,barcelona,recurrente,97.90666666666668
52478663-e777-45b3-9df2-9d8733abae17,6,783.18,40.0,murcia,nuevo,130.53
52522a17-87b7-478a-8428-9717195e6264,6,414.88,45.0,barcelona,recurrente,69.14666666666666
5257afd3-bfbf-40e4-9bd6-f3b706ef4b7e,6,953.9209000000002,36.0,bilbao,vip,158.9868166666667
525be80b-2d6d-4edf-861c-04bbb3f91efb,7,1223.69,32.0,vigo,recurrente,174.81285714285715
5261a4bb-5dd3-49a0-8f1a-59d3d1b720f0,7,1087.84,21.0,madrid,recurrente,155.40571428571428
52699fb0-035e-4195-bfd6-af162a7d1633,8,704.49,31.0,barcelona,recurrente,88.06125
526b04ea-ecb7-4d11-8159-a7844a1dc34b,5,363.28,19.0,valencia,recurrente,72.65599999999999
52757a76-1179-4395-a30c-2ce33c64f084,8,843.0699999999999,33.0,valencia,recurrente,105.38374999999999
527b21cf-3af5-4593-9c06-c483e439dac8,4,482.98,47.0,bilbao,recurrente,120.745
5280a9e7-07f5-48ff-a5f1-f9caeea6b4d5,9,679.76,18.0,valencia,recurrente,75.52888888888889
52836586-e9d5-42d5-885c-15a1213f1447,11,637.45,45.0,valencia,vip,57.95
5289c7bc-7099-4173-a57c-2d0037d783d5,9,538.89,50.0,granada,nuevo,59.876666666666665
5291231e-ef77-4f12-8354-41ec9284ce79,8,805.8199999999999,40.0,zaragoza,nuevo,100.72749999999999
529babbe-c30f-4a7a-b4aa-2885b964803c,6,1170.6409000000003,49.0,barcelona,nuevo,195.10681666666673
529d575f-46bc-4bf2-9ae9-9d7354fcd017,5,392.71000000000004,42.0,granada,recurrente,78.542
52a480b7-0fbe-4d59-af4b-f14507000eca,8,1249.9309000000003,59.0,valencia,recurrente,156.24136250000004
52a87cd9-af6c-4825-ac6c-dd4a03c7febd,5,561.01,56.0,granada,recurrente,112.202
52b2433e-4dd1-4e58-8bd6-ceafbc95eef7,9,459.39,31.0,murcia,nuevo,51.04333333333333
52bfab7c-05fc-4f5f-a862-ca43ed8009d0,6,668.17,18.0,bilbao,vip,111.36166666666666
52ccf5b0-c76c-4585-924e-7d9b75f6d5d0,6,1122.4009,48.0,bilbao,nuevo,187.06681666666668
52cd3202-9d86-4a9f-a3e8-9af78b5a0909,7,575.74,35.0,malaga,nuevo,82.24857142857142
52d70138-75cd-4c62-92d0-f31c20b921fd,2,216.94,33.0,granada,nuevo,108.47
52dbdfe9-4e6e-4480-a20d-4cf551476afd,9,1022.22,26.0,murcia,vip,113.58
52e49863-4dbc-4980-b2e3-fa94ff3b2f06,11,1332.38,18.0,vigo,nuevo,121.12545454545456
52f5e2c7-030f-4547-ba4e-1dfa1462d554,5,242.68,62.0,malaga,recurrente,48.536
52fdc881-4c05-436c-a39f-c677cd2eb669,7,652.48,30.0,murcia,recurrente,93.21142857142857
52fe8576-14ae-4131-9c3c-83a160310a16,6,447.57,39.0,madrid,recurrente,74.595
53041e59-3220-4087-a836-284aa3160009,4,350.82,57.0,murcia,nuevo,87.705
531387dc-23f7-4952-8382-275abc2b37ec,3,300.29,33.0,sevilla,recurrente,100.09666666666668
531b361b-4804-4bd7-b0a4-0eed969ead7b,6,828.04,56.0,granada,recurrente,138.00666666666666
532808e0-b769-4b2a-bb1e-525484ba1ced,8,736.73,25.0,granada,recurrente,92.09125
532bdf31-e769-4e61-81cb-13fff4e6309d,8,962.67,51.0,madrid,recurrente,120.33375
532c4fdc-84ae-408a-af37-ae52752c1171,9,615.2,22.0,granada,nuevo,68.35555555555555
5331c0e7-5bb9-44a9-a620-c3e64a5844fe,7,1149.2809000000002,60.0,granada,vip,164.18298571428573
53325367-612d-4092-8d0e-2e6f19df117c,4,455.6,40.0,vigo,nuevo,113.9
533d860c-c26e-431d-973f-b6d47e892807,8,860.28,50.0,vigo,vip,107.535
533ee546-acbd-454a-bfc4-c459972beae2,5,891.4300000000001,31.0,barcelona,recurrente,178.286
534145e4-22ee-4105-a235-744d55859cba,6,664.4300000000001,37.0,sevilla,nuevo,110.73833333333334
534a7bb0-d272-472a-b1df-18d3354bd385,3,157.85,44.0,granada,recurrente,52.61666666666667
534d184d-f161-4418-aab0-2845f1da1063,10,1150.1499999999999,49.0,bilbao,vip,115.01499999999999
53699fd6-d97e-4ced-b2f7-a21d7686891f,6,479.14,40.0,vigo,vip,79.85666666666667
53839018-4f99-45f4-9977-7c9dd3a1e3ba,5,778.24,46.0,zaragoza,recurrente,155.648
5384827b-6c84-4010-911c-d90734602c82,5,231.18,32.0,zaragoza,corporativo,46.236000000000004
5384a3c7-d4a8-461b-84ea-8e1f3fd7130d,7,356.67,28.0,murcia,nuevo,50.95285714285715
538a3f95-f326-454d-94c9-68310382df54,6,506.87,48.0,sevilla,nuevo,84.47833333333334
53a0fa88-ce1e-46bb-9db0-d566c0424b5b,5,182.74,55.0,malaga,recurrente,36.548
53a44cd3-5af1-4d88-bbae-01045360ec57,4,185.49,23.0,valencia,nuevo,46.3725
53afc44f-927b-446a-bf1c-de76bdfafae9,3,312.44,57.0,bilbao,nuevo,104.14666666666666
53b3c586-34b2-4b22-b8f4-77fb0cbafd0b,7,804.88,27.0,sevilla,corporativo,114.98285714285714
53bfe04e-a2d1-41ca-a29f-73f72a7507c4,7,1250.2309000000002,40.0,barcelona,corporativo,178.6044142857143
53c2ce74-ebf6-4116-b907-18e56a23b847,7,574.88,44.0,valencia,vip,82.12571428571428
53c70790-8803-4cb5-b206-0680e7031e86,10,1096.17,36.0,bilbao,recurrente,109.617
53cc6cbf-09b3-4ba7-8c0b-f186d0b14bee,8,1501.8,43.0,malaga,recurrente,187.725
53dbec8d-8c4e-49ec-a84d-a965c7ec0a82,6,658.01,40.0,bilbao,nuevo,109.66833333333334
53e15fec-dd24-40a6-8a38-124cacfadc53,5,658.8,31.0,bilbao,recurrente,131.76
53e72388-1ec7-4388-aa5a-4440e1711ca7,4,195.84,18.0,vigo,nuevo,48.96
53ee3055-83e2-49f8-b020-a4ee229dd764,6,867.19,36.0,madrid,recurrente,144.53166666666667
53f6816a-18d1-41e0-8fbe-8432d18427e5,9,802.03,18.0,bilbao,nuevo,89.11444444444444
53fd1aa7-c195-4ef7-8526-c5bf861c6957,5,248.60999999999999,73.0,sevilla,nuevo,49.721999999999994
54067134-9d52-4034-9dfc-bf418b6f5cde,6,570.36,38.0,murcia,recurrente,95.06
540a4553-d73c-49ee-aa01-ba0a67feb8d1,6,834.96,55.0,zaragoza,recurrente,139.16
540ac0d3-a17a-4d60-bc40-9c447cf8dab2,4,599.14,27.0,zaragoza,vip,149.785
540e9955-ba96-416a-8deb-e622e1be27a0,7,1014.52,62.0,barcelona,vip,144.93142857142857
5410eec3-9a93-400c-a634-3d02cda2aa24,6,558.55,40.0,madrid,corporativo,93.09166666666665
5419a97d-8b5a-4efd-9bd1-17695163edae,7,945.46,38.0,barcelona,corporativo,135.06571428571428
541fb464-8028-4456-8522-9716c9533f16,5,692.04,35.0,zaragoza,recurrente,138.408
54247506-e57b-4176-a5ab-b0f788b196e0,5,423.40999999999997,43.0,barcelona,recurrente,84.68199999999999
5424b94a-eb16-401f-b3db-c5ec96de8e63,9,1211.55,47.0,vigo,recurrente,134.61666666666667
5425e88f-22a6-4d01-96e5-99cc28517502,6,800.65,21.0,bilbao,nuevo,133.44166666666666
542e7df8-ed97-4535-915b-d1c28ab4250c,7,929.0,18.0,murcia,vip,132.71428571428572
543f6b24-fe2f-425c-a015-cfafaa3d86a6,5,243.29000000000002,62.0,murcia,recurrente,48.658
543ffa09-07c3-4420-87cb-73daf491f3c2,6,558.5,41.0,bilbao,nuevo,93.08333333333333
54415bf3-1492-4073-9f21-e49fca683172,6,409.3,27.0,valencia,nuevo,68.21666666666667
5446a833-1b94-4322-a455-9dfb9cc394dc,6,476.1,28.0,granada,nuevo,79.35000000000001
5454d40f-a59f-4ea2-a4fc-f942f8438807,4,493.65999999999997,46.0,madrid,vip,123.41499999999999
5455be8d-82ea-4a5a-9e14-c65a96761fb4,11,746.49,43.0,murcia,corporativo,67.86272727272727
5456e6f1-2608-481a-9246-5459ec9d6e44,5,424.38,52.0,vigo,recurrente,84.876
54741dff-5238-477c-817e-8c8d248edd12,6,585.48,39.0,bilbao,corporativo,97.58
5474a26b-e9ac-4918-9100-86282a75b7d3,5,660.25,29.0,zaragoza,recurrente,132.05
54775b6e-31fb-4fd2-878b-8eff5a277a8c,6,618.78,18.0,granada,corporativo,103.13
5479bbad-be3c-4d3a-b402-943ff4a59c97,5,527.34,46.0,bilbao,nuevo,105.468
547e1b1b-38ec-43a3-9e90-938ecd299c87,5,307.64,36.0,granada,recurrente,61.528
54836b3a-9f85-4f78-98fc-f01b0d91bf81,7,340.28999999999996,29.0,zaragoza,vip,48.61285714285714
5488e3c4-5235-4669-b196-bd3741e3c967,4,394.7,40.0,malaga,corporativo,98.675
54938ca5-9274-4d72-a53f-d82d1a6b28bc,5,390.64,25.0,barcelona,corporativo,78.128
54a6c746-533f-4d83-812d-99c941f5cc67,3,1089.9018000000003,34.0,bilbao,corporativo,363.3006000000001
54a934e4-4c1a-4c3f-942f-a38db0d779b5,7,688.31,45.0,bilbao,nuevo,98.33
54aad290-28ed-4cba-a36b-7f4704d8a733,12,1169.77,42.0,bilbao,recurrente,97.48083333333334
54ab7aac-9c57-4d6b-aacd-552895f48e95,7,543.85,43.0,bilbao,recurrente,77.69285714285715
54acc97b-5437-47db-8331-24a918367a94,5,356.13,18.0,bilbao,recurrente,71.226
54af58c4-f643-426b-bcd7-590a826fed73,8,815.13,48.0,sevilla,corporativo,101.89125
54b8b6ab-daae-41cf-84fc-abf77854b0db,6,1190.5909000000001,18.0,barcelona,nuevo,198.4318166666667
54ba8a03-32e9-4bad-a7be-2be9df8ec272,6,376.47,36.0,sevilla,recurrente,62.745000000000005
54bce513-8941-49a6-948f-932b8bb10650,11,1513.9509000000003,26.0,murcia,recurrente,137.63190000000003
54be0f95-0cb1-42fd-929b-2df0798ad7df,4,256.84000000000003,54.0,sevilla,corporativo,64.21000000000001
54bfcb29-90fb-443b-9dec-e173681d96de,5,479.21,37.0,zaragoza,nuevo,95.842
54c53ec1-1f33-4b8a-bd4c-c31df974aece,4,620.27,41.0,barcelona,recurrente,155.0675
54d392be-441e-4133-b914-873f0a882638,8,566.34,38.0,granada,nuevo,70.7925
54eae05e-4de8-4f3c-aa38-c3c4c91b9671,5,523.96,18.0,barcelona,recurrente,104.792
54ed10eb-6a43-4252-9b42-dfdf3a92a6da,3,149.47,59.0,murcia,nuevo,49.82333333333333
5500a0a3-ddc8-437f-b527-db7465e89d9d,10,1118.31,51.0,zaragoza,recurrente,111.83099999999999
550d132c-8eb3-42a5-a59b-8bca94b5894e,3,233.57,66.0,sevilla,recurrente,77.85666666666667
550d1335-7d22-47de-951b-a465eed5caad,10,942.69,53.0,madrid,recurrente,94.269
550d4f06-810d-4055-b6d9-e422d1cdb644,8,1350.0,53.0,bilbao,recurrente,168.75
55283265-1425-4100-955e-b69700e659e2,6,650.37,33.0,barcelona,nuevo,108.395
5530c759-63ac-4100-b49a-62c1adf98ce8,6,741.5,40.0,malaga,corporativo,123.58333333333333
553229c8-a649-4446-ad0c-749fb8e7f6ff,8,727.23,41.0,madrid,nuevo,90.90375
5541745a-34ca-49be-a8e6-1dc75c2e6b8a,8,1147.18,39.0,vigo,corporativo,143.3975
5561143d-1667-4a14-92b4-dc081b8f8394,5,468.11,27.0,bilbao,nuevo,93.622
55749ee0-98dd-4150-a35a-3f6ee795485b,12,1183.26,44.0,malaga,corporativo,98.605
558cb4b6-adc9-49a8-9448-d1e9ba80aa54,8,726.34,40.0,sevilla,nuevo,90.7925
559b79f1-b549-450e-8b5d-a49f44282327,4,276.40999999999997,46.0,madrid,nuevo,69.10249999999999
55a1c7cd-b69e-45d5-a2d7-dcc3d3519e89,7,1128.7909000000002,41.0,zaragoza,recurrente,161.25584285714288
55a231da-4c8c-473c-953e-281caa148a13,11,779.46,53.0,malaga,nuevo,70.86
55abfc3e-ff9a-4d33-a0e2-8af94cde4667,2,111.72,26.0,madrid,nuevo,55.86
55cf5510-7cbd-4714-a4a0-b2303f776b4c,8,664.1,35.0,barcelona,recurrente,83.0125
55d6b7c8-b877-4ab5-9b12-9e2419fa5785,7,1312.3009000000002,48.0,murcia,vip,187.47155714285716
55dfaf9e-e4d5-4125-b7c6-5b51d92a2db3,5,741.54,46.0,granada,nuevo,148.308
55e7ca4f-c27d-494a-b940-d9cf73a62872,7,693.0,44.0,barcelona,recurrente,99.0
55f6b893-6491-4dac-b452-848e2faec351,4,146.57999999999998,42.0,malaga,recurrente,36.644999999999996
560c6071-d579-46bd-a6df-eafee8bae13d,5,208.56,46.0,madrid,nuevo,41.712
560d821c-6181-4917-9249-8a246e015ea0,9,868.5,45.0,madrid,nuevo,96.5
5629a3ea-28cf-42ba-9595-b2f312a53393,6,681.73,18.0,malaga,nuevo,113.62166666666667
562fe21e-99e6-4f92-8c3b-0515a9838d3a,5,360.71,56.0,granada,recurrente,72.142
5636eb98-b56a-4330-814c-4840f0b36621,7,278.58000000000004,28.0,sevilla,recurrente,39.797142857142866
56381527-4212-4acc-8fbe-e786c4881e57,10,1592.7309000000002,36.0,vigo,vip,159.27309000000002
564170e7-45ad-4f58-9655-d538af8aacdf,8,621.3199999999999,36.0,madrid,nuevo,77.66499999999999
5645a56b-ffc8-4aa9-89c3-d114eb729028,5,985.8509000000001,45.0,vigo,vip,197.17018000000002
565ff135-11bf-42ad-83d7-26b8e346aded,6,513.46,30.0,sevilla,nuevo,85.57666666666667
56796c6d-b498-4661-b26e-664cedef0fb3,5,850.38,65.0,madrid,vip,170.076
568f9f20-4ac1-4695-8265-7a1ff9c38a27,5,497.86,59.0,zaragoza,recurrente,99.572
56a0ade1-372c-4062-b19b-00c4af53a122,5,269.04999999999995,45.0,barcelona,vip,53.80999999999999
56a90945-a05a-42dd-9ec2-e811394785a5,7,396.2,57.0,malaga,recurrente,56.6
56bff659-4f0f-4616-bc90-25c29f0e6422,8,490.81,63.0,madrid,recurrente,61.35125
56c8e4df-116b-46ec-aca5-4efbe6efb747,7,620.1,32.0,granada,nuevo,88.58571428571429
56cb6554-d12d-4904-b6bb-293c5417c047,3,187.49,40.0,granada,nuevo,62.49666666666667
56e1f445-68ff-4268-b485-5ed8a495d2e8,9,774.51,38.0,zaragoza,nuevo,86.05666666666667
56e91e44-992a-440c-9672-c725ffbb897d,4,269.28,37.0,murcia,nuevo,67.32
56eb9724-7740-4f68-a7ef-84ce9b8ddd2a,6,610.8000000000001,52.0,barcelona,recurrente,101.80000000000001
56ee89b7-47c4-4552-9166-f6d093fa2ed6,7,726.8,30.0,sevilla,recurrente,103.82857142857142
56eeef1f-cc98-4b47-90fc-d0934f6409f8,6,554.5,41.0,malaga,corporativo,92.41666666666667
56f85820-650e-4117-aa96-31cda757791f,10,946.66,37.0,bilbao,recurrente,94.666
570288b5-e934-43e7-9c5b-dc687b9235bc,6,505.16,46.0,bilbao,nuevo,84.19333333333334
5706bcb5-109e-4129-b355-02079e0b84f9,11,907.31,55.0,zaragoza,recurrente,82.48272727272727
57090762-19b0-4cea-a334-27f845d398cd,7,787.82,18.0,zaragoza,recurrente,112.5457142857143
570efa90-e9fb-49a1-a8ee-835a5c849302,5,626.0,29.0,barcelona,nuevo,125.2
571b5e19-99e6-4214-8945-f2dba00f91f4,5,629.8100000000001,69.0,valencia,recurrente,125.96200000000002
57284b56-e157-4b22-a873-64dfad49e2af,8,1011.1,47.0,madrid,recurrente,126.3875
57288305-78d9-424c-adbc-8b1ff9d1f64d,6,474.12,50.0,valencia,recurrente,79.02
572dad43-8536-4d2e-93e7-d8b7daa55813,8,592.87,55.0,valencia,nuevo,74.10875
572eb87c-0823-4625-b962-047595aa637d,5,787.4300000000001,46.0,malaga,recurrente,157.48600000000002
5733b1ea-0a3a-4dda-8615-c1162ad855ea,3,458.99,39.0,madrid,nuevo,152.99666666666667
57358100-602c-4823-8de7-8bed7fd5a901,2,399.42,32.0,murcia,vip,199.71
57387322-cc99-4b4b-9456-2b310bb02cf8,6,647.51,49.0,valencia,vip,107.91833333333334
573b1d17-e435-467b-8c3b-29e3d1d8fe8c,5,534.5500000000001,36.0,barcelona,recurrente,106.91000000000001
5742bcba-e5b2-4fd4-a900-053dbcdf3c7f,6,369.7,28.0,valencia,recurrente,61.61666666666667
57460fd9-b41b-4877-9aa4-9769d1848afb,6,912.0999999999999,42.0,barcelona,nuevo,152.01666666666665
574b50a1-3c5f-4fe1-9290-014c62d50f96,14,862.16,40.0,vigo,recurrente,61.582857142857144
574c4b52-94ca-44d0-a669-5c74d4c2a907,10,1143.78,42.0,zaragoza,nuevo,114.378
57571ab6-2a94-43ab-b4dd-dea30007c97b,3,274.73,32.0,murcia,recurrente,91.57666666666667
575ebdd9-b41e-4f21-bf69-d26f539cabc2,4,451.71999999999997,38.0,murcia,recurrente,112.92999999999999
5764afc0-fa24-447e-944d-2aa7e8247b6e,4,615.28,44.0,bilbao,corporativo,153.82
5767ff15-be0d-48b7-9ac4-18ddc27a31c3,7,975.7,41.0,valencia,recurrente,139.3857142857143
5769c6e6-0219-4745-8907-47c394747e7d,7,890.6600000000001,24.0,sevilla,recurrente,127.23714285714287
576cf2c9-76d9-4038-86aa-2a8f50120eeb,7,634.98,27.0,bilbao,corporativo,90.71142857142857
5784dce5-0959-490a-8748-84ef33e895ed,4,393.95,32.0,barcelona,recurrente,98.4875
5788d92a-3031-4838-aa70-a6d99829d29e,7,333.97,41.0,sevilla,recurrente,47.71
579774d7-b497-4268-8407-81e23d47ab4e,3,155.9,44.0,barcelona,vip,51.96666666666667
57aae9f5-04f6-4faf-ae54-d76d59e1ee26,4,454.83000000000004,34.0,valencia,nuevo,113.70750000000001
57bcf789-b48b-47ae-9f9b-af94d7e02e94,5,559.13,50.0,vigo,recurrente,111.826
57bd24ff-0757-46b9-bc5d-5f93d7053cc7,6,535.24,37.0,valencia,recurrente,89.20666666666666
57bfeaea-9c1b-4eef-937c-7c413152057c,4,215.71,26.0,madrid,recurrente,53.9275
57d19e1e-9ed7-4d8c-b100-fe6f08745fab,8,1232.44,46.0,granada,recurrente,154.055
57d356e6-a40d-42b4-8389-6a056fa1ac43,6,850.9300000000001,40.0,zaragoza,vip,141.8216666666667
57d3fe2c-b524-4afa-9724-973acd71e2c2,10,1065.25,50.0,murcia,vip,106.525
57ea15b2-ce94-46de-a125-cf3fac68daee,8,457.74,51.0,murcia,recurrente,57.2175
57eca6b1-58a4-4327-a928-252ad566cb06,8,527.81,51.0,madrid,nuevo,65.97625
580346a4-6a52-4654-9130-a1890cc93e22,5,537.49,40.0,granada,recurrente,107.498
580ba753-8b05-4059-9173-bc0db8a3a052,6,674.05,50.0,zaragoza,nuevo,112.34166666666665
5818a7d3-56e0-4801-bc1b-77e377d2fdf4,9,947.3100000000001,42.0,bilbao,vip,105.25666666666667
581c6f4b-6032-4ca9-923f-13c708366d3c,8,1089.47,57.0,granada,vip,136.18375
5824f1b8-b3e4-4a05-914e-809e5a304722,2,64.47,51.0,murcia,nuevo,32.235
5832e8ef-a1e9-4e34-8e24-93b4480bd398,5,480.26,27.0,sevilla,recurrente,96.05199999999999
58490c09-c8a8-4243-8a8d-adca215208fd,6,1005.8,56.0,zaragoza,nuevo,167.63333333333333
585eddf5-7aef-4d55-ab39-d2470670fabc,10,978.65,32.0,barcelona,recurrente,97.865
586d59b6-d8c1-49e6-8dd7-6821f7b69e8c,4,112.76,31.0,vigo,recurrente,28.19
586ea013-6b61-4c8a-8d69-e46eb9b72acd,4,463.82,45.0,sevilla,nuevo,115.955
58733096-1abf-4a35-bde8-aa2726c95496,7,1002.16,22.0,valencia,nuevo,143.16571428571427
587a72f7-75c1-4ad5-b985-4b2afed9fb9b,7,870.02,36.0,zaragoza,vip,124.28857142857143
58887967-2538-4091-8cd1-079001f1bb7d,13,2270.33,50.0,murcia,nuevo,174.64076923076922
58959b13-6149-4bfa-b591-25511edf052f,8,534.55,50.0,barcelona,recurrente,66.81875
589e6174-28c8-4d5c-b5e2-ca5793f0a6a3,5,423.91999999999996,50.0,bilbao,corporativo,84.78399999999999
58a02249-bffa-4326-a651-b7af5072e146,3,296.93,40.0,granada,recurrente,98.97666666666667
58a3edb2-91fc-4f92-ac97-fe70f8e43551,3,450.54,18.0,valencia,nuevo,150.18
58a6b554-df74-44e9-b695-cdc5ec251577,6,702.3,47.0,bilbao,nuevo,117.05
58bd7393-11e6-4510-a9bc-ab22008e74b1,6,483.6,44.0,barcelona,vip,80.60000000000001
58cb3685-781f-463a-896c-8b270d6079ff,3,571.4,47.0,granada,vip,190.46666666666667
58cbda0c-a228-404f-b89b-20c0d7e930ed,7,1224.0309000000002,45.0,zaragoza,nuevo,174.86155714285718
58cc9fea-403e-4bfa-af12-1064257a44c1,10,1297.84,43.0,barcelona,recurrente,129.784
58cef6a5-e18a-481e-a219-b05f556c4bb0,6,1107.8600000000001,50.0,malaga,recurrente,184.64333333333335
58d057ec-dc3d-41ad-8fdd-8a0a350c253a,8,956.62,40.0,bilbao,nuevo,119.5775
58dce82f-d1c9-458f-a269-d88d2ba4cf1c,10,769.9,55.0,vigo,nuevo,76.99
58de993c-d761-4a30-891c-cf8cdf87aee0,4,164.35999999999999,40.0,murcia,recurrente,41.089999999999996
58df5701-d2f9-47ee-bf9e-a9f994f134f4,4,388.63,32.0,granada,vip,97.1575
58f6d08d-9fe0-488e-add6-28b2893a3243,6,495.35,18.0,vigo,recurrente,82.55833333333334
5900c491-088c-485e-99b2-4259ddbb0595,3,568.6909000000002,40.0,bilbao,recurrente,189.5636333333334
590db64c-a53d-4535-adaa-cccf891301a7,2,435.94,40.0,sevilla,vip,217.97
591072a8-dda5-46d0-8765-cd1cb05561dd,4,227.95999999999998,35.0,sevilla,recurrente,56.989999999999995
5910de20-0fc9-4be2-aae3-93a30d8d62ba,7,676.4,58.0,madrid,nuevo,96.62857142857142
5911445d-9034-4f82-abcf-5c501172a61d,9,831.81,37.0,bilbao,recurrente,92.42333333333333
5917a2ae-622a-403d-8fa1-7f2a6842f610,4,805.14,50.0,madrid,corporativo,201.285
591f61e0-1b36-4dcd-ac2b-c5a8a5622f51,9,1031.91,18.0,barcelona,vip,114.65666666666668
59208869-13c0-4e96-8ed9-4d72b477efbc,6,472.39000000000004,54.0,bilbao,recurrente,78.73166666666667
593a4802-d958-408a-bdfc-f0da39b9bf81,5,681.33,71.0,vigo,corporativo,136.26600000000002
593ea7a6-6659-484f-9105-257be87332bf,9,1350.42,73.0,malaga,recurrente,150.04666666666668
594423c6-09b3-424a-a3c8-f67f55ae9a1f,6,905.71,56.0,sevilla,recurrente,150.95166666666668
5946f744-0952-43ae-a6b8-b0e544196718,8,779.77,42.0,madrid,vip,97.47125
594806c5-fcd4-47be-ab92-d0ea3b306381,4,466.21000000000004,36.0,zaragoza,nuevo,116.55250000000001
595614ab-0e58-435e-812d-c1ceca9def5c,12,1481.5609000000002,37.0,malaga,nuevo,123.46340833333335
595c673a-4599-4886-8d42-311512f5650b,8,537.78,49.0,murcia,nuevo,67.2225
595c6b1b-cdf9-4626-8b07-a44f3c9d3d2e,6,617.99,61.0,bilbao,nuevo,102.99833333333333
595f24dc-b83a-4d5f-a4ee-d32a24ac9330,5,239.49,43.0,bilbao,recurrente,47.898
59619339-8d01-49a7-832d-a6309d7e3a8a,3,131.52,43.0,sevilla,nuevo,43.84
59756e74-115b-483d-8cd1-369d6c776e68,9,720.91,40.0,sevilla,recurrente,80.10111111111111
599d3205-0a07-466b-be09-059fe6636c24,5,350.12,26.0,vigo,recurrente,70.024
599e12d3-4608-4be2-a0dc-1b3691ed16a4,2,251.32999999999998,18.0,vigo,corporativo,125.66499999999999
59a65c37-d296-4637-8912-d59d021909d8,8,662.27,49.0,barcelona,recurrente,82.78375
59a97af6-8197-4397-a4c1-222745e748a7,2,151.23,42.0,malaga,recurrente,75.615
59aba8cd-48d6-4573-9356-3218b445d856,8,617.12,30.0,valencia,vip,77.14
59b2f785-c520-4fac-9f60-7439073b7fb5,5,474.87,36.0,valencia,recurrente,94.974
59c0d3fe-5aa5-49ca-9130-c6a7f0b4ef66,4,442.53000000000003,66.0,sevilla,nuevo,110.63250000000001
59c40d29-48ba-48ed-96d9-3ca5f4a44a89,8,1173.73,64.0,madrid,recurrente,146.71625
59cc34c1-2c93-46ec-a59a-1637ac6325c1,5,287.03999999999996,31.0,sevilla,recurrente,57.407999999999994
59d96a03-2812-4f37-a6cc-e3baff07225a,9,908.5999999999999,48.0,barcelona,recurrente,100.95555555555555
59dac7da-7701-4435-9ff6-82f50cabeed6,3,90.33,54.0,murcia,recurrente,30.11
59e11ebe-522f-408a-9a5b-43bdb854960f,14,1182.7,38.0,valencia,nuevo,84.47857142857143
59e1c64a-5f9e-4ac0-a112-72a4cb20868e,2,249.5,64.0,granada,recurrente,124.75
59e3c42b-1553-4e07-9f64-052b87e76146,7,413.28999999999996,44.0,granada,recurrente,59.04142857142857
59e5902e-0c84-4c93-9a70-ded6d980307d,7,515.1,58.0,granada,nuevo,73.58571428571429
59e88fd3-11c8-4d45-98e3-f8b84ed0cf3a,4,120.24,59.0,zaragoza,nuevo,30.06
59ec4a05-c538-4ce0-9c0c-04fbc4868e18,5,571.05,52.0,malaga,vip,114.21
59f489a0-c1c2-4992-980d-1a945ff538c6,6,819.77,50.0,murcia,nuevo,136.62833333333333
5a06f7cc-1958-4397-82c3-9e35a5a20f2a,10,701.62,40.0,murcia,recurrente,70.162
5a0ae1a4-2d91-4bb2-a3a4-3845afabda74,3,586.68,54.0,bilbao,recurrente,195.55999999999997
5a104f43-82d2-452d-aeb4-eb744737818e,8,874.96,60.0,madrid,vip,109.37
5a13a4dc-04cb-4de3-919e-74ec0f40e4c1,2,82.37,54.0,vigo,recurrente,41.185
5a25ea22-d2dd-4d36-96f7-65fe4edef515,8,490.9,27.0,barcelona,recurrente,61.3625
5a267885-0061-4a7c-9b35-a9c82c5ebe65,6,617.1,47.0,vigo,recurrente,102.85000000000001
5a31fccd-738f-4377-a329-01a68f0b36dc,11,1325.1599999999999,18.0,bilbao,recurrente,120.4690909090909
5a38f7d2-5c10-45dc-ab5b-da0404e1b571,3,207.08,28.0,madrid,nuevo,69.02666666666667
5a3b257d-4e35-4e72-ad13-3b3db2f1fe15,7,739.0409000000002,52.0,malaga,recurrente,105.57727142857145
5a3c8739-a6de-4e9d-baa1-825539e1b081,6,814.4509000000002,24.0,murcia,nuevo,135.7418166666667
5a56503c-6a4f-4fe4-83b7-dd7222b50e58,7,329.12,40.0,valencia,recurrente,47.01714285714286
5a6d63bb-c833-45a2-8a5c-fbecb40ca620,9,1200.16,32.0,madrid,recurrente,133.35111111111112
5a7109e2-8aea-40cc-b9bf-589c24782b58,10,711.22,44.0,zaragoza,vip,71.122
5a78b37c-0c85-4ad4-995b-82e8373e00ce,6,839.13,25.0,vigo,vip,139.855
5a8426d4-54d7-439d-b86a-95556afaefb1,7,521.22,40.0,barcelona,recurrente,74.46000000000001
5a8e81c0-23a8-47f7-8489-4fc5a83c7508,4,323.27,27.0,sevilla,recurrente,80.8175
5a91bba8-fb8d-454a-be58-097216f73f2f,5,770.4809000000001,43.0,zaragoza,corporativo,154.09618000000003
5a984de6-c9d4-4b7c-9fb6-dd7fadbe35de,9,689.09,56.0,barcelona,vip,76.56555555555556
5aa16a1b-2a41-413c-b208-37f5c31043bf,6,563.11,22.0,granada,recurrente,93.85166666666667
5aa2b9c4-b4f2-4f83-ba47-8d21827dabb2,9,523.57,48.0,granada,nuevo,58.17444444444445
5aaaddec-a9d3-4b9b-bbc7-59ac665e56db,5,374.52,61.0,granada,vip,74.904
5abd9369-324a-4c1f-b968-88cc161f2244,4,338.13,28.0,bilbao,nuevo,84.5325
5abfa172-fc86-4f67-aec7-ad20392d7f0c,7,551.31,23.0,vigo,corporativo,78.75857142857141
5ac292c1-d2dd-4bc7-8a02-13168b8c7502,8,484.48,54.0,barcelona,recurrente,60.56
5aca8855-4b53-4101-8763-49a6e59c06e2,6,540.76,32.0,zaragoza,recurrente,90.12666666666667
5ad062a2-3cba-49af-8dce-0dd849020b2d,4,199.42,47.0,murcia,nuevo,49.855
5ad0ba7a-b9e6-4cb6-a590-cac99d6f0424,7,389.49,18.0,sevilla,vip,55.64142857142857
5add44d6-0ab6-4b8b-9e08-8b55c971b2cf,7,694.25,64.0,barcelona,vip,99.17857142857143
5adeac71-3d52-4abd-8ffc-30dc3cbf4b60,4,395.65,30.0,granada,recurrente,98.9125
5ae257f6-71f5-47bc-98e1-516202c382ba,3,275.53,18.0,sevilla,nuevo,91.84333333333332
5ae9b4c1-04cf-4cd8-8418-0e5406483ec6,7,934.18,42.0,valencia,recurrente,133.4542857142857
5aea84ce-e4ad-4cbe-8556-56dea6a6d6d3,9,667.1600000000001,39.0,granada,vip,74.1288888888889
5aeb8571-ffe6-4251-8ecc-4e345ead4674,3,220.76999999999998,49.0,granada,nuevo,73.58999999999999
5b023c2b-3211-45b0-ac62-eba27dcd427f,5,376.26,70.0,barcelona,nuevo,75.252
5b0fd07a-fffc-4143-ad85-2a36aaa9eb0a,9,1283.65,40.0,madrid,recurrente,142.6277777777778
5b264661-ae7e-4b52-a8ab-f5d33c344ecf,8,991.14,18.0,bilbao,corporativo,123.8925
5b288f42-9b6e-452c-96fe-32ba09989348,4,570.21,39.0,zaragoza,recurrente,142.5525
5b33d644-6a48-4170-9a3b-11e3ffd0ef4c,6,522.25,40.0,malaga,nuevo,87.04166666666667
5b3ba8c3-a425-487f-96b2-f497e74381a5,3,465.97,33.0,madrid,recurrente,155.32333333333335
5b47101a-4cbe-4905-a1a1-ca87eabb77f9,5,573.18,35.0,madrid,corporativo,114.636
5b5050df-5169-43a9-ab60-3689672053ae,9,1046.9209,27.0,murcia,corporativo,116.32454444444446
5b589e1b-336b-4195-b4c9-0a7fa93dfe4c,7,585.9399999999999,53.0,sevilla,nuevo,83.70571428571428
5b5ca5f9-b903-4719-93c6-e00b0a4abad7,4,639.2,38.0,bilbao,recurrente,159.8
5b6a7157-98c8-411d-b51b-55d904e3aea1,9,942.4899999999999,51.0,malaga,nuevo,104.7211111111111
5b6d9aa6-caec-4f3b-8b26-292308d22d82,2,109.4,29.0,zaragoza,vip,54.7
5b74e7b8-5d42-4bb2-9b1d-2fa5b91bb231,5,840.44,44.0,sevilla,recurrente,168.08800000000002
5b777c51-25fe-4789-ac50-e7d97eab4321,10,1024.71,40.0,madrid,recurrente,102.471
5b7b60a5-fbf3-49f9-9658-25d7e5092040,5,791.3309000000002,42.0,malaga,recurrente,158.26618000000002
5b7f9e61-13db-4c0d-83ce-08828320e6e0,6,325.05,47.0,granada,vip,54.175000000000004
5b7fba43-04ae-480a-a19c-b454b963b682,3,258.87,57.0,vigo,recurrente,86.29
5ba004af-2cdd-4ed9-a0d2-be067a0052c8,7,469.04,35.0,barcelona,nuevo,67.00571428571429
5ba10d9a-f499-4b1d-8b98-85e536e5d250,3,255.59,58.0,granada,nuevo,85.19666666666667
5ba816c3-62a2-4c73-9303-e5bb1765bd17,7,419.68,23.0,madrid,recurrente,59.95428571428572
5bad0f2d-c863-41e5-a867-6382dad2c47d,5,1144.5,67.0,vigo,nuevo,228.9
5bb4058c-3669-4c07-ac83-621b7e1a29b1,5,446.64,40.0,malaga,recurrente,89.328
5bbaa7d2-fbdc-44e8-b0fe-e487e5caff5b,9,402.26,34.0,bilbao,nuevo,44.69555555555556
5bc3bb27-570d-4147-bbfe-18d288b47582,8,1071.3500000000001,40.0,granada,corporativo,133.91875000000002
5bcbb8c9-e843-42b8-9198-416a692cb3c4,6,877.04,49.0,granada,recurrente,146.17333333333332
5bd40201-87e9-4af3-ad4f-dfd7e3cbb8eb,6,608.61,39.0,vigo,nuevo,101.435
5bd60bef-dfcb-4fcc-8e0b-be877df9d0dd,11,1349.66,35.0,madrid,recurrente,122.69636363636364
5be19701-3e87-4220-9bf9-d166037969d4,3,169.43,56.0,murcia,recurrente,56.47666666666667
5bf04576-2d3d-46cb-aaec-7e9a42f41778,8,661.94,55.0,murcia,recurrente,82.7425
5bfafa9b-5488-41e7-a1b5-92bb7459f02e,9,940.12,34.0,granada,recurrente,104.45777777777778
5c0b7524-1837-4a79-9b71-13aab63b4857,6,639.89,31.0,valencia,recurrente,106.64833333333333
5c212e2c-fc11-452f-877b-384889ec096d,8,525.0899999999999,40.0,barcelona,vip,65.63624999999999
5c23e3e9-39f9-49b1-bcf2-918ecb88c5cf,8,397.19,45.0,murcia,recurrente,49.64875
5c2c1b6e-f98f-4958-a5c5-48414dfbddbc,7,583.74,29.0,madrid,recurrente,83.39142857142858
5c3222b9-a34c-4db2-a082-bb1ed3126d60,4,308.86,41.0,malaga,vip,77.215
5c353e64-41dc-427a-88c0-04640a935dbd,3,290.69000000000005,39.0,barcelona,nuevo,96.89666666666669
5c3af23b-8af5-4706-958a-f0deda2480fd,3,287.18,50.0,valencia,recurrente,95.72666666666667
5c3e5ac5-715e-450d-adbe-45392d5947ab,13,1423.7709000000002,43.0,bilbao,recurrente,109.52083846153847
5c3f5f57-6768-4f8d-8b83-070c98d94129,5,578.16,37.0,malaga,recurrente,115.63199999999999
5c404d7f-ee39-4024-ab23-66eaf46ccb43,4,367.15,55.0,madrid,nuevo,91.7875
5c44cb36-908e-42c4-88e4-0dc8fb923c38,2,123.65,56.0,vigo,recurrente,61.825
5c4959c6-2686-49ce-8cfa-ef4cadebf6e0,7,850.4499999999999,29.0,bilbao,vip,121.49285714285713
5c4aaccb-21aa-469f-b1bf-8034409f33d8,8,1176.9109,28.0,vigo,nuevo,147.1138625
5c4c7ac8-c710-4e36-a411-a5c3a1d903f1,5,576.45,40.0,vigo,vip,115.29
5c53e780-c1d0-4287-b7a6-976cb949f188,5,549.69,47.0,sevilla,recurrente,109.93800000000002
5c6a1b28-bd3e-40ec-a570-8261918abe6f,1,230.72,40.0,madrid,vip,230.72
5c827a79-971d-4374-b0c2-dea3cba19ce4,5,612.47,56.0,zaragoza,nuevo,122.494
5ca8ac96-c59b-43f8-8c4b-a101894e4930,10,804.34,48.0,granada,vip,80.434
5caee7ae-507c-4098-811b-36cb7562584c,8,875.87,29.0,granada,nuevo,109.48375
5cc08bed-4195-49e1-83f8-60382d91d82e,7,1335.33,35.0,murcia,recurrente,190.76142857142855
5cc28c22-81dc-4110-beb5-5b8ebdec425f,7,847.51,44.0,barcelona,recurrente,121.07285714285715
5ccf6c0c-111d-46dd-9396-291bcde3cd6b,6,482.86,45.0,granada,nuevo,80.47666666666667
5cf1399f-3a86-45ba-9434-f616a39a759a,2,73.9,48.0,zaragoza,recurrente,36.95
5cf5a0da-26cb-4eda-a00b-39dcc8312008,12,1107.83,35.0,madrid,recurrente,92.31916666666666
5d08406a-212c-4ab6-bdb1-0cee2f0717b4,8,496.12,59.0,valencia,nuevo,62.015
5d0f84e8-7177-46cb-aa08-f6ee5d05c89a,7,850.6,35.0,barcelona,recurrente,121.51428571428572
5d164d9a-e075-4ec7-8af5-bbdd39a90d3d,4,947.74,29.0,zaragoza,nuevo,236.935
5d17db31-df52-40d3-9d52-8c58dd0974bc,4,595.8299999999999,35.0,madrid,recurrente,148.95749999999998
5d206a21-d3b9-445d-accc-67104b10fa23,6,538.3100000000001,35.0,sevilla,recurrente,89.71833333333335
5d2381b3-9a3f-4f35-ac21-4ea3d6cc03a5,5,372.02,45.0,granada,vip,74.404
5d33cd45-9c5d-47b7-858a-a2b7ffeb3f5d,5,254.99,40.0,madrid,nuevo,50.998000000000005
5d454797-a8d4-4939-a631-22612a50eba6,4,441.06,36.0,sevilla,vip,110.265
5d6135b4-de1a-4b3d-a4ad-9690da0622e8,7,608.06,46.0,malaga,nuevo,86.86571428571428
5d63c6d4-7df8-4ff7-9089-098a98989310,7,1049.0,48.0,sevilla,recurrente,149.85714285714286
5d65b212-efaa-4dd1-91bd-94119395edad,2,83.37,42.0,madrid,vip,41.685
5d6ec5c2-bbcf-471b-8ac3-12841946e1d7,4,264.21000000000004,31.0,zaragoza,nuevo,66.05250000000001
5d6f8e64-c005-4848-a9fc-5235452e072e,10,850.7809000000002,40.0,murcia,nuevo,85.07809000000002
5d71b374-caf5-466b-b084-26e4603c1dee,6,777.98,47.0,barcelona,vip,129.66333333333333
5d825260-c8c5-4c70-a9d6-68f3852e6ef7,6,1051.5309000000002,51.0,zaragoza,recurrente,175.25515000000004
5db0a392-f9b6-48c4-a1b0-bdd040ab4917,13,1158.52,45.0,malaga,nuevo,89.11692307692307
5dd1bc8d-9a68-43ea-929c-3568be119421,5,270.63,42.0,murcia,recurrente,54.126
5de01a1b-7cd0-4218-863c-1ce77bfa03c5,7,597.77,23.0,zaragoza,nuevo,85.39571428571428
5de2fac4-94ae-45af-bb22-c3ad6fd8663a,8,1037.5909000000001,30.0,barcelona,recurrente,129.69886250000002
5de817b9-2847-441c-89c7-c2e374757ae8,10,895.68,34.0,malaga,vip,89.568
5df50acd-456b-4132-8d14-d6c04ef92a21,6,696.69,49.0,murcia,recurrente,116.11500000000001
5dffc488-87c1-49e7-b300-ae001d968aa5,7,872.1,48.0,madrid,nuevo,124.58571428571429
5e00f6df-846c-46e6-a76b-1aeff7073f3d,4,269.52,58.0,madrid,recurrente,67.38
5e059ede-602f-4f24-92ec-a02e318f1e4f,4,470.85,36.0,zaragoza,vip,117.7125
5e07883e-1ae1-4d7e-bc9e-29406c339745,12,1053.16,55.0,valencia,recurrente,87.76333333333334
5e128bd1-525e-4e3d-ac2e-2103ed385e19,10,943.55,36.0,valencia,recurrente,94.35499999999999
5e14e0c4-2bdc-44e6-863b-536e5646f6c7,9,1443.67,36.0,bilbao,recurrente,160.4077777777778
5e16aeeb-c83e-46c8-9af8-4998e0f6dbbc,7,874.61,29.0,vigo,vip,124.94428571428571
5e2a1f39-385f-4616-8a12-c381407afb44,7,560.79,41.0,zaragoza,vip,80.11285714285714
5e32b267-22c2-4393-a12c-80e3929e432e,4,503.57,49.0,malaga,recurrente,125.8925
5e36f5c0-e0f7-4487-86f9-c99a02f23e4c,7,227.92,40.0,sevilla,recurrente,32.559999999999995
5e470f3d-7811-4749-bdb0-c1321631ac59,10,572.8000000000001,21.0,murcia,nuevo,57.28000000000001
5e475e5a-46ed-4cee-835e-bd31c0fd272c,4,340.37,45.0,madrid,nuevo,85.0925
5e4fe976-9e7d-4667-8338-a029b46f12dd,7,458.9,44.0,vigo,corporativo,65.55714285714285
5e593c1f-c1bd-4ca1-b582-cad3b8c8b274,12,1236.5,19.0,zaragoza,recurrente,103.04166666666667
5e5a5cc5-c681-486a-a3db-3663eed0f3c2,7,334.54,34.0,vigo,nuevo,47.791428571428575
5e5c1791-01ba-4096-91e9-54d48077744b,4,214.99,44.0,zaragoza,recurrente,53.7475
5e5c27ae-5456-4741-aa76-57b454cceca6,3,179.85,23.0,bilbao,nuevo,59.949999999999996
5e67b4e3-abbc-4c16-a5f2-c59b05e120ae,6,732.43,35.0,valencia,recurrente,122.07166666666666
5e69d8e9-98df-4e43-8517-b1d2ef44633a,10,670.56,40.0,malaga,corporativo,67.056
5e85f185-ff1d-4733-8061-7f8affc83a9c,6,760.56,37.0,murcia,recurrente,126.75999999999999
5e92d6dd-699a-4a4f-99d6-5089ad60cbf1,7,384.29999999999995,18.0,murcia,recurrente,54.89999999999999
5e970aa8-9603-4c82-aac5-36eb728e1e2a,9,902.13,49.0,murcia,recurrente,100.23666666666666
5e9ddd50-85f7-4a08-a201-f267ef8cb749,3,117.50999999999999,53.0,madrid,vip,39.169999999999995
5e9e971d-6d8a-4c7d-b3fb-c28428d0183d,5,452.72,42.0,vigo,nuevo,90.54400000000001
5e9fe415-b06f-4e30-bb7e-8204188d5d17,7,698.21,25.0,valencia,vip,99.74428571428572
5ea59d02-05d5-4d0d-bd76-07964498a93d,8,728.51,38.0,sevilla,recurrente,91.06375
5eaf1f57-5606-4392-a128-f7806f7708ef,7,1073.5609000000002,47.0,vigo,nuevo,153.3658428571429
5ec012c9-048d-46be-bc7d-a0732083747d,11,633.51,67.0,barcelona,recurrente,57.591818181818184
5ec4be2b-24dd-45ad-b730-967a1a50223e,10,1745.5109000000002,47.0,murcia,nuevo,174.55109000000002
5ecb0b4f-013f-4b6f-91be-8d2249085f58,5,511.98,59.0,valencia,nuevo,102.396
5eea3be0-dba5-4781-8df3-f77b054c1780,7,846.35,60.0,barcelona,recurrente,120.90714285714286
5ef4c5e5-762e-4b1e-9361-6e0f0dfbb26a,6,576.41,58.0,bilbao,nuevo,96.06833333333333
5f0823be-97f5-4d86-8dfb-aecd751fb5a2,6,582.19,49.0,zaragoza,recurrente,97.03166666666668
5f09fdc5-e5a7-4890-9b42-c71f7e7aeafa,5,506.65999999999997,47.0,barcelona,recurrente,101.332
5f0e978e-6462-4467-93d6-e51ea841c9fe,6,726.3199999999999,21.0,granada,recurrente,121.05333333333333
5f1570a9-f600-46e9-8758-22db7744b153,6,1022.45,24.0,granada,recurrente,170.40833333333333
5f1b790d-77da-4b45-b68f-f5464cd5d48c,9,1041.58,40.0,sevilla,nuevo,115.7311111111111
5f3540fe-0fc7-4270-9581-b58a5ea9e286,8,1223.6,54.0,vigo,nuevo,152.95
5f3ac8b4-ef9f-486b-9d5e-581a1827ea86,3,173.68,40.0,valencia,vip,57.89333333333334
5f42cd8b-6669-44f0-a61f-e298b7bc20ef,5,221.43,45.0,valencia,nuevo,44.286
5f4343ed-7f37-4658-adc0-9b59057428e5,5,339.75,65.0,valencia,recurrente,67.95
5f43d77f-cce6-4d9e-8a07-bea1986507e6,8,596.94,40.0,barcelona,nuevo,74.6175
5f47168a-ef76-480f-8b25-bd12babf3da4,3,236.15,51.0,malaga,nuevo,78.71666666666667
5f50c62e-8670-4ff6-a5cb-b8aedb89b78e,8,852.1700000000001,41.0,malaga,nuevo,106.52125000000001
5f525183-168f-43ba-8d1e-ba29fb5102f2,4,500.99,35.0,zaragoza,recurrente,125.2475
5f6b7c12-f273-40af-9835-cd3038a1a46e,5,357.17999999999995,43.0,malaga,corporativo,71.43599999999999
5f7319a4-2782-48ee-943d-dc5ca31f55c5,6,221.43,64.0,malaga,nuevo,36.905
5f794ed5-4198-4cc9-ad0e-6a5c35643764,5,364.25,27.0,barcelona,vip,72.85
5f8639ca-908c-4bb1-9a11-0bf67c0c9fd9,7,1100.1909,60.0,malaga,recurrente,157.1701285714286
5f94ee91-403e-4634-b498-4f1c8d2ffcf9,9,1126.34,65.0,granada,nuevo,125.14888888888888
5f9b7529-3cca-43a0-8a63-e5a0889b5e7e,6,517.87,31.0,barcelona,nuevo,86.31166666666667
5fac6573-8d4a-4a83-b855-056c9b39d77e,9,1550.23,59.0,valencia,recurrente,172.24777777777777
5fbd22d2-7352-480f-9f77-73545c042bb7,4,522.2,25.0,valencia,nuevo,130.55
5fbedd32-ba57-4945-ac7f-f22eb71dce31,6,942.2600000000001,45.0,madrid,nuevo,157.04333333333335
5fc3e6a4-c018-443a-9d40-1c99ea725189,9,1176.97,30.0,bilbao,nuevo,130.77444444444444
5fdc89ad-8fc9-44ea-b1e3-077729c68083,7,1046.33,29.0,murcia,recurrente,149.47571428571428
5fe63dcd-d480-4e1b-9d71-a83b41444827,6,642.69,18.0,sevilla,recurrente,107.11500000000001
5fe6453b-09e9-4b4b-ab32-85047e60e579,6,653.44,27.0,malaga,vip,108.90666666666668
5ff7a4f3-7cd7-4a0a-b349-4bde7c258683,1,46.86,72.0,granada,recurrente,46.86
6010e700-2392-41c7-9529-cff0520223e7,5,296.22,36.0,barcelona,nuevo,59.24400000000001
60156034-0c67-4b42-812a-5201a7142f02,4,462.88,32.0,vigo,vip,115.72
6035104c-1c34-4dd5-9739-98a22cdfa61a,4,319.20000000000005,30.0,zaragoza,vip,79.80000000000001
6039c30a-460b-43b8-8955-57c3e3f61cc7,5,782.58,38.0,sevilla,recurrente,156.51600000000002
603b66f4-a877-4bce-a18b-847d04771c88,6,387.71,38.0,granada,recurrente,64.61833333333333
603ecf88-9196-422e-8966-78a44ed06737,6,393.79,54.0,valencia,recurrente,65.63166666666667
604dedd1-031c-4260-91b6-06aa9297d293,6,606.51,27.0,barcelona,vip,101.085
60505bcc-cd78-45ac-a7cf-ac6875d08bb1,5,456.91999999999996,37.0,bilbao,nuevo,91.38399999999999
605b0e50-f114-4034-a33d-f4b42760cd56,2,190.49,36.0,valencia,nuevo,95.245
605cf767-cf57-4a5e-b43d-cedaec0fcbe1,9,1427.03,40.0,vigo,recurrente,158.55888888888887
605d2cf3-c6b6-4658-9324-c88d35ca6d32,6,473.78,40.0,zaragoza,recurrente,78.96333333333332
606e7c09-45b7-4a6f-9049-51324cb89671,8,559.2,39.0,vigo,recurrente,69.9
6070e4c2-59d6-41b1-bf75-67a008009b45,9,1254.98,49.0,vigo,nuevo,139.44222222222223
6075d7a5-1c09-4663-a4b1-259d7460f4e1,11,1225.18,71.0,barcelona,recurrente,111.38000000000001
608824a2-eac2-44ae-a794-a769044f877f,8,695.95,21.0,madrid,vip,86.99375
6089ef9c-506e-4560-8e3e-7e2911b0dd7a,7,1338.1509,38.0,barcelona,vip,191.1644142857143
609c7437-01ff-4f4b-8988-b638707c2f77,2,125.94,41.0,murcia,nuevo,62.97
60a3ee0a-7fdd-47c1-8422-a5ab501b2c26,4,398.26,52.0,madrid,nuevo,99.565
60b8f3d0-df8d-4a79-a2d5-ab266f063daa,2,128.67000000000002,45.0,valencia,nuevo,64.33500000000001
60b93dde-a7eb-46f0-8c9e-d09a61dcbbd7,8,598.42,32.0,zaragoza,nuevo,74.8025
60d17363-9284-47a1-9d78-7cb299824aaa,5,351.99,26.0,granada,recurrente,70.398
60d63021-1054-4d91-918f-117a4d8b30b0,5,488.91,51.0,bilbao,recurrente,97.78200000000001
60d8c5e0-ecf9-4813-90e7-3b794364c9d2,5,819.1109000000001,51.0,madrid,nuevo,163.82218000000003
60e268c8-be1d-45e2-9062-8871d6158715,5,434.59999999999997,44.0,zaragoza,recurrente,86.91999999999999
60f1e20a-5e4b-4a96-ac42-6e42dad1893d,8,1516.1609000000003,41.0,murcia,nuevo,189.52011250000004
60f29275-0697-4dbd-8ede-9cc095843a80,5,512.53,46.0,sevilla,recurrente,102.506
60f446e9-e379-4c43-9fa3-ddcfb6a29f27,8,1278.1009000000001,29.0,zaragoza,nuevo,159.76261250000002
60f4b261-e4b5-4b4e-8712-79a86d2df74c,3,238.59,18.0,madrid,nuevo,79.53
60fd70f2-9325-4267-bc3a-d578749abebd,8,559.4,26.0,valencia,vip,69.925
60fd787b-8e3a-4447-9ba8-35c4d0979439,5,649.47,52.0,malaga,vip,129.894
61015e06-5258-433c-bb1c-4016d4fd2078,7,994.2809000000002,32.0,madrid,recurrente,142.0401285714286
6105be45-a0c2-42c8-a8f4-90079a84c9d1,10,811.0899999999999,65.0,murcia,recurrente,81.109
610607c1-da45-4732-ba1f-b5ae85bb1506,6,635.41,46.0,zaragoza,recurrente,105.90166666666666
610e99bb-5fd3-4a6e-ae0d-17b49ae36eb1,9,928.7700000000001,45.0,madrid,corporativo,103.19666666666667
61208e65-73b7-463a-b2ec-68bdad86cff3,8,426.90999999999997,40.0,zaragoza,recurrente,53.363749999999996
61290424-92d4-4401-bb2b-4a0fd6e6d35c,12,1074.98,31.0,madrid,nuevo,89.58166666666666
612b320d-979f-42de-9d5f-0c4d442afab3,4,205.5,41.0,zaragoza,recurrente,51.375
613abd19-3c26-4139-b217-5df92358b98c,6,498.22,23.0,sevilla,nuevo,83.03666666666668
6144c294-b5a5-48ba-9d97-f9b01c7988e0,5,796.11,45.0,zaragoza,nuevo,159.222
614efe9e-328f-4207-8243-e24598f4401a,4,606.7,53.0,barcelona,corporativo,151.675
6150f3c9-47fe-4ab8-8730-ad2f09571273,6,299.88,40.0,murcia,nuevo,49.98
6153c8a7-b2b6-4f44-8104-ddcdfe2723d7,9,843.09,24.0,vigo,recurrente,93.67666666666668
61543033-26c0-43f6-848d-9e144ec5c7d2,5,719.84,40.0,vigo,nuevo,143.96800000000002
61544ba6-34cb-4d0b-8f6c-cdfdca593511,9,872.6,49.0,murcia,recurrente,96.95555555555556
6162d63e-a216-4f42-affa-e1b6a2d8e68c,7,777.5,54.0,granada,nuevo,111.07142857142857
61685ade-a021-4e7c-ac7e-1391ee9a3857,9,707.38,43.0,bilbao,recurrente,78.59777777777778
617b72a7-dfe2-485d-b208-32db17f49748,5,533.5,32.0,murcia,corporativo,106.7
6184f15f-1748-437c-9cb3-8ff19e13f0d0,4,411.71000000000004,53.0,murcia,vip,102.92750000000001
61856842-046e-414c-bed6-40913708a4df,5,362.27,45.0,zaragoza,nuevo,72.454
618952c2-3dd5-45e0-90e8-46d557962b3c,7,942.28,45.0,zaragoza,vip,134.61142857142858
61944c48-fd3c-43f1-9429-1e81a8d23b5b,11,795.37,44.0,sevilla,nuevo,72.30636363636364
6197bb7b-40b8-465a-9339-c541e445a439,7,458.84000000000003,40.0,sevilla,recurrente,65.54857142857144
61a0785e-6adb-493a-9c27-957d24876ff7,6,751.96,26.0,barcelona,vip,125.32666666666667
61acc4f3-5edf-4aee-9058-62ee1b3c721a,11,1422.4909000000002,22.0,valencia,nuevo,129.31735454545458
61b47674-8de2-488d-9da7-11673410e94f,3,297.57,53.0,valencia,recurrente,99.19
61b831c3-c979-446e-b6fa-b5995cc86dca,1,120.63,18.0,barcelona,vip,120.63
61c309b4-d8b2-4c51-9613-2032c3b6e586,5,462.77,38.0,murcia,corporativo,92.554
61c4c1d7-72c8-4863-8dc2-7e169631f1ef,8,772.24,35.0,barcelona,vip,96.53
61c77fb0-fd44-4d6d-8c6d-52b6654202f2,5,759.84,30.0,barcelona,corporativo,151.96800000000002
61c7c65c-774b-4993-bbb1-84a68822d561,10,1208.77,41.0,valencia,corporativo,120.877
61cc2525-6ac5-4a4b-99fc-d287c8081178,7,480.78999999999996,40.0,granada,nuevo,68.6842857142857
61d555d6-2d12-4694-994f-733e4d2c2546,7,483.69,20.0,granada,recurrente,69.09857142857143
61d83e36-3196-425e-81ff-cdabe0b10a2d,7,759.77,18.0,sevilla,recurrente,108.53857142857143
61ddf992-d86b-46f5-ae3d-e27bd0500c29,7,539.9,18.0,murcia,recurrente,77.12857142857142
61e5cdc8-dfe2-463a-9a43-ad38d0c20d1b,7,1168.47,33.0,barcelona,recurrente,166.92428571428573
61f1209f-159a-4db0-8853-61dc4616dc99,5,461.03999999999996,41.0,granada,recurrente,92.208
61f595a1-8ca7-433e-ade3-1bfb9d1f424b,13,1048.1,22.0,vigo,corporativo,80.62307692307692
61f8e433-6343-4106-b402-58cf94660b76,6,388.45,39.0,malaga,vip,64.74166666666666
61fc56f8-ecc8-4cea-8a78-9957870570f1,9,920.39,37.0,granada,vip,102.26555555555555
62190dcf-2d09-4d66-8056-51fd16b5fafb,8,745.48,59.0,sevilla,nuevo,93.185
621e6f83-c86e-4d39-a5d5-e63a9ea41aa6,10,783.9300000000001,40.0,malaga,corporativo,78.393
621f33ea-2954-49ce-8e28-44cf2e859368,11,1350.46,49.0,madrid,recurrente,122.7690909090909
6236b0bf-403b-4b77-aef6-2a9b1754e603,3,289.31,47.0,granada,nuevo,96.43666666666667
62401b04-2448-4273-ace1-0ea78a33facf,3,303.96,35.0,barcelona,recurrente,101.32
62420459-f440-4f98-97a7-42bd02cfa3d2,8,784.11,52.0,zaragoza,nuevo,98.01375
6249bfcc-347a-4b97-9f10-ccbc0fa082dc,6,886.9399999999999,45.0,sevilla,recurrente,147.82333333333332
624e9467-aa4b-4641-bf91-dd91ffe05f3e,1,59.05,37.0,bilbao,recurrente,59.05
625d7a17-cfbc-40ce-98a7-5be6b7b1631b,11,889.62,18.0,sevilla,vip,80.87454545454545
6263ce6d-8294-4c42-ab4f-ce3eac2d0464,9,862.5,64.0,malaga,recurrente,95.83333333333333
626870e4-8e1a-40f1-bbbe-89a4723994bb,10,866.3,40.0,barcelona,nuevo,86.63
62737ec6-e966-44b2-a628-d479d49d32d6,2,43.91,53.0,sevilla,nuevo,21.955
6289fb74-0d12-4d29-8e69-eaefb55f97b4,5,706.4,55.0,murcia,nuevo,141.28
62959cac-707c-4d28-9d7c-ad4d2cfcae97,5,488.41,39.0,bilbao,corporativo,97.682
62a8e298-52e7-4f04-a3ba-9a6b58dc4550,9,1112.48,36.0,barcelona,corporativo,123.60888888888888
62b17bd9-8297-4fe3-8fb3-40f1ad144dbe,11,873.71,33.0,madrid,nuevo,79.42818181818183
62b22081-b964-4013-aa2d-3269adf6000c,8,518.89,19.0,madrid,recurrente,64.86125
62b53379-504d-4db2-917d-ba4acf257c5e,5,257.7,48.0,zaragoza,recurrente,51.54
62b88a22-11e0-4dc3-b3bf-04333df29bd2,3,285.78,66.0,zaragoza,recurrente,95.25999999999999
62b92bc2-4f8d-479c-abfa-0edef5fae4f3,5,327.61,32.0,barcelona,vip,65.522
62bd2655-4d63-40e1-9cd6-e38d3dde2766,7,650.28,21.0,valencia,recurrente,92.89714285714285
62c6647b-4159-41d1-958b-e46d288e7fc5,8,921.25,63.0,barcelona,nuevo,115.15625
62cd52e2-8a7c-4b38-b0d2-6df4c8f996b2,7,698.98,46.0,malaga,recurrente,99.85428571428572
62d31b7f-3373-4a71-8a69-c8fd785cca48,7,779.99,38.0,zaragoza,recurrente,111.42714285714285
62e09470-e0a5-49b2-9fb4-066dba60a5ec,3,151.15,18.0,granada,recurrente,50.38333333333333
62e3f5c5-72cd-42e1-8360-6173ea6d7906,6,483.68000000000006,41.0,barcelona,corporativo,80.61333333333334
62e81cf1-558c-456f-b340-cde59e33bfa1,5,549.02,27.0,sevilla,recurrente,109.804
62e8c2b6-f5ea-433c-bcbe-1eb76f0bb7a7,1,24.72,40.0,madrid,vip,24.72
62fc8787-1162-43a8-ab1f-dfc3683d7d70,4,205.38,59.0,madrid,corporativo,51.345
62ff8a51-3ee9-4e92-ab6e-60abcaf84b23,7,819.2,38.0,sevilla,nuevo,117.02857142857144
63002bbb-90c9-4bb2-8752-1e0074f8281e,8,743.72,58.0,sevilla,nuevo,92.965
63036dba-371a-45ae-9432-bc274f95648d,8,876.7,37.0,zaragoza,recurrente,109.5875
630fd716-4142-455f-810e-d8e7ddbeaa11,14,1375.33,56.0,barcelona,recurrente,98.23785714285714
63247308-cefa-4c0b-8e68-0837d1951995,9,749.1,31.0,granada,recurrente,83.23333333333333
63299c3e-59e2-4289-9928-110460e06aba,10,1082.74,40.0,valencia,vip,108.274
6334102b-b711-47a8-8b4e-55861a378562,4,788.7209000000001,31.0,barcelona,recurrente,197.18022500000004
6335f388-b682-4078-a5b6-06587a750ef5,9,1175.47,30.0,bilbao,nuevo,130.60777777777778
63476369-ae8d-4edc-91a0-fd6dfa35b1ca,6,407.62,65.0,zaragoza,nuevo,67.93666666666667
634f7fe3-d5e4-4f16-b716-8afe03deefb3,4,244.66000000000003,32.0,valencia,nuevo,61.165000000000006
635c79dd-6ac8-4b29-ae3d-bab697ab4a15,3,285.74,40.0,vigo,recurrente,95.24666666666667
6364103a-4373-4d1e-bc75-e78581fb406f,6,774.88,54.0,malaga,nuevo,129.14666666666668
6366d649-14ae-44f1-b1f4-1323dd6f0aaa,10,1341.66,23.0,madrid,nuevo,134.166
636c7a49-71a6-434d-9cbc-f25041fa7a3c,4,657.8409000000001,61.0,sevilla,vip,164.46022500000004
63727d70-36b3-4ac6-9ad1-84bb959b6def,8,684.65,37.0,vigo,nuevo,85.58125
637ea87f-0a0f-4ecd-835e-4aecb9098ed3,7,1098.45,40.0,murcia,nuevo,156.92142857142858
6380d7c9-acd2-444e-a577-9edbc7f0ee0b,6,326.29,52.0,sevilla,recurrente,54.38166666666667
63850575-9bdd-4bdd-8bf4-40707a93e6f3,2,381.44000000000005,62.0,granada,recurrente,190.72000000000003
638ac519-9f19-4e1f-851b-cc6265b9d974,3,1024.4109000000003,32.0,murcia,nuevo,341.4703000000001
639ef667-4243-4746-bd0a-8710b52932c1,6,592.98,18.0,malaga,nuevo,98.83
63ad3391-3699-4d72-acfa-838bc0ad8c7c,2,67.25,39.0,granada,recurrente,33.625
63c0f19c-dd20-4283-bc61-568d4fc3d8b3,7,782.69,41.0,madrid,nuevo,111.81285714285715
63c92b21-5cc7-437b-9656-39388c51b4ed,5,322.15999999999997,18.0,sevilla,nuevo,64.43199999999999
63cb2fcb-641e-402d-8fab-4fd6ce073fdc,5,286.24,39.0,sevilla,vip,57.248000000000005
63cc2166-a342-4ec4-b4b1-f5688a7e495b,8,543.12,41.0,barcelona,corporativo,67.89
63cf6e43-401f-4615-b77f-1a118db5c0e5,11,876.0699999999999,34.0,bilbao,nuevo,79.64272727272727
63d7241d-a89a-4da6-9333-9bf0cf8fee85,8,759.59,38.0,zaragoza,vip,94.94875
63dc30e1-b454-4b77-b039-b0af61410679,1,41.78,59.0,granada,vip,41.78
63e3a734-0b3f-4f11-9d8c-2ebf3a1bd7f2,7,699.73,46.0,murcia,nuevo,99.96142857142857
63e80a2a-3dbe-4674-bd71-ac4351895785,6,974.2409000000002,59.0,barcelona,vip,162.37348333333338
63fba209-4565-4caf-ac1d-0fab7da54e1f,12,1811.46,49.0,sevilla,nuevo,150.955
63fe4647-fe3b-4436-bb78-b6476eea752b,8,540.56,38.0,valencia,nuevo,67.57
63fef487-22d9-4b5b-b9ed-0865e301b8dd,7,1174.95,45.0,valencia,vip,167.85
640c8c98-979c-49dd-a18e-71fbd78f69f7,5,826.1500000000001,34.0,bilbao,vip,165.23000000000002
64114dc7-b700-4b43-ba56-ced55fab18e1,6,294.99,30.0,barcelona,nuevo,49.165
6414c2f8-280a-47d1-96c6-6291d1d6c8b6,6,616.65,26.0,granada,nuevo,102.77499999999999
642497b0-cb57-4787-ba7b-903a57ff7de9,6,543.73,47.0,sevilla,nuevo,90.62166666666667
642ee2cf-281f-451e-817d-b80e6d6a18eb,4,168.06,31.0,zaragoza,recurrente,42.015
64304af3-70ae-47de-8ca9-d24330db7b48,4,261.54,58.0,barcelona,vip,65.385
64306b41-67fe-46ee-bcc2-7a3ead6f073b,8,1239.74,38.0,malaga,recurrente,154.9675
64361729-a203-496f-81bc-4a938ab22c8c,7,421.59000000000003,47.0,barcelona,recurrente,60.22714285714286
64440ba7-5556-4dcb-8189-eea577eff71e,9,1373.97,34.0,malaga,nuevo,152.66333333333333
64491bab-78d2-41e6-8d36-38a6f62a150c,4,274.53999999999996,47.0,murcia,corporativo,68.63499999999999
645ff412-b6cc-4089-9bbe-9a3495335d57,3,236.05,51.0,bilbao,recurrente,78.68333333333334
6467d795-ee39-44fa-a3da-472b25f97f7b,4,159.37,40.0,murcia,corporativo,39.8425
64764a23-599e-4f26-befc-c3b23b4afe67,2,240.37,48.0,valencia,nuevo,120.185
647b3af8-deb6-4a40-ac31-76c5ff149e60,3,459.18,40.0,zaragoza,nuevo,153.06
6482a6d1-235c-46c6-8044-6bfd4f38dbf6,4,143.43,18.0,vigo,recurrente,35.8575
648a395d-b21b-49be-a1b1-a328c126ac09,8,919.42,25.0,granada,nuevo,114.9275
6490a130-0006-4a82-9bff-a6f4391b492f,4,561.3299999999999,45.0,sevilla,recurrente,140.33249999999998
6490e9df-3586-4e06-b7b5-c2b1b64cff45,10,1049.93,18.0,granada,recurrente,104.99300000000001
64925c73-0112-48e6-bafe-73d13eff1065,6,383.72,26.0,barcelona,recurrente,63.95333333333334
6495f516-9ace-48bc-8445-593336b24528,6,362.12,43.0,madrid,nuevo,60.35333333333333
64a42f12-7a85-4952-9770-6d3d1c821f41,7,814.64,46.0,madrid,recurrente,116.37714285714286
64ae46a8-4234-422d-ad65-e6828d0b0318,10,425.68,36.0,barcelona,nuevo,42.568
64ae6273-7c71-4fe2-9ff8-bee864c62cb6,11,1097.59,24.0,malaga,vip,99.78090909090908
64b0cccf-dd39-44f4-8027-a5c8bb5ddcd5,4,636.34,68.0,granada,vip,159.085
64bbbee9-492b-4170-afe1-cf9a529bc65d,10,1024.89,28.0,granada,recurrente,102.489
64be201d-77fc-4d53-a360-1fe0bf6844ef,5,277.28000000000003,44.0,madrid,nuevo,55.456
64bec8ed-4074-4890-b88f-ec0d60b67cdb,6,975.1309000000002,34.0,vigo,recurrente,162.5218166666667
64c451d5-e607-4fb2-9f13-a3ad47846f3e,3,733.08,41.0,valencia,vip,244.36
64ce77d2-5871-4ebe-95dc-c4e98be02c62,7,866.12,29.0,valencia,recurrente,123.73142857142857
64d2e527-a4bd-4575-a241-8c677586dc34,5,501.66,40.0,malaga,nuevo,100.33200000000001
64dc32ba-bcf8-4dfa-8748-bc68f198bb3e,4,669.84,59.0,murcia,corporativo,167.46
64ee1e11-5eef-48c0-af9f-8b20f4a4fb82,5,486.76,50.0,barcelona,nuevo,97.352
64ee6a51-bc38-4332-91b1-af58aea831fc,8,970.8700000000001,42.0,valencia,nuevo,121.35875000000001
64f9bfa6-b591-413b-8aa3-bee72b81dc27,8,1057.75,52.0,barcelona,vip,132.21875
65179228-16e7-4135-9156-5734b5fb7d68,10,918.0,37.0,valencia,recurrente,91.8
651cc636-9b42-422d-beb6-47e56d5df19b,7,601.3299999999999,40.0,granada,recurrente,85.9042857142857
6521c1e4-48d7-4e44-a046-8cc686880252,2,226.46999999999997,34.0,valencia,nuevo,113.23499999999999
652237fb-0df3-496c-b98e-3c50b5571831,9,919.62,58.0,madrid,nuevo,102.18
652c614a-3ed5-4f61-a986-ee0bd067f4a3,8,1151.52,47.0,valencia,recurrente,143.94
652e0e98-091d-4081-ab23-47ece6700ab8,10,757.98,55.0,bilbao,recurrente,75.798
6538121d-a6a9-4790-a8c5-9b6321585040,9,1433.3,36.0,madrid,vip,159.25555555555556
65385bb3-2787-401d-9d1e-d0a37cb5352d,5,624.11,54.0,madrid,vip,124.822
65409cdc-834e-45e9-9c09-4add0b22c539,12,1077.0,34.0,malaga,corporativo,89.75
65421664-9822-4db4-9cdf-e981b0ae58a3,4,463.12,24.0,zaragoza,nuevo,115.78
65477e7b-b2ae-4363-90ce-a672d05d5a89,3,332.9,18.0,vigo,nuevo,110.96666666666665
654b7e25-9467-4bb4-95e9-4c6aefa021e6,9,741.9,39.0,granada,nuevo,82.43333333333334
654c71e5-eb53-461e-807b-edfc9be312fe,7,1009.23,35.0,murcia,recurrente,144.1757142857143
654c9037-00b4-4169-aace-01f093c9f854,4,445.90999999999997,40.0,granada,recurrente,111.47749999999999
654ca93c-d902-4c5e-ae75-61ac31f8914d,8,723.3100000000001,37.0,bilbao,nuevo,90.41375000000001
655567cf-bf85-40bd-bff3-952435b5c051,7,448.87,34.0,malaga,nuevo,64.12428571428572
65570e0d-676c-4b0c-aacd-a591ba00c269,5,180.77,40.0,zaragoza,corporativo,36.154
65581130-3806-4cf4-9258-9c4907cd1403,8,546.96,59.0,vigo,corporativo,68.37
6561de4a-d5e8-44da-b5bf-dd30515b1f09,9,2219.16,38.0,madrid,nuevo,246.57333333333332
656fb0fc-870a-4c39-be8b-fe0c94142639,10,702.86,45.0,granada,nuevo,70.286
6585fdeb-4065-4044-bcc1-f0a35ae7170a,8,1011.04,41.0,madrid,nuevo,126.38
658e6756-d2a8-46a4-a381-714e083f288e,3,232.49,28.0,madrid,corporativo,77.49666666666667
659c551a-01aa-478c-a968-271ccbd9b3c0,7,484.04,59.0,malaga,recurrente,69.14857142857143
65afecc8-6141-4402-b994-2505eade3c3f,7,612.23,52.0,murcia,recurrente,87.46142857142857
65b64a2f-8808-4f0f-8564-246abad504d4,6,865.66,21.0,murcia,recurrente,144.27666666666667
65c0b7e5-7a78-49da-987e-4c324fe4d229,10,1599.75,18.0,barcelona,vip,159.975
65c0e493-4700-4b58-b1c4-540211e57d06,3,475.96,48.0,barcelona,corporativo,158.65333333333334
65e3d3be-8cf4-4a49-9dcc-2a5133bd922e,4,570.29,53.0,madrid,nuevo,142.5725
65eb2aad-f95f-4d11-bb10-743e842fb018,6,596.62,36.0,valencia,nuevo,99.43666666666667
65f75799-fa42-403a-b13f-ee2e452faae1,9,834.94,28.0,granada,vip,92.77111111111111
65fab8c1-a19a-4017-9047-394aae33e172,7,775.49,56.0,granada,recurrente,110.78428571428572
6619e4b1-b906-4f86-9852-dcbd3a7f99f2,7,641.35,44.0,valencia,recurrente,91.62142857142858
661afee1-163d-4cfb-b9a5-45098fa773da,7,1081.7209000000003,23.0,madrid,recurrente,154.53155714285717
661f4c96-285b-4dbb-be3f-f80d8cdaf01f,3,252.9,66.0,valencia,nuevo,84.3
661fcd77-93ec-4e6c-9719-d1373ae4f2d8,10,811.3000000000001,46.0,zaragoza,vip,81.13000000000001
662888f8-a53d-40cf-a54e-c26c3a334e5c,7,436.9,42.0,sevilla,recurrente,62.41428571428571
66289d5e-f4eb-4dce-8350-f01d6ebce58c,5,623.27,32.0,malaga,corporativo,124.654
6646981e-9838-4e94-aa2b-f6f65b500240,5,294.18,46.0,zaragoza,nuevo,58.836
66521541-3400-4454-8ef1-7ca6717888a9,5,608.28,65.0,vigo,nuevo,121.65599999999999
66608109-196b-43d9-9272-639c653df22b,8,759.8100000000001,37.0,bilbao,nuevo,94.97625000000001
6660c4af-68e7-493d-be7e-11d034ca7d0d,2,194.55,40.0,zaragoza,nuevo,97.275
6661d368-c9fa-4600-910c-05a7842e650d,6,451.08000000000004,51.0,granada,recurrente,75.18
667aa6f2-a8a2-4d62-8779-d41cddee0b3e,4,410.32,33.0,valencia,recurrente,102.58
667f6c7d-f36f-46a3-a48d-d89bca1fe709,4,217.03,43.0,granada,vip,54.2575
66900640-97b3-4c66-9bf3-87d2e2ce61eb,4,221.23,45.0,sevilla,recurrente,55.3075
6698f82c-ad9b-46e8-8d0a-e8d4a3362076,11,900.33,53.0,bilbao,recurrente,81.84818181818183
66a05031-924a-4900-8223-86772ffdf54c,4,510.87,22.0,bilbao,nuevo,127.7175
66a1a110-d502-4c4a-b012-28831bffd567,5,474.42999999999995,47.0,granada,recurrente,94.886
66a37a1e-8dea-4242-afcf-eec63be49818,2,196.82,39.0,granada,vip,98.41
66ad354d-16cf-425b-87bf-38aed1284349,7,846.54,23.0,granada,recurrente,120.9342857142857
66af55c7-0cfe-480a-b486-4d55d3f96bbb,5,529.87,39.0,murcia,recurrente,105.974
66b9596a-425d-45ea-8a58-74b1c7b30ddd,4,369.86,28.0,madrid,nuevo,92.465
66c6e6a3-7003-4125-a42d-ef08beacecbf,6,552.59,38.0,bilbao,nuevo,92.09833333333334
66c78513-06e8-4b15-baa0-ed708ec6299b,5,299.06,49.0,madrid,nuevo,59.812
66c87c1c-da82-4fa7-81c3-63a3cb6dae7c,4,746.62,40.0,sevilla,nuevo,186.655
66c9b602-a521-4291-8f60-c5ef03fb06d1,5,462.35999999999996,40.0,madrid,vip,92.472
66ceeece-c40e-4b03-a218-547fa80a87c0,7,510.74,44.0,barcelona,recurrente,72.96285714285715
66cf65ec-1d3c-4d79-aa42-bebe189fef14,4,185.0,25.0,barcelona,recurrente,46.25
66d03714-f46c-4607-9852-0063e477e54a,10,1002.38,27.0,vigo,recurrente,100.238
66d0cf9d-92f7-4b1e-977f-59f0e51eaba1,6,972.5500000000001,29.0,malaga,corporativo,162.09166666666667
66d46883-1263-489a-92ef-8d908bd922dd,3,488.16999999999996,45.0,barcelona,recurrente,162.72333333333333
66d941f3-930c-4394-8f7a-857d73eba618,7,811.1400000000001,57.0,barcelona,recurrente,115.87714285714287
66e27ed2-7c11-4aba-9473-c23fbd2e4c92,8,457.65000000000003,61.0,zaragoza,recurrente,57.206250000000004
66e7297f-0e7d-41df-b16a-8f0dc2cc83b1,5,586.11,45.0,zaragoza,recurrente,117.22200000000001
66f04597-671f-4c9a-ae53-9a660a7955ed,12,1143.43,38.0,murcia,vip,95.28583333333334
66f4add4-b12f-487d-89aa-a960fd0fbc92,6,558.78,18.0,zaragoza,vip,93.13
66f65c05-9b4e-4216-b273-4fe701882bbe,8,369.23,18.0,murcia,nuevo,46.15375
66fdb93d-2728-46a6-ba0e-a258d328a829,7,547.08,27.0,malaga,recurrente,78.15428571428572
6713ae55-8bb6-4fbc-98b5-34c6e3a38a76,6,1449.4409,18.0,barcelona,recurrente,241.57348333333334
6719da4a-5aaf-40ed-8837-3b6d8b350109,6,480.78,34.0,murcia,nuevo,80.13
67208a29-5650-49a4-8be4-bc8cbfd398a5,8,602.55,41.0,granada,recurrente,75.31875
6728aa37-0a11-4559-89c4-b74686324735,9,749.31,34.0,granada,corporativo,83.25666666666666
6746bca8-7567-406f-9cd1-fd728934d12f,6,283.78,52.0,murcia,vip,47.29666666666666
6757c7b4-eff4-453d-9799-86199fe1279f,6,607.13,54.0,sevilla,nuevo,101.18833333333333
675b5d14-9401-4224-bd1a-9df8f8cb8fa1,6,1408.9809,45.0,madrid,recurrente,234.83015
6764cd67-261b-4bfb-be60-a8971c4795cf,8,812.99,28.0,zaragoza,nuevo,101.62375
6770d2cc-a0a8-48ae-9e6a-a706218df648,9,699.25,22.0,bilbao,recurrente,77.69444444444444
6773ffdd-effc-4882-b5bd-010210db0042,6,1701.21,19.0,zaragoza,recurrente,283.535
67826317-63ad-4023-8760-102a73d3b4cf,11,1835.31,28.0,madrid,vip,166.84636363636363
678ab83b-2f01-4e1b-960a-bf4fbeea58f6,8,1062.08,32.0,murcia,nuevo,132.76
679097f4-dffe-42df-ae52-a1c9732c351d,4,558.27,40.0,malaga,nuevo,139.5675
6794a29d-b32b-4c01-8ba6-a73f8b912f86,8,885.0699999999999,65.0,barcelona,recurrente,110.63374999999999
67a08b92-e16f-4465-9e2f-933218abed35,8,915.88,40.0,malaga,nuevo,114.485
67a2bbbf-9823-476c-a323-072eef63dc99,7,624.03,29.0,madrid,recurrente,89.14714285714285
67aba2e2-eeee-4796-b764-7460050e41a6,3,329.56,23.0,granada,nuevo,109.85333333333334
67b49e45-73c2-43b7-9222-88935f908ab8,6,879.5909000000001,35.0,bilbao,corporativo,146.59848333333335
67b95d02-0ebc-4bd4-a4a5-2363e1726134,7,714.86,36.0,valencia,nuevo,102.12285714285714
67baab7d-ac8f-4378-a224-47e8194ed728,9,793.89,23.0,bilbao,vip,88.21
67d5f798-0343-4e75-b535-443796da6d80,3,392.07,59.0,madrid,corporativo,130.69
67d641c5-edde-4721-a6e1-ca3767bf4c66,10,909.9300000000001,40.0,vigo,nuevo,90.99300000000001
67e808a8-287d-440e-9d46-1326aaf843e2,11,1814.19,34.0,malaga,recurrente,164.92636363636365
680fc017-aadb-43fd-8e59-6111ff894ad1,2,43.7,50.0,valencia,nuevo,21.85
68120bc7-8667-4c42-b671-9c8206e58800,9,1155.82,39.0,madrid,vip,128.42444444444445
68152145-ec1b-4612-ad11-6347c73017b9,6,1030.2709000000002,50.0,malaga,recurrente,171.7118166666667
6818b76e-a474-4534-b06c-6ad9297f6fb9,8,738.3000000000001,26.0,valencia,corporativo,92.28750000000001
681fdeb2-916a-4213-9132-41bbb2faded6,4,207.23,70.0,valencia,recurrente,51.8075
682f533d-ef98-42e0-b84d-886d432f93dd,5,959.3199999999999,53.0,madrid,corporativo,191.86399999999998
68308c72-6cf1-4ca2-ae81-5b1019754b05,3,137.16,40.0,malaga,recurrente,45.72
683d7a2c-2d41-4749-b968-1cec1dc4538b,5,390.89,25.0,bilbao,corporativo,78.178
683db73e-8b56-4da6-828f-04103576c3e3,9,429.01,49.0,zaragoza,nuevo,47.66777777777778
684b460c-9ebc-43f1-9297-b93bc49c07fc,10,516.69,39.0,sevilla,recurrente,51.669000000000004
68509af5-60e6-4327-86f8-ab4484d6ea02,7,513.82,18.0,murcia,recurrente,73.40285714285714
6858c0ab-2dc0-4337-9110-355ce04cedeb,7,622.7900000000001,28.0,madrid,recurrente,88.97000000000001
685d88cc-bd87-4c40-bdc4-8e4d57262979,8,845.41,77.0,valencia,vip,105.67625
6864b321-0fb5-4f71-8196-c547e8ad3faa,3,165.73,22.0,madrid,recurrente,55.24333333333333
6875d59d-a164-4dc0-99a6-24ab5b1fc3ec,7,596.35,35.0,barcelona,nuevo,85.19285714285715
68774e87-a070-473f-a999-79df04ffc3ab,7,684.6800000000001,59.0,barcelona,vip,97.81142857142858
6877c0c9-6131-46b3-9c22-ebd58eede995,8,624.8199999999999,28.0,granada,nuevo,78.10249999999999
6881aca0-f230-4e7c-b1f8-cd15292da78d,4,593.52,19.0,barcelona,recurrente,148.38
6881e9df-0a80-4e74-9522-f7d103779b64,7,549.9300000000001,39.0,zaragoza,vip,78.56142857142858
68a73c79-739f-4b48-9694-364486aa1117,5,452.55,18.0,granada,recurrente,90.51
68abee99-8fd3-4980-8a73-386946d85b7e,11,1323.4309000000003,21.0,madrid,corporativo,120.31190000000002
68b59ec1-c932-450d-8900-5089ec2028b3,4,365.83000000000004,49.0,zaragoza,recurrente,91.45750000000001
68b60335-84a0-4062-8945-06a51e616f24,5,576.76,34.0,sevilla,corporativo,115.352
68b9bd7e-7332-48f1-86fb-a551f8273f4e,6,572.12,62.0,bilbao,recurrente,95.35333333333334
68c6539c-e671-4901-898b-27f7629387d9,7,627.28,32.0,bilbao,nuevo,89.61142857142856
68d303c9-9843-4c7c-8270-42eaf77c415f,5,367.82,18.0,madrid,recurrente,73.564
68d410e0-8ef4-4621-a19b-35d01d0d00ae,8,1494.3899999999999,45.0,zaragoza,recurrente,186.79874999999998
68e2c1c3-c605-459c-8028-eaa1403abaa5,6,827.3109000000002,48.0,madrid,nuevo,137.88515000000004
68f6cfa7-53fd-4df7-8eb3-86d59474cf6b,8,521.24,32.0,bilbao,recurrente,65.155
68fb9c98-be56-4253-920e-d32be341c509,10,1040.6599999999999,53.0,malaga,recurrente,104.06599999999999
690be17f-e102-4293-be08-243c1411526d,3,276.98,54.0,valencia,recurrente,92.32666666666667
6917fa70-bee0-409b-a13f-0121abfed719,8,674.6400000000001,45.0,barcelona,vip,84.33000000000001
6919f0af-f78a-4c51-8a27-1edea41b5f4e,6,531.76,45.0,barcelona,recurrente,88.62666666666667
691a20b0-a250-4be8-92d7-a4f8ec016ab1,10,827.7,41.0,vigo,recurrente,82.77000000000001
691a9d45-826c-4f03-90e1-99b2686aa0af,3,114.08000000000001,42.0,vigo,nuevo,38.02666666666667
691b566f-4080-4fff-b78d-cab3ff8e2833,5,348.47,46.0,madrid,vip,69.694
691bf41a-c9fc-4576-a612-c9fecb66197c,6,670.5,45.0,sevilla,nuevo,111.75
6922b166-2a08-4f17-be7d-64331462cbe2,5,179.53,42.0,granada,nuevo,35.906
693df850-7307-4d92-a08f-ba5d85b45a9d,8,1393.4499999999998,46.0,granada,nuevo,174.18124999999998
6940063b-3d89-40f1-8e85-2c8b1234ae7d,4,277.3,42.0,valencia,nuevo,69.325
69424def-6b6d-49d0-850a-42a96adc4b4f,4,501.77,55.0,sevilla,vip,125.4425
69468a16-701e-4893-8ffd-3f73e6d9b0b1,10,666.95,35.0,madrid,recurrente,66.69500000000001
69510b68-1c87-4002-8fe3-54b8c6e173f5,7,579.23,48.0,malaga,nuevo,82.74714285714286
69514808-27e4-4c85-b299-86744681d89c,5,707.39,18.0,barcelona,recurrente,141.478
695c0d28-5ee6-4624-8345-5076cc892f77,8,849.26,47.0,valencia,recurrente,106.1575
695d2720-cf74-4f02-991a-8aa039861afa,5,743.72,46.0,barcelona,nuevo,148.744
69606a99-8c17-4443-aeea-ee7befe02643,3,148.92,31.0,murcia,corporativo,49.63999999999999
696ef378-f0d5-42c1-b0ef-30047a596ae2,5,633.15,52.0,malaga,corporativo,126.63
696f2d3b-04a1-4df2-af8e-174e902595dd,4,298.89,69.0,sevilla,recurrente,74.7225
697044ce-6614-4ce2-9fb9-d829003addeb,7,619.94,40.0,valencia,corporativo,88.56285714285715
69710b18-676e-4015-9415-42ba8f148bd6,9,1466.9199999999998,23.0,barcelona,recurrente,162.99111111111108
69822a66-f763-44fd-a1f3-41f81b2ee36c,3,380.7,40.0,bilbao,nuevo,126.89999999999999
6983fdec-b118-4a53-aedb-c9f9d632386e,3,214.86,60.0,malaga,vip,71.62
6986820e-e582-4be8-a413-82ce36477933,7,706.52,37.0,bilbao,nuevo,100.93142857142857
69878b97-6a9e-41fe-92e4-f97d956df474,4,640.45,37.0,sevilla,recurrente,160.1125
699eec52-2845-444f-86d8-2170ea4adbc0,3,187.64,23.0,zaragoza,recurrente,62.54666666666666
69aa796c-0b8c-4eea-84de-b2edcbbacb88,4,239.28,44.0,murcia,nuevo,59.82
69ad91ab-9753-432e-9381-afc65d68b113,7,1221.01,20.0,barcelona,recurrente,174.43
69b4caad-1cfd-48cc-bbbd-a94dca549614,4,451.93,67.0,granada,nuevo,112.9825
69ba5ea6-fd94-4f5b-a7cd-a590d11308a9,11,1177.15,20.0,granada,recurrente,107.01363636363637
69bf8f2c-a521-417f-a47c-2978c1953cdc,9,544.8,26.0,granada,recurrente,60.53333333333333
69cd92ac-02c8-418f-ba54-84fc46b06dba,9,1332.37,45.0,barcelona,nuevo,148.0411111111111
69d0dd5f-0fa7-4121-ac1b-05a0b074222c,5,737.99,63.0,granada,nuevo,147.598
69d32316-82f0-4539-98e2-a05126fa5a4d,6,854.46,32.0,madrid,recurrente,142.41
69d87449-d77d-484b-841e-9b1c65cf5ec1,5,514.7,45.0,vigo,vip,102.94000000000001
69dec2e1-3af5-4f81-8394-2421083679ad,9,743.84,44.0,barcelona,vip,82.64888888888889
69e036a3-7028-4e33-b59b-b75a636c59d0,10,1226.29,47.0,murcia,recurrente,122.62899999999999
69e61400-fc37-493a-878f-b5cb34ec9781,10,830.69,66.0,murcia,corporativo,83.069
69e9e591-4eda-4a62-b45d-ff1b9a430df4,6,536.12,33.0,granada,corporativo,89.35333333333334
69f7e6d5-3a63-4dc7-ac84-50438a952b33,5,500.97,25.0,granada,nuevo,100.194
6a10bb03-a519-49fb-b43e-647598ac968a,3,354.75,26.0,vigo,nuevo,118.25
6a122f77-00c1-4ee3-8545-4ed74f360fdd,3,192.98,50.0,zaragoza,corporativo,64.32666666666667
6a22a5cc-bb13-44d8-9a40-64010e76f10d,7,1209.88,29.0,vigo,nuevo,172.84
6a23b294-423f-4683-a3e6-a52ee718de67,4,137.44,63.0,granada,recurrente,34.36
6a244457-3587-4314-a1af-7f7c26eb31e5,12,1374.8,27.0,sevilla,nuevo,114.56666666666666
6a314415-4526-4205-aa7f-e57927415770,5,510.72,39.0,zaragoza,nuevo,102.144
6a32f322-c6d6-4a29-a5da-6626bc1fccb3,8,760.13,26.0,sevilla,recurrente,95.01625
6a33b0ec-9a8a-42c3-93eb-1db86606dea4,6,530.69,47.0,barcelona,recurrente,88.44833333333334
6a4c041c-a2bc-4092-8244-9b5022cfa152,3,334.63,40.0,barcelona,recurrente,111.54333333333334
6a6a5d81-be7d-4aff-b6ac-607ed0dd8ab9,14,899.57,57.0,granada,nuevo,64.25500000000001
6a704593-44ce-4dc5-ba78-53efaf16ef61,7,942.13,31.0,bilbao,nuevo,134.59
6a7306fd-4cbd-4e97-a94b-62ea56253934,4,500.15999999999997,35.0,granada,vip,125.03999999999999
6a79c716-6a8e-4434-a4b1-ff3a4a44d094,3,610.19,61.0,vigo,recurrente,203.39666666666668
6a7e55dd-3144-455d-aea9-6ae23bb735c4,10,996.15,67.0,valencia,recurrente,99.615
6a83c22c-c0b9-4bb7-842f-e175a18ca5b1,8,1244.21,26.0,malaga,corporativo,155.52625
6a8589ec-6c7b-44fd-af40-4b7e2b879e9d,4,619.7,42.0,sevilla,recurrente,154.925
6a9056af-8f5d-4772-ae6d-4c1e682c702e,9,1447.08,39.0,bilbao,corporativo,160.78666666666666
6a972d42-d790-447b-8090-4aa56d1b6b54,6,385.64,29.0,bilbao,corporativo,64.27333333333333
6a994806-d8e9-4448-9377-8bd984dacd85,6,837.14,46.0,malaga,recurrente,139.52333333333334
6a9f8bc5-e047-44af-8b15-ed726678c2cc,6,399.09000000000003,34.0,malaga,nuevo,66.515
6aabc1a2-6be7-49b8-b4ff-76b8a9700833,6,609.89,29.0,granada,nuevo,101.64833333333333
6aadcfb3-15d9-48a1-b05f-03da87778a19,7,1141.25,27.0,barcelona,recurrente,163.03571428571428
6aadd3e5-342a-431d-ad0f-e0293ab644f9,9,1067.56,50.0,barcelona,recurrente,118.61777777777777
6ab02bf2-7438-4377-b6f9-b6b54848dd0b,11,1003.8399999999999,48.0,vigo,vip,91.25818181818181
6ab1c5c2-5c3c-4055-810d-267128349d3d,8,605.09,38.0,murcia,nuevo,75.63625
6ac3db09-9bfa-4cf6-9be9-6a42dc399304,11,1105.86,50.0,granada,nuevo,100.53272727272726
6ac6497c-fee4-4d41-a403-2bf95b8a5b5d,12,1155.57,49.0,barcelona,vip,96.2975
6ad4961d-d61c-427c-a5b4-43ff62ca2eb7,5,740.3209000000002,47.0,madrid,recurrente,148.06418000000002
6ae37b98-a198-4853-95f8-bd095555f902,8,691.5799999999999,25.0,zaragoza,vip,86.44749999999999
6ae9ac13-a7e5-46c6-9d86-111f8ef4bead,7,526.54,36.0,bilbao,recurrente,75.22
6aed9c53-f524-4d9f-889f-cf2548600dae,8,830.6700000000001,25.0,barcelona,vip,103.83375000000001
6af18322-7034-4a56-a9fb-e6d805b8197e,3,96.78,50.0,barcelona,recurrente,32.26
6af6ff50-eb78-4f04-8b2f-28a005edf86e,11,1529.9409,40.0,barcelona,recurrente,139.08553636363638
6afb603c-3c0a-42d1-9377-2d97de9281ac,12,1331.53,73.0,zaragoza,nuevo,110.96083333333333
6afebbfb-bb19-486b-a972-164adeb203ee,13,1050.49,46.0,malaga,recurrente,80.80692307692308
6b0424f9-4ee2-43ed-9a1d-06079d160214,8,611.65,24.0,madrid,nuevo,76.45625
6b086e58-178d-4565-a68c-4e37d43bfd69,6,511.86,46.0,valencia,vip,85.31
6b1465a4-31f9-4ffd-b4de-5438541d0938,13,1398.5709000000002,18.0,valencia,corporativo,107.58237692307694
6b1738ed-b2c6-4f69-bdcc-f635708b7581,2,149.89999999999998,58.0,bilbao,recurrente,74.94999999999999
6b1eb2e0-75b0-4924-953e-3d237412ab46,4,396.13,49.0,malaga,nuevo,99.0325
6b25f8f0-9f66-4519-91d2-ee9708e45727,8,675.84,45.0,bilbao,nuevo,84.48
6b38ab89-f68a-43eb-a7a7-e7c568e7f197,9,730.39,41.0,valencia,corporativo,81.15444444444444
6b39dac9-33cb-479e-9ef3-67780193f0a0,9,600.94,49.0,barcelona,recurrente,66.77111111111111
6b3d4821-3471-40e2-94e2-e98cdd8d9fdf,3,197.57999999999998,31.0,valencia,nuevo,65.86
6b452cf6-8403-44da-a468-497935651e0a,7,702.47,35.0,bilbao,nuevo,100.35285714285715
6b4724f0-d1fd-406d-8b2a-89f74dc9cf81,5,231.01,40.0,murcia,corporativo,46.202
6b4767c2-93ca-47c2-b87e-6e524b59c031,7,880.1600000000001,36.0,zaragoza,nuevo,125.73714285714287
6b502327-8d28-4eb9-8c2b-56cc7a2e4a6e,8,1044.33,33.0,granada,recurrente,130.54125
6b56b716-a756-4766-9cd3-47cd956070fc,9,1094.42,19.0,valencia,nuevo,121.60222222222222
6b5d835c-523b-45ab-ba5d-ad4687ac08ca,5,424.55,47.0,sevilla,nuevo,84.91
6b6a7fc2-f7cc-4efc-820c-414148dea099,4,832.5,44.0,sevilla,recurrente,208.125
6b74f172-4689-4c55-94f3-c78323315bb2,8,1672.3709000000001,30.0,valencia,nuevo,209.04636250000001
6b7c00df-ad5d-4209-b059-0e67a1795811,7,723.6,37.0,malaga,nuevo,103.37142857142858
6b852bde-4426-4e5b-a0c7-b36a294c8700,4,487.2,62.0,zaragoza,corporativo,121.8
6b903ef3-fbcf-4e0e-b297-14cac8b2ca45,3,573.35,42.0,barcelona,corporativo,191.11666666666667
6ba99f0f-b646-4c45-aeb1-d34b82ac3015,10,1282.82,54.0,bilbao,nuevo,128.28199999999998
6bac24ea-def2-49ca-b096-61c1c4f8c6b8,6,522.66,43.0,zaragoza,corporativo,87.11
6bbd8798-be1a-44e8-aad1-837e10d185ec,4,310.87,43.0,barcelona,nuevo,77.7175
6bc2ff32-2986-4549-aa4f-76306d24697a,9,739.8199999999999,39.0,granada,recurrente,82.20222222222222
6bc3ff00-df4a-471b-9bb0-082524756894,7,521.73,31.0,murcia,nuevo,74.53285714285714
6bd1d8c7-e8c2-4bcb-a816-9ab0341639c7,10,1018.59,36.0,madrid,nuevo,101.85900000000001
6bd45530-6267-4de3-bf52-64ef1bf8fd9c,8,642.07,22.0,valencia,recurrente,80.25875
6bd935aa-aaf0-4f6a-8f35-a5749b28659f,3,137.41,30.0,granada,recurrente,45.803333333333335
6bdb2e6f-1e26-45db-8f03-6244ac6d2cbb,2,104.37,52.0,granada,corporativo,52.185
6bdf936c-e630-4d53-8541-0b86dd8ae696,4,343.23,40.0,barcelona,recurrente,85.8075
6be0d872-fcd8-4b44-96ee-b133fa38b55b,4,634.23,22.0,granada,nuevo,158.5575
6be34aa1-4d9b-4fee-9fc1-6d665f2fdcc6,7,1214.9809000000002,37.0,malaga,nuevo,173.56870000000004
6be355f1-4398-4208-a8e4-08d76489f589,8,796.13,33.0,barcelona,recurrente,99.51625
6be5bf85-a372-473a-9456-5eccc25292ac,4,369.55,29.0,zaragoza,nuevo,92.3875
6be9e210-0fb6-4da8-a886-8fb43827f957,10,794.49,47.0,vigo,recurrente,79.449
6bec4110-cc51-4b9e-a87a-6d4072fa9e78,8,806.99,18.0,sevilla,recurrente,100.87375
6bfaa9da-c51c-4e03-8913-ac291cc3f58b,4,247.79,25.0,bilbao,corporativo,61.9475
6bfccaa6-5bc8-4526-94d9-241b6fb9eea0,9,654.75,51.0,murcia,nuevo,72.75
6c0844bf-4451-44bc-861b-8c4eae47aa35,9,1174.89,47.0,zaragoza,nuevo,130.54333333333335
6c18b476-9916-4818-a831-20d0bb8edd4d,8,764.52,31.0,madrid,recurrente,95.565
6c1ba6c6-2efb-400a-b3e7-2529ad9ed6c6,11,1115.1100000000001,18.0,granada,nuevo,101.37363636363638
6c1bae5c-118c-43ea-85e0-664dd48bdc86,6,652.44,45.0,malaga,recurrente,108.74000000000001
6c230814-08ef-4dce-886a-e17e725ff3a9,4,270.67,59.0,barcelona,nuevo,67.6675
6c365373-42f7-4ebb-9008-fc9f90245043,9,883.26,52.0,murcia,recurrente,98.14
6c388960-4d51-4ee0-8d1d-97821eab7fe3,12,969.96,32.0,valencia,recurrente,80.83
6c4ef89f-5c0d-46df-8129-8489d54d69ad,7,554.39,69.0,valencia,nuevo,79.19857142857143
6c569a23-ebeb-4bde-bb76-68996f7d0464,9,748.52,53.0,sevilla,nuevo,83.16888888888889
6c5b274e-813d-4d49-9473-0978e10f791a,3,172.49,61.0,bilbao,nuevo,57.49666666666667
6c695718-91ed-4187-ac66-7c55a8771034,3,258.64,23.0,bilbao,recurrente,86.21333333333332
6c805437-317d-449a-8617-b01d1a809e8d,9,556.11,33.0,madrid,recurrente,61.79
6c9069c3-6ff5-4a80-b690-626cf3218e81,9,885.0600000000001,35.0,bilbao,corporativo,98.34
6c95e9ad-1c79-4c33-91cb-363f0004a9a1,6,687.29,39.0,sevilla,recurrente,114.54833333333333
6cab2bf9-b714-42b8-a573-7159f4ace519,6,950.06,31.0,vigo,corporativo,158.34333333333333
6cacb078-296e-4481-a07f-f00629c14d3b,4,551.0,23.0,madrid,corporativo,137.75
6cb06ab8-8715-4bff-98c5-a167e818265d,6,524.1800000000001,37.0,zaragoza,recurrente,87.36333333333334
6cc121f8-3135-452b-b266-0e0c7b7604a0,7,864.75,40.0,valencia,vip,123.53571428571429
6ce4fe10-3a3f-42ba-9a4e-39598a925e50,10,799.94,37.0,vigo,recurrente,79.994
6d08eb9f-cf15-4994-848d-73042bcbc442,8,727.16,23.0,bilbao,corporativo,90.895
6d0d0eaf-9c00-482b-9656-095b1a5446d3,6,836.8199999999999,20.0,barcelona,recurrente,139.47
6d19c2b5-2102-487b-9a84-3977d910afe9,7,587.26,40.0,sevilla,corporativo,83.89428571428572
6d276143-0976-43c2-b3b1-813233a39991,3,168.17000000000002,60.0,bilbao,vip,56.05666666666667
6d2d941d-e261-431f-9d8b-e02513c21875,7,861.71,34.0,sevilla,recurrente,123.10142857142857
6d2f7f60-e8e8-4e93-8d16-9566e1146625,3,145.65,41.0,zaragoza,recurrente,48.550000000000004
6d314309-a023-42ba-8a1c-8c1e0fbf50ee,5,812.72,46.0,bilbao,vip,162.544
6d388555-a237-49fa-8fac-82dcdcd5aa04,5,403.23,40.0,madrid,corporativo,80.646
6d5acb0a-c4c1-42d6-915a-24319ffb173a,8,1246.7,20.0,sevilla,vip,155.8375
6d5c73f0-0636-4174-ac3c-c22f752d4fb3,11,1302.21,51.0,sevilla,recurrente,118.38272727272728
6d6ce0e6-12af-450c-8a5d-738081c23ce5,9,1064.7,35.0,zaragoza,nuevo,118.30000000000001
6d7414f8-3ee6-4c84-8482-f1a76ee22967,5,540.39,40.0,zaragoza,nuevo,108.078
6d8659de-c41a-4de1-ab3f-a641bccb0902,3,131.15,39.0,valencia,nuevo,43.71666666666667
6d8a85f4-8a37-40b5-8a16-9c100529736e,4,513.6800000000001,47.0,barcelona,nuevo,128.42000000000002
6d8f6083-06b1-4a03-88f9-67e2a1dde450,7,1288.03,49.0,granada,vip,184.00428571428571
6d92c67e-6447-4882-a8c4-33382332a90d,5,379.08,55.0,bilbao,recurrente,75.816
6d9ced61-b85b-493a-b24e-3982643faf57,12,1509.08,39.0,valencia,corporativo,125.75666666666666
6db6995b-9633-4ba3-8f31-c4e429c36c57,7,721.19,64.0,zaragoza,vip,103.02714285714286
6dc48156-8007-469d-bc88-b347537e5217,9,772.3100000000001,53.0,sevilla,nuevo,85.81222222222223
6de836e8-0279-48a5-b1cd-4112abd53ea0,6,855.87,50.0,valencia,vip,142.645
6e00dd99-7149-4766-8b8f-408887d84c3a,9,821.56,18.0,madrid,nuevo,91.28444444444443
6e039cda-c912-4dda-95d8-a0a8490d6931,7,746.92,48.0,malaga,corporativo,106.70285714285714
6e078e86-5d6a-40c5-9be1-2eaa8c4a99fe,5,276.78,48.0,bilbao,vip,55.355999999999995
6e07c9fe-7dd5-42e8-a971-8d9cb37a20eb,3,257.16,20.0,murcia,nuevo,85.72000000000001
6e22e50f-f0fc-4f3a-b743-f83bc3b66796,8,739.23,61.0,sevilla,recurrente,92.40375
6e27429d-bcc2-4e81-9805-4493dbc1d3fe,5,472.56000000000006,40.0,zaragoza,recurrente,94.51200000000001
6e27e0a0-8e02-433d-871c-f29bff6f5ea3,8,977.6899999999999,34.0,barcelona,nuevo,122.21124999999999
6e32e50c-6129-46a2-aa1a-6dca4a69dcf2,5,927.54,44.0,zaragoza,nuevo,185.50799999999998
6e3b8b83-7ecc-4f2a-9426-df9cb64159f0,6,546.39,32.0,granada,nuevo,91.065
6e3ca82a-ad44-421e-9254-6a1f74c49d08,7,1038.4909000000002,42.0,sevilla,nuevo,148.3558428571429
6e468fc5-ea43-45ff-a30e-75148864a553,5,331.17,35.0,zaragoza,recurrente,66.23400000000001
6e4a08df-20d5-47bc-9436-67bb874d8eef,8,547.41,40.0,barcelona,nuevo,68.42625
6e4f4b6f-1d7a-42d2-a341-676f61bdf866,8,639.9300000000001,37.0,malaga,recurrente,79.99125000000001
6e53b1af-e26a-4780-9501-6560c498b502,6,413.03,33.0,sevilla,nuevo,68.83833333333332
6e669083-920a-4c04-bf53-c8e206bbd178,8,1034.19,45.0,bilbao,nuevo,129.27375
6e6f98ed-f8a6-41df-a667-a9e8e179de55,4,434.31,62.0,valencia,recurrente,108.5775
6e7553ea-8374-4bd7-8d5d-cfe50bd96418,6,770.42,43.0,granada,nuevo,128.40333333333334
6e7915d1-2e82-4052-881e-9f615f4f4d07,3,372.51,40.0,vigo,corporativo,124.17
6e7ae2a7-1ddc-4ac5-b394-0de7d40d3e9e,3,196.26,18.0,zaragoza,recurrente,65.42
6e84804f-2eb7-4b81-89ec-4828dccc01a9,6,570.26,44.0,zaragoza,recurrente,95.04333333333334
6e99c240-972a-434c-9d47-c78977e2f4fc,8,764.21,40.0,bilbao,nuevo,95.52625
6e9e7ac7-bf83-4b71-b3c4-65616f1531ff,7,650.6099999999999,43.0,malaga,recurrente,92.9442857142857
6ea25088-ec38-4be4-862e-251bbcb8e4e5,6,338.4,51.0,bilbao,recurrente,56.4
6ea2a044-cf08-4315-b11c-892080e89047,9,717.07,65.0,zaragoza,vip,79.67444444444445
6ea89e01-0015-43c4-ac6b-7fdd66a68213,7,924.5300000000001,18.0,malaga,recurrente,132.0757142857143
6eab86a9-71fd-447d-99e6-d014481a40d5,9,1093.25,27.0,bilbao,recurrente,121.47222222222223
6eabc75a-536c-42e2-875b-9ef97896bcaa,5,909.95,22.0,granada,recurrente,181.99
6eb2cf1c-d08e-48bd-bf0b-7aaf96dedb68,4,819.3199999999999,46.0,barcelona,recurrente,204.82999999999998
6ec2e9b3-604c-434a-b7fe-a3a6b6b1a207,4,431.87,72.0,zaragoza,nuevo,107.9675
6ed3e5c7-7791-445a-acc4-7028b22bd108,4,389.95000000000005,46.0,murcia,nuevo,97.48750000000001
6edf4175-88b5-4616-8f99-3dc552e9f65f,11,1110.23,31.0,murcia,nuevo,100.93
6ef07c2f-3515-4884-b5b7-b52f993503a8,9,710.35,45.0,zaragoza,vip,78.92777777777778
6ef76834-5f11-403f-a5a9-f4030a9e3fac,11,955.86,53.0,malaga,nuevo,86.89636363636363
6efdeb2a-74eb-4343-a734-ad790f2851a8,7,413.34000000000003,36.0,vigo,vip,59.048571428571435
6f0a5833-b92e-456e-b6fd-bb8a1f6a24b7,7,847.85,28.0,madrid,recurrente,121.12142857142858
6f0ab530-d92e-479b-a22f-81198bc092dc,7,617.39,28.0,granada,nuevo,88.19857142857143
6f18d6b9-7211-4618-af7e-e94f4edd8c8a,7,552.0,45.0,barcelona,recurrente,78.85714285714286
6f1ea416-c0a5-4d3a-9d38-11d62488ad8f,8,761.3100000000001,40.0,murcia,nuevo,95.16375000000001
6f1ff384-6bda-450b-a4b7-2891d7835515,5,438.93,31.0,barcelona,nuevo,87.786
6f228191-1855-4993-9cc1-a4afa24c1ad4,8,790.32,32.0,zaragoza,recurrente,98.79
6f251944-fb64-4726-9d8d-de878f728190,5,618.83,31.0,sevilla,recurrente,123.766
6f2908f1-a0ad-44b5-b59e-750667479d73,5,395.98,40.0,madrid,recurrente,79.196
6f30f58b-aede-4c3b-9bc4-7c6dc09d0dd6,5,609.92,47.0,barcelona,nuevo,121.984
6f3d58b3-8c51-4df9-b364-02b62d1b4554,11,695.72,51.0,vigo,recurrente,63.24727272727273
6f595c4f-5faf-433a-8feb-9f0801a6551f,6,786.58,37.0,malaga,vip,131.09666666666666
6f598d72-cb0d-4196-9a07-2763838301fc,6,1042.3909,31.0,vigo,nuevo,173.73181666666667
6f5c119f-8839-4e9b-82a6-408449f203a4,4,206.02,40.0,murcia,recurrente,51.505
6f5e0fe3-3f3b-41dd-a981-7895426a6adf,8,849.8499999999999,47.0,barcelona,corporativo,106.23124999999999
6f8d847f-0ad3-4185-a05d-7d59823ed6a7,2,247.28,33.0,vigo,corporativo,123.64
6f9b2b27-b43c-4c3b-8394-0eba32d40397,8,773.51,57.0,zaragoza,recurrente,96.68875
6faa0ffb-75ee-4216-931a-2099918d46f3,14,1984.09,43.0,malaga,nuevo,141.72071428571428
6faabcd6-5e0d-45f2-80fa-8a4a2c354f3b,9,510.09,50.0,barcelona,nuevo,56.67666666666666
6fab4e9c-547f-4dd0-a1a5-cd6bc94753e5,11,1815.56,35.0,bilbao,nuevo,165.05090909090907
6fc6aa39-6375-453b-a47a-c3dd0b1d26c0,8,1607.0009000000002,45.0,murcia,recurrente,200.87511250000003
6fd55acc-011f-446e-879d-7231a230ae25,10,1111.22,44.0,barcelona,corporativo,111.122
6fdba8fa-b12a-49ea-ba34-98a72d8193d7,7,888.53,32.0,zaragoza,nuevo,126.93285714285715
6fe7a0cf-fd5b-4f91-be37-926f2118e833,4,655.6700000000001,58.0,valencia,recurrente,163.91750000000002
6fee1bf0-cb4d-44bb-b313-ca773e13fce6,8,747.09,40.0,murcia,nuevo,93.38625
6ff6645a-1696-42b8-93fb-f66b84460db5,9,730.85,47.0,bilbao,recurrente,81.20555555555556
6ff71a23-4d51-4073-b9c9-0d237f2a562c,8,827.11,35.0,bilbao,nuevo,103.38875
6ffa6b57-dffd-4ece-8e12-ac746fbef30a,9,1006.97,24.0,murcia,recurrente,111.88555555555556
70069fd0-2ab5-4b0c-be22-9c15355da7c8,10,992.49,37.0,malaga,nuevo,99.249
700f7689-4a29-4573-8d89-41fd70685567,4,291.74,40.0,bilbao,vip,72.935
7016b6cd-ad8f-4780-a23d-b039502f84b5,5,811.1509000000002,25.0,malaga,recurrente,162.23018000000005
701ba232-a381-4bfc-b8ba-1633e79e442d,4,437.52,50.0,vigo,corporativo,109.38
701e0b23-b79a-4675-b954-e54d51529175,6,576.36,26.0,malaga,nuevo,96.06
702692f0-04b4-4350-a375-fc42e9faeca8,4,625.64,53.0,malaga,recurrente,156.41
703c3bf2-3ed9-40a0-b778-71e8df51dc0f,5,513.78,50.0,barcelona,recurrente,102.756
70587a6e-eb1e-4218-ad51-fa8964064072,4,154.41,47.0,valencia,nuevo,38.6025
705ab3a5-2d87-4809-8353-f040304197b8,8,968.62,32.0,madrid,recurrente,121.0775
705fe4d5-30a4-4fa5-ab3a-98950042a8f4,4,488.05,41.0,barcelona,vip,122.0125
70605d71-ea11-40f1-a3d6-9786ddc648d8,3,217.07,34.0,sevilla,vip,72.35666666666667
7066cdf2-36ef-4a6e-9a63-bc7103b858fb,6,522.96,51.0,vigo,recurrente,87.16000000000001
706ac203-029c-4e2d-910b-87f5840c4389,7,704.34,39.0,malaga,nuevo,100.62
706d178e-58ed-4b6d-b6fb-d23239fb7cb9,3,148.45,18.0,barcelona,nuevo,49.48333333333333
7070b6ec-47b1-4d83-bca7-99d80a37bd10,10,1369.53,39.0,barcelona,recurrente,136.953
70712a46-9fa3-4a99-bf41-990e9e2a6c67,7,960.6409000000002,52.0,murcia,nuevo,137.2344142857143
708b8ef7-2485-40c4-9477-b8a14f6fcf25,2,362.89,18.0,zaragoza,recurrente,181.445
7091c53e-bd69-4888-a3eb-8708bd34591c,2,162.35000000000002,24.0,madrid,recurrente,81.17500000000001
709c38bc-9340-42cb-8b42-9c361d1e9565,2,392.84,44.0,vigo,vip,196.42
70a09af8-45ad-42a0-838c-e2ec4a484a87,9,759.29,56.0,malaga,nuevo,84.36555555555555
70a8d964-86ef-43b0-8795-a43d7de34f94,5,481.78999999999996,67.0,bilbao,recurrente,96.35799999999999
70ae1862-9817-4f9c-ac0e-4bdc83233067,3,149.47,41.0,malaga,vip,49.82333333333333
70aff424-8f37-4fa6-a779-1d45ff4e0e77,7,1134.01,40.0,vigo,corporativo,162.00142857142856
70b5fd05-7bee-4eef-b7a5-4459d47f2f00,9,1325.0309000000002,52.0,vigo,vip,147.2256555555556
70b6f915-0b9a-4136-91e3-056f9c2c5766,7,737.33,18.0,sevilla,recurrente,105.33285714285715
70bd0133-01a0-4e93-9753-59abc4840b90,6,616.9000000000001,18.0,zaragoza,recurrente,102.81666666666668
70bf33d8-fd30-4ac9-bec7-c3e361e951ac,7,630.9000000000001,52.0,bilbao,recurrente,90.12857142857145
70d54591-3723-4777-89c1-e7c1320b765d,5,342.62,26.0,bilbao,recurrente,68.524
70d6f650-e060-4796-9615-b1e4b6fa4ae0,6,522.6600000000001,20.0,zaragoza,vip,87.11000000000001
70dd5d87-5036-4072-82ce-54718d004fd1,4,239.48,35.0,vigo,recurrente,59.87
70f840bb-9298-4106-81e6-cbc8fb118c85,5,550.5799999999999,34.0,granada,recurrente,110.11599999999999
70fd8e70-2113-4f5a-a782-c3397fe6f7ba,7,600.51,47.0,bilbao,corporativo,85.78714285714285
70fdf52a-7f5a-40de-908f-65dbc9b06716,4,192.51999999999998,52.0,zaragoza,vip,48.129999999999995
7100b210-66bd-4a2e-95ee-763bac7630a8,10,687.6,58.0,bilbao,nuevo,68.76
710a17c9-4c5a-4fe6-b343-4648552f44e0,6,508.53000000000003,32.0,zaragoza,recurrente,84.75500000000001
710b0def-1a99-4968-a9a5-4584016d0aa2,4,258.83000000000004,45.0,madrid,recurrente,64.70750000000001
710ffdf0-a773-49b4-857a-df3a46dc3c3c,5,402.84,48.0,granada,recurrente,80.568
7111be28-4780-4d11-a58e-57236a834677,9,956.06,38.0,murcia,recurrente,106.22888888888889
7116298f-134b-4872-abca-dc0b66b4f70f,9,510.52,52.0,bilbao,nuevo,56.724444444444444
712b7b49-a216-441b-a3e5-98b04c26f2b6,7,832.23,49.0,murcia,vip,118.89
71396e52-9f63-4b03-bea5-8f7373bfc021,8,965.81,48.0,zaragoza,vip,120.72625
713afe62-34d8-4bea-96a8-dca8412dcc16,8,962.1700000000001,31.0,barcelona,recurrente,120.27125000000001
713d3a81-6666-4d52-bf3c-b07e0064f5b2,2,52.269999999999996,50.0,vigo,recurrente,26.134999999999998
713ebae7-9324-45e3-8811-f9dbed9a487f,7,1144.76,40.0,murcia,vip,163.53714285714287
7142ab32-8877-4080-acc8-fa91e7fa686c,7,544.35,37.0,valencia,nuevo,77.76428571428572
714cdd1f-b128-45e4-8713-c6d7a69b4208,3,339.67999999999995,42.0,valencia,nuevo,113.22666666666665
714fae9b-c2f1-4fe2-94bd-d54ae6ade50b,4,534.0699999999999,43.0,madrid,recurrente,133.51749999999998
71512a62-aabe-44d5-84b1-f2487e78add1,11,1558.0309000000002,40.0,sevilla,nuevo,141.63917272727275
715df4ee-e1b0-4025-a2ac-15268bea60a1,7,1037.06,18.0,vigo,nuevo,148.15142857142857
715e79c1-2ac7-440f-ac69-644c80d4b91a,2,303.13,39.0,murcia,corporativo,151.565
7167f3ba-9781-4fc4-ad7f-0eeadfe27f84,6,410.70000000000005,42.0,murcia,recurrente,68.45
71692262-bc0d-4865-99db-f340ced84f52,13,765.26,53.0,murcia,recurrente,58.86615384615384
71704c68-ead4-4205-b568-491fc67445ac,12,945.58,35.0,bilbao,corporativo,78.79833333333333
717170c1-feda-4a17-b73d-6da5b0258bfe,8,1204.0009000000002,39.0,vigo,recurrente,150.50011250000003
717176f9-e60d-4fa3-9052-b1b424788edb,6,759.0500000000001,41.0,zaragoza,nuevo,126.50833333333334
7172bc57-9dac-4644-84bb-ab169b0243ed,5,352.56,40.0,malaga,recurrente,70.512
71767382-0c07-48e2-95ff-f795425766a6,4,341.21,19.0,granada,nuevo,85.3025
717b1c03-e89c-4bac-b76f-c703162ced26,6,480.12,30.0,malaga,recurrente,80.02
71813dca-cd3e-4c64-b64d-b1fe0c327395,11,707.29,48.0,murcia,vip,64.2990909090909
718bb805-e2ef-4155-a090-a3fc5a0ab8c9,8,863.02,45.0,madrid,nuevo,107.8775
718d5dfe-0e2a-4c44-afc8-caada12ed325,3,408.86,38.0,sevilla,recurrente,136.28666666666666
71919413-47f9-4e8c-a351-b5a14ea2fffe,4,356.06,31.0,madrid,nuevo,89.015
7194d664-6329-42d4-83f8-1f409360e431,8,634.4,39.0,bilbao,nuevo,79.3
7195eb98-1e2b-4aaa-a93f-62eb36d62bcb,9,1369.1809000000003,32.0,murcia,corporativo,152.13121111111116
719646e7-2a2c-484c-9079-78df47b2e335,5,274.34,40.0,sevilla,recurrente,54.867999999999995
71968439-d3d8-48ab-8a48-57aac8520bea,2,225.67,25.0,granada,recurrente,112.835
71a57ae4-9697-494a-9fc8-979026e8fab3,9,1420.23,30.0,malaga,nuevo,157.80333333333334
71a86bbc-8a7e-45b6-8705-f8e813d7e419,3,275.33,27.0,bilbao,nuevo,91.77666666666666
71a9c4a1-6c15-4066-9c6a-5331917b734b,9,941.11,27.0,vigo,vip,104.56777777777778
71aa540c-aafc-488b-a00a-a1f911f832e9,9,879.09,29.0,bilbao,recurrente,97.67666666666668
71ad6b0d-e42f-4917-bd1a-d1d8f448aeba,8,834.83,47.0,valencia,corporativo,104.35375
71afff35-b87b-4b1d-89f6-a8cae17c6f28,9,640.05,63.0,vigo,recurrente,71.11666666666666
71b72a5c-bb70-420a-b5bd-7e33ab9a2f86,11,1173.56,54.0,madrid,recurrente,106.68727272727273
71b9f5be-f410-4376-89bc-ec7f425c5ea1,9,1031.56,49.0,sevilla,recurrente,114.61777777777777
71be9d35-0e6a-41f0-aa58-aef4f0944e8e,9,958.6600000000001,47.0,valencia,corporativo,106.51777777777778
71c24934-5a50-425d-b224-34c495d1c3b9,5,662.1209000000001,45.0,vigo,nuevo,132.42418000000004
71c6d6b5-7288-4886-9785-1dd7eda9ef62,7,609.74,44.0,murcia,nuevo,87.10571428571428
71d384a7-5979-478e-aa51-db7c85f2ddfc,10,916.43,33.0,bilbao,recurrente,91.643
71d4014b-5ad7-46ab-a95a-64f1d513ecc7,7,684.37,19.0,valencia,nuevo,97.76714285714286
71f1f899-5931-40d7-a92d-7d023a07f3c2,6,542.86,32.0,madrid,corporativo,90.47666666666667
71f369d3-2aa7-4b9a-aafb-d81957b64625,11,628.62,20.0,bilbao,recurrente,57.14727272727273
71f5b3da-4abe-43f4-9344-ddf033393b07,3,386.42,40.0,valencia,corporativo,128.80666666666667
720393a7-f287-4262-a4a6-f069bb58ce63,6,785.89,40.0,zaragoza,nuevo,130.98166666666665
7216bd9e-a1cb-4a2b-9bc9-90f6640668ab,3,147.25,24.0,sevilla,corporativo,49.083333333333336
72208eb8-f8b1-4976-8987-1e9c2f8c06df,8,635.03,30.0,murcia,nuevo,79.37875
722356af-2f9d-4d9e-b795-72fbc2e3e508,5,464.61,45.0,madrid,vip,92.922
7229dce0-9e12-4fea-9011-7baa1696dfe9,12,952.69,23.0,vigo,corporativo,79.39083333333333
722fd607-1580-4a94-a5bd-398cf805003e,6,385.13,45.0,vigo,recurrente,64.18833333333333
72407e5e-ca16-4051-a971-a3e7ab0a1cb0,8,843.3000000000001,22.0,valencia,nuevo,105.41250000000001
72436c85-f245-4c6d-a9b3-e05fe5f28874,10,1327.78,54.0,malaga,recurrente,132.778
7243b677-b232-4bce-91cd-7957bb905b6f,5,550.29,44.0,vigo,nuevo,110.05799999999999
7253c2e5-4016-485e-96d8-e7ea63fa15ba,8,782.29,46.0,bilbao,nuevo,97.78625
726733d9-5050-40b6-a606-fc67778d27fa,9,991.81,21.0,zaragoza,nuevo,110.2011111111111
727fd499-fc69-4e10-91e5-1a7571ad7ba5,6,526.59,33.0,madrid,recurrente,87.765
72803e37-3402-4500-a7da-074e69ed4960,10,1283.8200000000002,37.0,zaragoza,recurrente,128.382
72813a5b-0b6a-47f4-9784-5aaecf16ce06,6,299.68,34.0,murcia,nuevo,49.946666666666665
7295ff65-4197-48d2-9e60-280f8be844a9,8,1718.6609000000003,52.0,vigo,nuevo,214.83261250000004
72a1a7ef-b109-492a-8998-b5707c97a2bd,6,752.15,59.0,sevilla,corporativo,125.35833333333333
72a2398c-9b62-4304-a54f-4fd158eeefd7,8,1291.53,25.0,malaga,recurrente,161.44125
72ae94d3-274a-4339-adfd-68cdf57608d8,5,800.38,39.0,vigo,recurrente,160.076
72b2ba82-d3d6-42e6-b582-0b11a44c05e2,6,304.12,32.0,zaragoza,nuevo,50.68666666666667
72b31e34-acee-490c-ae9d-e3f3ab4dd233,4,986.8209000000002,43.0,vigo,nuevo,246.70522500000004
72de83bb-d53e-482a-8f60-c1e1a450e93f,7,729.8,22.0,sevilla,recurrente,104.25714285714285
72e958c2-1c1a-4079-afaf-ca80f3a2c55b,8,1021.6809000000002,40.0,granada,recurrente,127.71011250000002
72f12324-d6d7-4686-baa4-7c92b1c1ece3,3,198.14,37.0,valencia,recurrente,66.04666666666667
73074e2c-a8a9-4b50-bc85-d200e0c61243,5,819.5,45.0,barcelona,vip,163.9
7312edcb-e1e5-45f6-9083-42afbff39f7b,7,808.6600000000001,48.0,murcia,corporativo,115.52285714285715
73171645-85c4-4948-8965-eb321b6c90f5,8,814.12,44.0,granada,vip,101.765
732d1619-9d29-4c24-b8d6-5974ae06f6be,2,186.74,28.0,barcelona,recurrente,93.37
732fb3fc-70b4-457d-a1a8-97c325fb371a,7,615.09,29.0,bilbao,vip,87.87
73355836-7b39-4976-a888-c1b6fba7ae42,4,331.09000000000003,46.0,sevilla,recurrente,82.77250000000001
7339d330-61ce-4f93-aea5-f783417a02cb,8,620.7,40.0,bilbao,nuevo,77.5875
733a47a6-2e46-45be-9b9c-700065fa7fd0,3,200.89,29.0,granada,recurrente,66.96333333333332
73434aa8-42ee-4115-8a14-0ccab8a6e4a1,4,349.63,40.0,valencia,recurrente,87.4075
7358c0a8-f4db-4c14-8ceb-3b04e8fa9d54,11,1028.25,29.0,vigo,vip,93.47727272727273
735cf005-7eb0-48d1-896a-0a50218f53b0,4,348.03999999999996,28.0,murcia,recurrente,87.00999999999999
735d34e5-912d-4b12-acba-07c5b86d4992,5,511.96999999999997,38.0,madrid,nuevo,102.39399999999999
735f09a4-793d-452a-aab6-2d7bd8cfa203,6,439.87,54.0,vigo,corporativo,73.31166666666667
73656a2a-4eb9-415e-9a2b-ff2cc321dc6d,8,360.23,30.0,zaragoza,nuevo,45.02875
73665339-51fe-48b4-b5c1-88ee89bef688,11,1563.9,18.0,vigo,nuevo,142.1727272727273
7366b6b3-c7fb-4b9f-a023-7a75c8ef14eb,2,538.6909000000002,45.0,bilbao,recurrente,269.3454500000001
737bf716-4e90-44dd-87e4-5c003685472a,6,283.94,44.0,zaragoza,recurrente,47.32333333333333
73879740-d822-4eda-a42c-14dfe27f2f36,7,436.19,41.0,madrid,corporativo,62.31285714285714
7398f3fe-ef0e-4179-af9f-ebb439ca634a,2,185.57999999999998,48.0,bilbao,nuevo,92.78999999999999
739fdd05-78d9-492d-9441-aa012c51b67b,9,1193.18,46.0,valencia,nuevo,132.57555555555555
73a60433-fe0a-4982-8706-77b36a2fef9c,2,286.20000000000005,42.0,granada,nuevo,143.10000000000002
73a707c0-00eb-43ba-96df-f2cf0f70c4ae,4,352.19,27.0,vigo,recurrente,88.0475
73ab704c-3b8e-457d-abc0-40e03243feb5,10,850.64,55.0,granada,nuevo,85.064
73b8386e-6692-45f4-a23f-e6a879560416,4,174.82999999999998,47.0,barcelona,recurrente,43.707499999999996
73b9e553-7e2f-40ba-ad63-94693922708c,8,754.0,45.0,vigo,recurrente,94.25
73c169a5-40b7-4118-b5c0-178f5f5c42d3,6,435.18,44.0,zaragoza,recurrente,72.53
73d62d1d-a7dc-4c0f-851a-d36e09bd8388,5,244.95999999999998,47.0,murcia,nuevo,48.992
73dbd9a8-6db3-474e-ac9e-4d131b3036b6,10,602.72,37.0,malaga,recurrente,60.272000000000006
73dfeded-aaf2-4ae6-a3a2-db8f583cfa59,4,530.02,55.0,barcelona,vip,132.505
73e76c64-a8c1-4d38-aa43-70e62f92524e,8,506.7,28.0,malaga,corporativo,63.3375
73fa812d-e75f-4d0d-af16-0ff37426e4de,5,344.07000000000005,45.0,bilbao,nuevo,68.81400000000001
73fde8c7-1909-42d6-9d87-1fae3e35e4cc,4,543.27,45.0,bilbao,recurrente,135.8175
7403a9f7-2711-45ef-a874-f40078fff119,6,800.72,44.0,valencia,nuevo,133.45333333333335
740a9da0-d510-4c5b-8b3b-d943019a483b,6,279.27,40.0,bilbao,nuevo,46.544999999999995
7415e435-b31e-4f68-bdec-82f7d1c47b06,5,469.11,48.0,murcia,recurrente,93.822
741aa949-dcbb-40e9-8141-3240a2e8768e,3,320.35,23.0,granada,recurrente,106.78333333333335
741b5c4d-6c10-48ce-9125-f3a4f20594d7,6,584.74,41.0,granada,vip,97.45666666666666
74263af6-7f9c-401e-bc3a-2054f79e8016,8,792.18,40.0,murcia,recurrente,99.0225
742dd9a3-bb59-4b17-9b55-967d3a53d7be,6,1228.0409000000002,42.0,valencia,vip,204.67348333333337
74310345-2093-4f9e-9683-31c24cff212d,11,908.64,31.0,bilbao,recurrente,82.60363636363637
7434c1c8-3571-4721-9c15-be59ba8afa42,7,1030.5700000000002,33.0,murcia,recurrente,147.22428571428574
744077ec-f96b-4722-8733-8db17e08d36d,5,616.51,35.0,granada,nuevo,123.30199999999999
7442543a-836d-4174-8010-e9dcb2735849,9,1301.33,39.0,granada,recurrente,144.5922222222222
74495686-7415-4c2d-bd09-38d3759e63bd,2,41.120000000000005,39.0,sevilla,recurrente,20.560000000000002
745283e0-490b-4924-8d2d-aa8a774eac31,4,605.96,46.0,madrid,recurrente,151.49
745b7481-5f49-491e-be3f-61c2d835aa56,11,1192.6,26.0,barcelona,nuevo,108.41818181818181
746c5402-b7ca-4241-b2c4-e5d9126469b0,4,323.06,40.0,barcelona,nuevo,80.765
746c7850-bad6-4b1d-98e6-e46d40fec312,7,651.99,39.0,valencia,recurrente,93.14142857142858
747ab1a7-076a-472c-88d9-1f7026a45e9e,8,1141.3909,55.0,bilbao,nuevo,142.6738625
7483e935-d38c-4dbd-8e69-8ad0235eb37a,12,1252.5809000000002,45.0,madrid,nuevo,104.38174166666668
7487f29c-95f3-4781-9e3f-7527ede8bcf1,5,481.32,22.0,vigo,corporativo,96.264
748cfe31-5641-4208-8d69-9b12e49c309f,7,1022.39,29.0,granada,nuevo,146.0557142857143
74b650ed-1657-4fff-978b-fa6edb8ab16c,5,503.25,27.0,sevilla,vip,100.65
74bef8fb-dcac-482c-91e8-12d42721413c,7,1038.3700000000001,51.0,bilbao,nuevo,148.33857142857144
74c12c1f-4c77-4d6f-9086-9babf977c70e,4,198.72,18.0,murcia,corporativo,49.68
74c2ec52-e572-415f-811d-ace7a15c48d7,6,1168.97,43.0,barcelona,corporativo,194.82833333333335
74cef477-7f3d-4b16-b379-4c6a1b728907,7,545.86,43.0,sevilla,recurrente,77.98
74d2f673-3da9-4b4a-a0b7-daacdb5b0f7e,5,269.79,30.0,sevilla,recurrente,53.958000000000006
74d8d64f-5df3-4547-95b0-1ba7886fe14e,5,454.98,21.0,bilbao,vip,90.99600000000001
74e48a1e-ba93-44de-8b3c-4d86dc2bacab,6,307.88,55.0,sevilla,nuevo,51.31333333333333
74e6313f-5023-4f32-aadc-e27cbe93295e,2,434.35,54.0,vigo,recurrente,217.175
74f3d4fa-b22b-46ab-aa42-ad0ffa3e09cf,12,856.03,29.0,madrid,recurrente,71.33583333333333
75005294-ecb7-49e2-bc3c-2895bddfb35e,4,820.8399999999999,18.0,zaragoza,recurrente,205.20999999999998
750ff014-4cd5-4f92-890e-53b477807433,8,1591.4918000000002,41.0,bilbao,vip,198.93647500000003
7521c764-53a3-4122-8f4f-074d090d807c,10,834.4499999999999,37.0,zaragoza,nuevo,83.445
752ac8a0-ae46-4d2a-ab21-ef4880c1cd5d,8,819.76,40.0,sevilla,recurrente,102.47
75326132-fee1-4153-b133-79bff220360d,7,479.4,36.0,valencia,recurrente,68.48571428571428
75368cfd-26f4-4598-ae38-025170e9dcd6,3,123.72,40.0,bilbao,corporativo,41.24
754109bd-7ff4-4a24-9afa-e740d3b44b4f,9,1803.94,69.0,madrid,vip,200.4377777777778
75415aea-0dc1-4e36-9baa-c8c1a6e6b702,4,307.4,54.0,malaga,recurrente,76.85
754d62eb-e361-4f9b-850c-023aba36a698,5,497.34000000000003,38.0,malaga,corporativo,99.468
75545425-ec5d-4ed5-be29-cbcc96022454,3,241.97,38.0,sevilla,nuevo,80.65666666666667
755d2a5d-9021-4093-af0d-bb0354c331fd,3,192.71999999999997,43.0,malaga,nuevo,64.24
75688ed9-a659-46f4-a667-7c64436ea40c,7,871.6099999999999,48.0,malaga,corporativo,124.51571428571427
75696bd7-7fab-438d-ac56-e7d33f5df564,10,621.45,18.0,granada,recurrente,62.145
7585f3d1-dc8a-4d1f-9b62-6e415fcdbfc4,5,248.68,40.0,madrid,nuevo,49.736000000000004
75a4121f-b7cb-482c-8d8b-395f0728af4b,3,231.20000000000002,29.0,valencia,recurrente,77.06666666666668
75c18bd5-6e2e-4e71-9aa3-fcec3276c3a9,3,579.64,32.0,valencia,nuevo,193.21333333333334
75c2916a-a563-4654-b09c-8ecc0addc652,4,262.14,38.0,zaragoza,recurrente,65.535
75cd7e47-70f9-49bb-b0a4-b8f4fc681868,11,1148.9099999999999,55.0,barcelona,vip,104.44636363636363
75d0c9ab-b341-433a-b207-058e8a5d808a,12,993.5500000000001,58.0,sevilla,recurrente,82.79583333333333
75daa9a3-6daa-4577-928e-d88f7672f3dc,3,135.82,48.0,granada,recurrente,45.27333333333333
75dbdec1-01b0-4b55-9693-d26752a28714,5,527.15,57.0,madrid,recurrente,105.42999999999999
75e3d0e3-6cb2-4820-9659-1490594b3360,8,729.74,42.0,madrid,vip,91.2175
75f0e322-9990-47be-8f30-2f9a8871ff1f,6,915.3199999999999,42.0,madrid,nuevo,152.5533333333333
75fc5bc1-1d08-468b-8371-6aa3c9c06d9e,7,757.5600000000001,40.0,murcia,corporativo,108.22285714285715
75fc914b-c40b-4c4e-ad0d-bedea2db3876,4,640.5899999999999,28.0,murcia,corporativo,160.14749999999998
75fe8d65-fe5d-4a8a-948f-b9676100d8a6,8,974.69,38.0,murcia,recurrente,121.83625
76090938-a746-492c-912e-40e51f1aae30,6,716.3900000000001,34.0,zaragoza,recurrente,119.39833333333335
7611aef7-9795-417a-a92d-a1cb783423ce,2,100.71000000000001,63.0,murcia,recurrente,50.355000000000004
762cf542-ea32-4169-8d2f-b59b27e3a5f3,11,1826.6000000000001,34.0,bilbao,vip,166.05454545454546
76351c52-bcc1-4213-ac9e-85255b038a9c,3,450.66,36.0,bilbao,recurrente,150.22
7643e569-64fa-4eb6-9526-f236746b0d99,4,449.35,39.0,malaga,recurrente,112.3375
76474be1-9a27-4bd6-a5f6-47abc157efb4,5,292.02,50.0,vigo,recurrente,58.403999999999996
764d33a6-c546-4e49-9361-b11e9aff4cb5,4,647.87,40.0,bilbao,recurrente,161.9675
76544f0a-35ec-44a0-afc5-2017d6000b64,7,759.56,47.0,malaga,nuevo,108.50857142857141
7655ffe7-0e01-4022-bdb6-01d6649c5541,4,176.67000000000002,54.0,murcia,nuevo,44.167500000000004
765f70fd-d2f5-4e55-8a1d-9ea8aabbcfad,10,1286.67,44.0,sevilla,corporativo,128.667
7663b11d-6df8-4f5f-8efe-9bd598626278,11,720.3,28.0,granada,nuevo,65.48181818181818
766d4411-54b9-412b-a05a-f92e6693c47b,10,1355.5509000000002,40.0,sevilla,recurrente,135.55509
76708ed7-81f7-45e1-970d-8ec4d453f3c5,6,424.16,45.0,bilbao,vip,70.69333333333334
7672ba03-5251-478e-bf57-bf0a23c8e7ee,10,1105.35,38.0,madrid,recurrente,110.535
7678fbae-5745-4787-9d0e-4feb621201e9,10,801.1899999999999,51.0,zaragoza,recurrente,80.119
768ab41c-69c3-4fb5-9006-5c55ace20b80,11,1535.99,44.0,malaga,nuevo,139.63545454545454
768cbfac-8885-4df4-a7d5-e123ab8c0f6c,6,915.58,48.0,bilbao,nuevo,152.59666666666666
7691fb1b-86a7-423e-917d-55647cba9fb8,7,723.77,58.0,bilbao,nuevo,103.39571428571428
76940455-b8f6-466a-9486-29cd6c95bc38,11,1272.25,53.0,malaga,recurrente,115.6590909090909
7697ed15-3a0e-48ba-89eb-53674c64eb1d,6,354.68,50.0,bilbao,nuevo,59.11333333333334
76b79e9b-86c1-4765-b32a-fc067829cbc3,7,671.84,30.0,granada,nuevo,95.97714285714287
76bb09bd-58ee-4ecf-a793-5386dcdae7f6,5,899.8199999999999,18.0,sevilla,recurrente,179.964
76cce5f6-7c49-4250-b6b4-96fa1b26b2c5,4,625.42,72.0,zaragoza,recurrente,156.355
76df39bb-bfc2-4c1c-9a4a-310fa27f9a24,6,915.9409000000002,20.0,vigo,nuevo,152.65681666666669
76e839f1-098a-49fd-8d99-1bbea1c2e3ec,5,361.99,42.0,valencia,recurrente,72.398
76eb856a-0c4a-41d3-9104-447f6cc5b5e8,4,480.18,54.0,barcelona,nuevo,120.045
76f09808-77a9-4ae9-a3fc-0ea96b75b00f,13,1314.48,43.0,murcia,nuevo,101.11384615384615
76f29949-dd5f-4e4e-8499-d22e471f866b,5,634.89,26.0,barcelona,recurrente,126.978
76f7513d-dda7-4478-bb4b-7bd9d87af3bb,6,339.87,48.0,valencia,recurrente,56.645
77020642-ce88-4cfb-a531-d4a35b7df027,7,964.7409000000001,35.0,bilbao,recurrente,137.8201285714286
77085f49-14df-4448-a5b5-13ba9e9bfec5,4,503.56,35.0,bilbao,nuevo,125.89
77091938-3299-4f87-8fce-99aea8b38b01,5,515.45,47.0,murcia,recurrente,103.09
771e402e-f124-455b-a9d1-2bc1c909c2c2,7,373.37,40.0,barcelona,nuevo,53.33857142857143
771f6c59-4be6-4da7-9a93-4aefdf7f1d64,6,836.67,41.0,bilbao,recurrente,139.445
772f8e78-916c-4396-85e1-ef1ef43ee9b7,6,902.2609000000002,56.0,malaga,corporativo,150.3768166666667
77334c02-af44-4fe5-ac13-61a4675c7721,6,363.08,49.0,bilbao,recurrente,60.51333333333333
773de63b-8caa-483f-9c9c-730970064272,2,373.4,31.0,bilbao,vip,186.7
77519d61-b335-40fc-92bd-e4e50c1c8a42,8,571.05,19.0,valencia,recurrente,71.38125
775981ab-a9d1-418b-92ce-89632c0833b7,5,210.6,53.0,vigo,nuevo,42.12
776916e7-298e-4aab-984d-216a78b440e2,5,426.05,39.0,valencia,recurrente,85.21000000000001
776ed8fe-4b03-4fcd-8960-5ade7f45be0e,6,765.5909000000001,35.0,valencia,nuevo,127.59848333333336
77710edc-1878-4d3d-a21a-0f5bacb18ee7,5,528.03,27.0,murcia,nuevo,105.606
77727b13-b6cb-45b1-b747-45ad26691d01,4,662.96,46.0,valencia,corporativo,165.74
7789fe95-a648-4b6f-9013-4a5a0e2302f1,4,390.52000000000004,61.0,granada,nuevo,97.63000000000001
778cc1df-802f-4b1e-a028-ef2fcf1490e9,7,945.75,35.0,barcelona,vip,135.10714285714286
779cb8e1-0f11-43cd-ba18-7280cc27e9f2,4,409.24,26.0,zaragoza,recurrente,102.31
77a73c15-9f55-4357-ba39-86aa224a528d,7,559.9,40.0,murcia,nuevo,79.98571428571428
77aaff2c-616d-4bd4-b5c5-44fe12ea64dc,6,591.27,36.0,madrid,vip,98.545
77afbab2-b653-49a6-b534-01af249d6a69,5,398.49,37.0,vigo,recurrente,79.69800000000001
77b3f976-59df-41d5-b35a-e770f92fe3ed,7,610.7,48.0,murcia,recurrente,87.24285714285715
77b4ba5e-5996-4b68-a158-398333a41731,7,896.3199999999999,35.0,sevilla,recurrente,128.04571428571427
77bb43e1-f730-4acd-98f5-191e54ceb2d7,7,684.21,47.0,bilbao,nuevo,97.74428571428572
77dee972-8d53-4660-8794-75c068efa1ae,8,768.79,53.0,granada,vip,96.09875
77df74a8-5d46-4d65-a33e-538fcc57a55a,7,404.08,40.0,murcia,vip,57.72571428571428
77e6e981-2c8d-454a-b21e-f2800b4d0395,6,636.7099999999999,46.0,murcia,recurrente,106.11833333333333
77feb0b3-4afc-4086-8a63-f9a73b77393e,5,266.38,33.0,barcelona,vip,53.275999999999996
7801557b-3b80-4d20-9096-5b5fb5a9577a,6,353.12,43.0,bilbao,recurrente,58.85333333333333
78015659-68c8-474d-8874-72a372749a27,7,953.0809000000002,45.0,sevilla,recurrente,136.1544142857143
7808a851-104c-4d57-bca1-6e2b908d02ab,7,708.92,47.0,zaragoza,nuevo,101.27428571428571
780bd91a-8e84-4c19-90a3-ad33b427354d,4,295.4,83.0,madrid,vip,73.85
78145897-27f2-4172-b8bf-7b72566bb09e,5,547.62,40.0,madrid,corporativo,109.524
7817a8e7-591a-4cdd-953f-5d851bc34486,9,891.22,45.0,granada,recurrente,99.02444444444444
7817bd79-c341-466c-8273-75cb309fbd40,6,973.01,23.0,madrid,corporativo,162.16833333333332
7819a30b-c04b-4b5d-9f8f-fbe799d55d0b,5,325.1,46.0,madrid,nuevo,65.02000000000001
781eaad3-674b-4363-9a80-d9ec8705014c,8,1024.1100000000001,29.0,malaga,recurrente,128.01375000000002
78203294-a454-4a02-8b3f-74c43c699abb,9,1262.56,18.0,bilbao,nuevo,140.28444444444443
7829581f-0000-4828-8120-34a8af5708d0,6,758.57,30.0,madrid,nuevo,126.42833333333334
7854f619-7352-460a-a207-be1fa124c1b2,5,659.2009000000002,37.0,valencia,nuevo,131.84018000000003
785694b8-7d07-4c13-bc1b-88ef8d688c7d,1,249.14,18.0,sevilla,nuevo,249.14
785978f8-b4f8-4d55-ab8b-836b7e88ba96,3,188.39999999999998,38.0,granada,recurrente,62.79999999999999
7866a970-6894-4ff4-8afb-769777437e8d,4,356.8,38.0,valencia,nuevo,89.2
7870c01b-55c2-42a5-9f2c-dfdc69d652c6,4,449.59999999999997,21.0,granada,nuevo,112.39999999999999
78768746-f428-407e-8af0-637cccbe3633,8,992.4399999999999,40.0,granada,vip,124.05499999999999
78776973-0c3b-4eff-b286-482fb57da74c,9,1006.2509000000001,28.0,murcia,recurrente,111.80565555555557
788adab0-1e5e-492b-ab2e-2ab95337cbcd,8,415.77,74.0,madrid,nuevo,51.97125
789b7305-e33d-4f7f-b0f6-c26e10255802,11,1109.46,18.0,sevilla,nuevo,100.86
78a27e6c-95a1-4fa7-9b69-7276611061c1,9,1063.71,33.0,valencia,nuevo,118.19
78abf445-703f-4284-b75c-4310fa9e9699,3,310.60999999999996,47.0,granada,recurrente,103.53666666666665
78b7a6a7-2b05-4aaf-84e4-b063746998ca,6,769.68,25.0,sevilla,nuevo,128.28
78bb6248-31e4-4581-89a5-5fd62dc750b2,2,172.38,29.0,valencia,nuevo,86.19
78c0c21b-6d43-4598-a582-3a0b1a067441,5,1052.94,48.0,murcia,recurrente,210.58800000000002
78c5cb30-658b-4b1e-b91d-0c3f30435852,4,455.34000000000003,36.0,murcia,vip,113.83500000000001
78ccebe1-19fc-4b1c-a584-e2bc74981378,8,1485.97,23.0,sevilla,nuevo,185.74625
78e3ba0d-ba27-42ad-8e5f-e3548fa2bfc9,6,686.43,50.0,bilbao,recurrente,114.40499999999999
78f0842c-9396-4c01-a7fa-ccbe1ac4050d,8,751.54,29.0,bilbao,nuevo,93.9425
78f0ca0a-f787-4f84-8136-c9f3c2bea8b9,4,234.79999999999998,29.0,granada,recurrente,58.699999999999996
78f1a7cc-23e0-4594-b56f-4fba9cb82624,5,562.95,49.0,bilbao,corporativo,112.59
78f67c97-d182-4e3c-b248-4a9e27bab00f,3,169.95999999999998,23.0,vigo,recurrente,56.65333333333333
790aba1a-37f9-4ea4-a6f3-2a292c339baa,7,720.72,40.0,bilbao,recurrente,102.96000000000001
79171019-7862-482c-90d1-fa2b9372cdd3,10,686.47,35.0,bilbao,recurrente,68.647
79287672-8c48-4c26-8de5-91166049f053,13,1364.94,19.0,sevilla,recurrente,104.99538461538462
792d6a28-e974-45ad-9ea3-c8854d6f02d5,5,253.19,36.0,bilbao,nuevo,50.638
792e0897-992a-4194-b904-ef86c58fbc9e,6,772.54,25.0,vigo,nuevo,128.75666666666666
793607cc-94b2-4602-a5b7-a4dae120be43,5,597.76,44.0,murcia,nuevo,119.55199999999999
793c32f2-d8d6-48fb-afb6-4bfcd4ee03af,7,330.64,39.0,vigo,recurrente,47.23428571428571
793da518-68f0-44a8-973e-cd11a8212def,4,178.10000000000002,45.0,bilbao,corporativo,44.525000000000006
7941083a-2491-447b-a727-36ab2714e081,10,835.54,57.0,murcia,recurrente,83.554
7948fbe4-d798-452a-9032-12f380d338e4,5,385.08,42.0,barcelona,vip,77.01599999999999
7949af6d-5de3-4525-813f-e385d281b0ab,6,501.93,83.0,murcia,vip,83.655
79500864-054a-4b10-9933-a4d19823f9a4,7,1064.69,23.0,malaga,vip,152.09857142857143
795017d0-b2cf-424e-a894-1033abb8a81d,5,479.31,41.0,vigo,recurrente,95.862
79559762-4527-448d-aff1-a5eef74a81ac,11,1430.54,44.0,bilbao,nuevo,130.0490909090909
79573321-734c-4c5b-bc0e-d0cc0197eb51,8,900.69,28.0,madrid,recurrente,112.58625
79604953-059a-474f-820f-92ebc4045f9f,7,713.49,42.0,malaga,recurrente,101.92714285714285
796f18c6-6bc6-46ba-b866-defe1d7eb0c2,4,327.84,34.0,granada,nuevo,81.96
797060e7-3873-432f-bce2-f5cdb21bba96,6,564.17,40.0,valencia,recurrente,94.02833333333332
7975284e-b829-4f6d-8a7c-40d8854ee7e0,8,820.99,39.0,madrid,recurrente,102.62375
7978961a-cab5-41e9-b606-243b7e38af74,8,876.0899999999999,49.0,malaga,recurrente,109.51124999999999
797dfc64-a0bc-420a-bfad-ad567e38cadb,7,683.43,46.0,malaga,nuevo,97.63285714285713
79899c02-9409-4902-8924-def0820124f1,5,523.9300000000001,59.0,zaragoza,recurrente,104.78600000000002
798d9440-15a0-4006-a2cb-9b4999004d45,7,585.5600000000001,36.0,malaga,corporativo,83.65142857142858
798ed2db-042a-4b3a-899d-1fdf0cec7f5b,8,1295.2009,51.0,bilbao,nuevo,161.9001125
79924aeb-b3d3-4bf1-bffa-028177eb4a89,8,465.33,45.0,sevilla,vip,58.16625
79977d8d-94c5-4f3e-a289-bfe45eab40fc,6,764.83,49.0,bilbao,recurrente,127.47166666666668
79a0d203-4717-4a41-b1e8-97e912a8007f,7,510.37,29.0,bilbao,corporativo,72.91
79a0fc67-fd94-4888-87ee-debc6ef60e1a,4,569.36,18.0,zaragoza,nuevo,142.34
79ac3b48-7c26-4fd7-a389-f9fb3e4f0e8e,9,1076.74,48.0,barcelona,recurrente,119.63777777777779
79acca60-ccc6-4f14-b034-513bdac0b72b,3,252.29,40.0,sevilla,vip,84.09666666666666
79b36c8b-6540-4b02-8e2a-a69458c5101d,7,1059.82,38.0,murcia,recurrente,151.40285714285713
79b7d0d6-17a5-4196-aac9-1b1fddd028a8,9,913.48,54.0,barcelona,corporativo,101.49777777777778
79ce2499-b554-4b6e-8bcc-76079c813763,9,1052.23,20.0,vigo,vip,116.91444444444444
79d310b0-8fb3-44a5-960f-b93f0fee5c6c,12,1181.61,40.0,zaragoza,vip,98.46749999999999
79dc9958-8c79-4f12-8d2b-afe5d2551e1f,7,526.4300000000001,34.0,murcia,nuevo,75.20428571428572
79e3216d-5553-448a-bbd0-27e76bf6fc91,7,672.85,50.0,zaragoza,recurrente,96.12142857142858
79f00394-7ed1-41da-ac3e-431158f5ec6a,11,1237.67,30.0,sevilla,nuevo,112.51545454545455
79f2aa6b-f28c-4afc-bba5-f0ec7659bd5d,7,1228.94,39.0,sevilla,corporativo,175.56285714285715
79f30489-6fbd-48f6-82db-4e4554d385f8,5,547.36,33.0,malaga,recurrente,109.47200000000001
79f4fb00-187d-4868-99b8-76b84bbee638,4,694.73,18.0,sevilla,recurrente,173.6825
79fb379d-7d38-419b-80db-10a82e26f4f4,5,391.85,47.0,bilbao,vip,78.37
7a02c4c6-aafb-48da-a6fe-fe5e44abda6e,8,1093.44,43.0,granada,recurrente,136.68
7a0ca010-ba5d-4ecb-baec-3cbe0cff185d,7,469.71,50.0,malaga,vip,67.10142857142857
7a101c6a-bf1f-4d84-872b-cac2e7fb8ee4,3,101.87,43.0,granada,nuevo,33.95666666666667
7a193fbc-7ef0-473d-871e-9ec4d0af3709,5,553.5,40.0,granada,nuevo,110.7
7a2a3a66-e9dc-429e-ad63-f2ffe53ad876,6,525.12,48.0,murcia,recurrente,87.52
7a2c9bef-46fe-4859-8986-436ae5dad95e,12,903.66,40.0,malaga,recurrente,75.30499999999999
7a3635d8-eee9-4dac-84d9-33164d99b601,5,274.6,31.0,vigo,corporativo,54.92
7a39255f-8c4e-4615-b66b-31f05596c6b7,7,613.55,39.0,vigo,recurrente,87.64999999999999
7a3c797f-a9fe-4539-b239-5037e9c0e297,10,726.22,27.0,madrid,recurrente,72.622
7a487a99-7b5f-4c6f-b32d-74e4a51ec9d8,6,518.7,37.0,granada,nuevo,86.45
7a707729-7488-4c94-968a-2993b5fc55da,2,111.75,38.0,zaragoza,vip,55.875
7a782874-de55-4f19-a264-81f7354c1dac,7,510.93,49.0,bilbao,nuevo,72.99
7a87abe6-d95a-4e27-ad2f-2db57480b217,11,1139.74,65.0,sevilla,vip,103.61272727272727
7a8cec40-0720-494a-a905-e3d2eacce1d2,7,742.48,46.0,granada,nuevo,106.06857142857143
7a8d52e2-c507-4ed1-a2c1-b1805da69774,9,1104.37,18.0,vigo,corporativo,122.70777777777776
7aa7ea36-979b-45ac-9406-ba92ed6600a4,6,693.12,37.0,murcia,nuevo,115.52
7aaf1bb8-6e7a-4c45-a5a0-288bb7bfd615,6,443.43999999999994,62.0,zaragoza,recurrente,73.90666666666665
7ab852e1-f1dc-4c58-9f2a-a9db272ab428,3,398.07,20.0,malaga,nuevo,132.69
7ab87336-b4ed-4265-982d-6bc0c38781ef,9,992.94,45.0,madrid,nuevo,110.32666666666667
7ac5cc9a-4366-44c6-883a-bea5fe88474f,6,473.15,68.0,sevilla,nuevo,78.85833333333333
7ac86167-b07b-484b-89ea-82842016d3c0,5,596.6,40.0,barcelona,recurrente,119.32000000000001
7acde8ae-77a0-4684-ba09-08f2b695ca8a,10,896.69,20.0,bilbao,recurrente,89.66900000000001
7ae769ce-1691-4f79-bbc3-3f14b549b396,4,340.34000000000003,21.0,malaga,vip,85.08500000000001
7aedf6e5-1fff-4aea-acfa-68800a845666,9,463.15,29.0,murcia,recurrente,51.46111111111111
7af2c2b0-6563-49b5-9971-21f2668d66e0,7,628.26,34.0,madrid,vip,89.75142857142858
7af7c805-2cd6-40f6-bde3-41294419aef5,5,504.04,40.0,granada,recurrente,100.808
7afe69a8-6b37-4faf-9138-811780b74474,3,250.58,53.0,madrid,nuevo,83.52666666666667
7b0135b0-a82d-4a05-9316-96abafe12eb8,9,735.39,41.0,zaragoza,vip,81.71
7b0ced43-47bf-4c03-845c-badef98d68eb,8,895.48,43.0,sevilla,vip,111.935
7b0d29b5-139b-4037-b1ce-a2e61ccdc358,10,722.26,59.0,zaragoza,nuevo,72.226
7b0f17a2-09cb-4978-8842-abfbacb7cb90,3,266.15,32.0,murcia,recurrente,88.71666666666665
7b141a8e-3c0d-4ba8-823f-e53d4893b65a,3,269.38,40.0,murcia,nuevo,89.79333333333334
7b1c586a-a719-4c96-b52d-906d3bcf0012,5,304.45,27.0,madrid,nuevo,60.89
7b225d38-89ed-468b-8313-ad686231fb2d,5,366.48,29.0,malaga,recurrente,73.296
7b291f9d-ecee-46e4-8afc-341e7382e922,6,1040.76,30.0,malaga,recurrente,173.46
7b3634ca-14e4-432b-be6b-e15bfa71adc5,10,1205.6399999999999,55.0,granada,nuevo,120.564
7b423603-19ce-4db1-8d70-3dc1e1b43e21,10,1232.57,48.0,zaragoza,nuevo,123.25699999999999
7b439670-8497-44c1-93f1-a146b2e99241,1,169.07,43.0,bilbao,corporativo,169.07
7b4d40f0-8c90-41f3-8b56-1ba9e90b32dd,5,301.51,40.0,bilbao,nuevo,60.302
7b5c977f-5d58-4813-8db2-5f3d059d8677,8,804.25,46.0,malaga,recurrente,100.53125
7b6ee4f7-6eb6-4e58-9e15-8053928af23b,6,747.2,51.0,malaga,recurrente,124.53333333333335
7b7b8cd5-29d4-48d0-b478-b141c17184f4,4,326.43,62.0,granada,recurrente,81.6075
7b85ef4d-0500-4d7e-9c6f-7f60c6352e53,7,297.61,50.0,vigo,recurrente,42.51571428571429
7b8980d2-72ac-4cdb-b994-9768440b39b7,5,672.98,48.0,barcelona,vip,134.596
7b9f37af-bbb4-43d1-be65-434f5d1b515d,9,1062.03,45.0,barcelona,recurrente,118.00333333333333
7baa4a53-cb07-452b-bca6-7d0831519184,3,275.04999999999995,59.0,zaragoza,recurrente,91.68333333333332
7bade990-8c0c-4c66-8adf-2d7878ec7247,13,1440.01,46.0,malaga,nuevo,110.77
7baff98e-af7c-49fa-84a3-0b5319fb551e,7,580.07,40.0,murcia,corporativo,82.86714285714287
7bb486c4-4eb9-432e-ad26-74b895c1fda4,2,229.8,55.0,bilbao,vip,114.9
7bbdf8bf-8809-4fe1-b59c-b4bc80024a38,10,603.49,58.0,sevilla,vip,60.349000000000004
7bcf2795-86bd-4207-9e58-d914af15e652,4,230.31,18.0,murcia,nuevo,57.5775
7bd38a29-7bc9-4083-a1f6-230c39dcfe0d,5,960.25,18.0,granada,vip,192.05
7bd40581-da45-4753-a961-10d30746d083,9,1104.0,59.0,valencia,nuevo,122.66666666666667
7be29e55-74a3-408c-92ab-9f7102b0c2ab,5,378.31,54.0,bilbao,recurrente,75.662
7bf9c7b6-008f-4343-873b-df874d96d52d,7,617.22,55.0,sevilla,vip,88.17428571428572
7c01869c-d8d9-40bf-b5ef-0e11b0f23343,8,867.36,35.0,barcelona,nuevo,108.42
7c0af42c-6292-4cd8-8be1-75eccbb96913,7,698.52,48.0,granada,nuevo,99.78857142857143
7c0c0379-905f-4c43-8f6a-cd9000828a6d,7,700.16,40.0,barcelona,nuevo,100.02285714285713
7c0ee230-bd9e-4e4e-a98c-cfa99b6a2295,12,600.63,56.0,valencia,vip,50.0525
7c317e71-5d83-4640-8148-7179e9f58481,6,697.93,45.0,vigo,recurrente,116.32166666666666
7c3313a4-4d29-4373-995f-4c84e37f981d,5,496.78,41.0,valencia,vip,99.356
7c385bc2-22aa-4196-9782-e9d29eabbb32,12,1005.8100000000001,51.0,malaga,recurrente,83.81750000000001
7c43b12f-7130-4206-a903-4a9545aac98d,9,1348.8609000000001,64.0,granada,corporativo,149.87343333333334
7c4609f5-7f06-4988-bdfe-8a7cffecbd8b,7,337.53999999999996,53.0,zaragoza,nuevo,48.21999999999999
7c465a80-1af7-4a69-9b39-a696230e859c,7,797.5,40.0,madrid,vip,113.92857142857143
7c52ff5d-8700-4984-9fd5-ce5f23ce904f,3,298.11,46.0,murcia,recurrente,99.37
7c7482de-0091-47b9-a100-a9135d512c5c,10,657.74,40.0,zaragoza,recurrente,65.774
7c7bf7ec-0756-43f2-b6d2-ecfa3ef18479,5,373.44,31.0,barcelona,nuevo,74.688
7c7ee253-899e-41f7-9d2d-84bfed13fba6,4,477.65999999999997,45.0,madrid,nuevo,119.41499999999999
7c86009d-cc2c-4e8b-b018-f1ce48cd5500,8,645.66,67.0,valencia,vip,80.7075
7c8a377f-981b-4c84-b91f-4ab26cf20163,7,1090.7709000000002,25.0,madrid,nuevo,155.8244142857143
7c98c99d-ca26-48f4-946f-5142b05bb289,8,1090.26,25.0,zaragoza,nuevo,136.2825
7c9df8d3-cd08-4032-ad29-472fdf3d242a,7,527.49,51.0,valencia,vip,75.35571428571428
7c9ecefe-85cf-4519-b409-72115efc9808,10,806.12,39.0,granada,vip,80.612
7ca3bf6c-90c7-41ae-983f-81c757c9fedd,12,1635.66,58.0,malaga,recurrente,136.305
7ca89c51-2db7-4407-bd7d-5b73170e0932,11,911.06,35.0,valencia,nuevo,82.82363636363635
7cab2375-0be7-4b51-b716-2c39a66c59f2,4,442.25,23.0,madrid,recurrente,110.5625
7cae9dde-4187-4c81-b659-5490d4b965ab,4,281.25,36.0,zaragoza,recurrente,70.3125
7cb936e9-265f-4e31-873d-7d17c93ac3d7,4,539.13,34.0,bilbao,recurrente,134.7825
7cc9b654-fa5a-4da3-ba9b-1d92f9789b22,7,883.47,39.0,bilbao,recurrente,126.21000000000001
7ccfaa3e-77b7-486c-bb68-aa22c61f33da,5,693.9100000000001,36.0,malaga,recurrente,138.782
7cdee1f9-26c9-43c4-a8bc-a29a692f658f,7,1157.3600000000001,43.0,valencia,nuevo,165.33714285714288
7cdf477a-ae8d-4cbc-8ec3-a6c75319c02d,7,494.22,45.0,zaragoza,nuevo,70.60285714285715
7ce52919-fa0b-4e2c-ae65-01ec90f4bfe2,9,1001.6509000000002,51.0,madrid,nuevo,111.29454444444447
7ce86dd6-f8d4-4abd-a9e6-14ebf1259a71,5,443.14,30.0,sevilla,vip,88.628
7d02f8ee-61a8-4dcc-9da4-1c16f94ecdec,6,691.8199999999999,36.0,madrid,nuevo,115.30333333333333
7d09d496-dbda-435f-93d2-f9fbe623ee0a,4,215.36,33.0,sevilla,nuevo,53.84
7d09e6cc-1dee-42ee-9b63-02edeae0c207,8,520.12,49.0,zaragoza,nuevo,65.015
7d14c82f-130f-4f90-b9ce-06cf91ef1f1f,3,492.35,58.0,barcelona,recurrente,164.11666666666667
7d1cc25a-6d90-4e52-a1ee-4e3e2bddc35c,6,576.0799999999999,42.0,granada,recurrente,96.01333333333332
7d1dc785-c819-4eee-b33a-eb67711ffcb8,6,483.83000000000004,47.0,zaragoza,nuevo,80.63833333333334
7d1ec6f0-c5cc-4faf-ae4b-687b65cf5040,10,881.44,19.0,bilbao,recurrente,88.144
7d2702cd-416b-4c7b-923b-f95a8ee5f434,3,420.65,35.0,granada,nuevo,140.21666666666667
7d3c62e1-0a1d-437d-9c69-e2a47a3565cc,7,611.99,40.0,murcia,vip,87.42714285714285
7d40665e-1500-426d-9e0b-b7dfe9abeff6,9,1018.56,33.0,vigo,recurrente,113.17333333333333
7d41c013-c5e2-46a4-b272-823f4aa3a98d,5,812.62,40.0,zaragoza,vip,162.524
7d4f866b-3070-4fec-93f8-dc921e9276b5,8,1085.7909000000002,59.0,granada,nuevo,135.72386250000002
7d53dc7f-16b5-425c-9754-e5019aa26eee,11,1523.2609000000002,37.0,vigo,vip,138.47826363636366
7d65f968-e560-4936-846c-b1598a431997,5,893.05,33.0,madrid,vip,178.60999999999999
7d6bc84b-da82-4506-a5bd-dc4968ded49e,6,856.05,43.0,granada,nuevo,142.67499999999998
7d6e926a-6473-4659-9ca6-e51212dc0a7d,5,228.23000000000002,41.0,valencia,recurrente,45.646
7d7649f5-5b6e-4df0-91bd-0ee117e83fd2,6,920.52,40.0,murcia,nuevo,153.42
7d765d1a-677a-4fd7-9f29-d11a9e98fec9,3,702.5699999999999,52.0,zaragoza,recurrente,234.18999999999997
7d808a58-3013-4793-a045-e2ce9975d38e,9,751.18,40.0,valencia,recurrente,83.46444444444444
7d8703ab-e322-456a-b572-d72662ef3f2d,2,523.1709000000002,45.0,madrid,recurrente,261.5854500000001
7d9f51d6-9717-4e30-965c-9ca736c88ccb,5,420.51000000000005,33.0,valencia,recurrente,84.102
7da1472e-4c97-47e2-8b6f-d8360ac9b5ae,10,648.46,29.0,bilbao,nuevo,64.846
7daa26d3-c5b5-4b82-bc92-64bfc5917ce6,6,530.0,25.0,valencia,recurrente,88.33333333333333
7dabc8a4-ea9e-4d2a-b9c8-634e6205ed75,8,678.73,37.0,vigo,recurrente,84.84125
7db192bf-64de-41f5-8c39-4b9a212f9ecb,12,1791.25,44.0,zaragoza,nuevo,149.27083333333334
7db53122-b7fa-46a5-bf95-32636e873628,3,158.11,18.0,madrid,recurrente,52.70333333333334
7db61dd6-f34f-4a31-b058-5cecbed7b908,4,307.91,43.0,murcia,recurrente,76.9775
7db9c313-6b32-41a2-b464-a07cd77cb782,7,497.14,54.0,valencia,vip,71.02
7dbe5df2-44d9-4a8b-b5f3-b5bb82652437,6,816.27,18.0,murcia,vip,136.045
7dc51739-f25d-47cb-a6dd-92c07dbd3231,5,1000.7209000000001,42.0,granada,nuevo,200.14418000000003
7dca5547-22e0-4489-a104-e5e3e00c78e6,6,417.83,35.0,bilbao,recurrente,69.63833333333334
7ddc8e1f-462b-4c0b-9cd2-530670bbebc1,11,849.5999999999999,44.0,madrid,recurrente,77.23636363636363
7ddd792d-9cc4-461d-b471-18c57b03627c,11,816.6,46.0,bilbao,corporativo,74.23636363636363
7dde9873-e271-441f-af7c-e836d7b66fed,5,642.1700000000001,27.0,valencia,recurrente,128.43400000000003
7de6a40b-f2b5-47df-ad85-5b19ed092516,6,729.24,48.0,sevilla,vip,121.54
7debfd53-cf1d-489a-a0b2-8000c723a6d1,5,317.89,38.0,barcelona,recurrente,63.577999999999996
7df9d8de-64b1-4d74-b524-338da65b9b7c,8,1342.23,40.0,zaragoza,recurrente,167.77875
7dfdb2f5-b399-4ff3-bbc4-e4a39853e848,6,783.15,44.0,vigo,nuevo,130.525
7e02d1e9-a3b7-41af-8269-11da80f0c6a7,6,274.09999999999997,23.0,valencia,nuevo,45.68333333333333
7e25b22e-a8ce-46a0-a63f-f39c1d490098,7,479.92999999999995,62.0,valencia,nuevo,68.56142857142856
7e2a34bd-6d6b-45dd-b5e0-18364999e2b9,9,609.69,43.0,barcelona,recurrente,67.74333333333334
7e39f641-c93a-40d4-865b-3db62e276bf2,8,863.81,44.0,zaragoza,recurrente,107.97625
7e4876cb-7b3b-4943-958a-f3300936ced1,7,678.28,29.0,vigo,corporativo,96.89714285714285
7e4b6209-b257-4db7-a438-614071042806,5,218.57999999999998,63.0,murcia,nuevo,43.715999999999994
7e7dbed7-c8b4-45d2-8225-41331ff715a2,9,774.72,38.0,sevilla,nuevo,86.08
7e87f290-8e96-44f9-b2d7-0fdf9ab752ca,8,960.8609000000001,44.0,vigo,recurrente,120.10761250000002
7e89c29e-f87b-4c7c-9c8d-0f0d06bf0b4c,11,1334.9209000000003,54.0,vigo,vip,121.35644545454548
7e8c0c1a-46bf-4ccd-9229-8d4eabfbc514,6,515.9,19.0,bilbao,vip,85.98333333333333
7ea36431-b765-4e12-bc2a-b90c38291abb,6,615.16,40.0,malaga,vip,102.52666666666666
7ea96613-075c-4143-8eb6-5ab337bf87f4,6,740.52,45.0,zaragoza,vip,123.42
7eab1603-70ee-470a-976f-d06cc9cf9efa,3,253.24,42.0,vigo,corporativo,84.41333333333334
7eb22a59-164d-4c86-9390-8a511d8ceabb,6,603.32,40.0,bilbao,vip,100.55333333333334
7ec28fa9-cad8-4f9a-a5b4-04a3f722c107,16,1049.52,40.0,valencia,nuevo,65.595
7ec575e7-9521-4a21-84b1-a6cb6019053e,8,970.95,24.0,murcia,recurrente,121.36875
7ec91bca-607f-4763-8c87-0d57d18c8e02,4,684.2509000000001,42.0,malaga,recurrente,171.06272500000003
7ed64946-21dd-42e5-8be3-f4eb28cc1644,4,466.14,37.0,sevilla,nuevo,116.535
7edb5245-b35e-4fb0-a26d-8d45682fc9b0,7,651.94,19.0,vigo,recurrente,93.13428571428572
7ef18091-b60e-4433-8a0f-59583ea37a0e,9,647.29,18.0,granada,recurrente,71.9211111111111
7f099438-706d-4b03-8cf7-789ef3fbb3e4,7,1143.3909,40.0,valencia,vip,163.34155714285717
7f0db257-aacb-4cf6-88c9-0888bb5d5976,10,912.06,24.0,barcelona,corporativo,91.20599999999999
7f1185ad-75b9-464f-aaae-0e0f3ac942ed,7,883.92,38.0,bilbao,corporativo,126.27428571428571
7f1b368d-3dd4-4df9-b9d1-b849887ad309,5,349.14,34.0,murcia,nuevo,69.828
7f23635c-d222-4ebd-b6d0-e2f98cee22a5,5,236.44,36.0,madrid,nuevo,47.288
7f2e82ae-3d31-4024-8596-24a3f0e04a0f,6,415.27,31.0,granada,recurrente,69.21166666666666
7f344b92-b2d9-4e05-956f-d285d6748498,10,1245.8209000000002,34.0,zaragoza,vip,124.58209000000002
7f36cf84-fbfe-4948-9a19-5cfc20d4e760,7,1024.0709000000002,18.0,malaga,nuevo,146.29584285714287
7f3b6cfa-5693-43c9-8bcd-ffa4ec33f53c,5,462.84999999999997,40.0,granada,recurrente,92.57
7f50f0af-6621-456d-a7bb-9900bc1efa97,5,578.54,67.0,madrid,recurrente,115.708
7f600b44-74db-4172-804b-1afd12e12f7e,8,537.46,45.0,bilbao,nuevo,67.1825
7f6bb101-9f6d-45ef-bede-2d0d062f8434,5,210.95,27.0,bilbao,nuevo,42.19
7f778cc2-7747-44a9-9fe4-5a4edf1ea320,6,299.28,40.0,vigo,nuevo,49.879999999999995
7f77c456-c48f-450b-b472-876860fdf937,4,271.90999999999997,20.0,malaga,corporativo,67.97749999999999
7f7c4eb2-b60f-4037-b736-d7382354c5a4,8,791.9,49.0,granada,recurrente,98.9875
7f7eb981-349e-476c-84a1-d4eccf554bee,5,257.77,25.0,zaragoza,nuevo,51.553999999999995
7f91d446-3ccd-439d-b57b-6186c731f7dc,9,1124.6009000000001,23.0,sevilla,vip,124.95565555555557
7f9b8477-67b5-4cdf-b45f-5a084546abc4,11,947.24,35.0,zaragoza,nuevo,86.11272727272727
7fa09682-44d5-44f4-9a0b-5a4d524539ba,4,151.49,54.0,murcia,recurrente,37.8725
7fa0a188-3a62-4eb0-a5b1-e310a6be1866,5,408.95,54.0,zaragoza,nuevo,81.78999999999999
7fa10309-6337-405c-9f8d-0c777d4274cd,3,305.03000000000003,61.0,malaga,recurrente,101.67666666666668
7fabe2ab-f482-4cf8-a2b4-d8b15670cf4f,9,1120.65,44.0,barcelona,corporativo,124.51666666666668
7fb20cd8-e259-487e-9a4d-164113b68fa9,7,1067.4,38.0,granada,recurrente,152.4857142857143
7fb2d816-354f-4ab5-92a3-f26bf14c75c9,6,382.2,49.0,bilbao,corporativo,63.699999999999996
7fb6cd21-5110-417b-b793-4565ba813f72,7,936.5799999999999,44.0,barcelona,recurrente,133.79714285714286
7fb7da98-1b5a-4615-a269-dc4390c4f3ba,13,1668.1399999999999,50.0,valencia,vip,128.31846153846152
7fd4006e-bf3c-494e-b641-1849de30db93,7,396.58000000000004,60.0,murcia,recurrente,56.65428571428572
7fdaa890-a647-4cce-b9cb-2333742877f6,10,1013.1309000000001,18.0,murcia,corporativo,101.31309000000002
7fdf17b8-0d81-4e53-ab91-98bc7681ed96,3,82.39,35.0,zaragoza,nuevo,27.463333333333335
7fe384c5-b02e-4cea-9dcd-dbeaf5c6a023,5,746.47,39.0,sevilla,vip,149.294
7fee0abc-2b7d-4625-a376-85087a694750,8,869.35,41.0,barcelona,corporativo,108.66875
7ff94369-cd11-471a-abd4-cb0b61ed79ad,9,532.28,51.0,valencia,recurrente,59.142222222222216
7ffb8e1e-7910-4c5e-8588-b910fa245afe,7,810.21,32.0,malaga,recurrente,115.74428571428572
80102215-e54c-4ebf-b19d-f9ddaeb50402,9,1334.6618000000003,42.0,vigo,recurrente,148.2957555555556
80103663-8789-4399-ab70-74d674fe042d,7,1199.93,53.0,granada,corporativo,171.41857142857143
80182075-8f8b-47e0-a080-626e4afbbc3a,5,1003.07,44.0,bilbao,vip,200.614
80271e2e-dd0b-4935-81e9-1f79213d3cde,7,742.48,40.0,sevilla,nuevo,106.06857142857143
80320491-4730-47f2-8af7-d439d7320ed2,7,1091.4709000000003,29.0,valencia,recurrente,155.92441428571433
8044e552-603a-4d63-9f39-c50a50f91457,8,958.63,61.0,vigo,nuevo,119.82875
804fb0af-1f5c-479e-b0c9-3ec206374ebd,5,616.31,53.0,barcelona,recurrente,123.26199999999999
8050b279-1d9e-4318-8f8a-c529f2e6702f,12,1556.47,50.0,barcelona,nuevo,129.70583333333335
80564063-dbb1-4fef-901a-10c33f0e71b7,5,553.9,48.0,bilbao,nuevo,110.78
805ac105-58eb-4633-990d-1f6ca0b95ec9,11,1022.4000000000001,35.0,granada,nuevo,92.94545454545455
80738dd8-c318-4388-a026-01b26c4ac8e2,11,1420.95,19.0,murcia,nuevo,129.17727272727274
807454b1-d738-44ea-adad-4b0b84edaf35,8,623.9,36.0,granada,recurrente,77.9875
807e6f65-ee08-4e4b-89b8-9400bd7a993f,9,866.59,28.0,barcelona,vip,96.28777777777778
80827f44-774d-4d31-ac32-3a3d8ffeef74,9,965.97,63.0,murcia,nuevo,107.33
8082d81a-f509-4c4e-b66e-4ee59defc8a9,5,504.11,29.0,zaragoza,nuevo,100.822
80858f13-22ad-4e92-9e1d-c0f517f996e6,6,346.08,72.0,barcelona,nuevo,57.68
80899d44-d627-444c-995b-425050f17082,3,90.48,31.0,sevilla,recurrente,30.16
808a60c0-cf05-4e17-8eb9-044d807a5b8c,4,297.5,38.0,bilbao,nuevo,74.375
80950162-a5db-46bf-a0a1-fef0394ff0cd,7,585.01,62.0,valencia,vip,83.57285714285715
80968703-9013-400f-b4b5-d4e924153ee8,5,548.37,35.0,barcelona,recurrente,109.674
80a342a6-a319-4f3e-ad23-b5c70a32103b,7,447.12,37.0,madrid,corporativo,63.87428571428571
80a6cc53-bfc1-4d14-8d86-838e834cf4c9,2,172.64999999999998,27.0,madrid,nuevo,86.32499999999999
80ab5e32-34a1-47d5-8298-553f1bbb8dc1,4,349.28,40.0,zaragoza,nuevo,87.32
80aed4e7-12db-478e-ac67-187db40d9530,4,417.44,48.0,murcia,recurrente,104.36
80af6b69-a9c4-408c-8640-e33a4f02e3be,7,1297.52,46.0,barcelona,recurrente,185.35999999999999
80b41f85-0ac5-464c-94b4-992dceb5d2a7,4,571.8199999999999,36.0,granada,nuevo,142.95499999999998
80b5c657-90c5-4cf1-83b7-823d4817d2c6,3,184.0,26.0,granada,recurrente,61.333333333333336
80b70123-202d-4612-9d12-ad4966f1dca5,7,579.64,39.0,granada,nuevo,82.80571428571429
80c9bd03-1705-4178-b43a-907a968be520,8,768.22,58.0,malaga,recurrente,96.0275
80cea3ef-05fc-40da-909f-0e20008471c8,7,973.4009000000002,27.0,zaragoza,corporativo,139.05727142857145
80d58004-561a-4429-90c4-e7365f4fa7e6,7,1166.83,30.0,bilbao,corporativo,166.69
80d8d1e2-e060-4162-aff0-b6efc9d9645d,9,714.2,49.0,zaragoza,nuevo,79.35555555555555
80dfe07e-317c-4e58-a85a-37045c053601,6,650.69,48.0,granada,nuevo,108.44833333333334
80e47f25-9b97-4302-9b11-cb01309df930,4,675.86,57.0,granada,vip,168.965
80eb5768-b61d-4333-9607-8cf88347ced8,2,310.04999999999995,22.0,zaragoza,recurrente,155.02499999999998
80fe91ac-3f58-4f85-895b-5dae98ff7c6d,9,1370.28,35.0,malaga,nuevo,152.25333333333333
80ff37a2-04b5-476a-8732-3afb329db37c,6,462.5,34.0,vigo,recurrente,77.08333333333333
8100d7a6-93c4-4282-beb7-6b54424c0be4,8,670.7900000000001,45.0,malaga,recurrente,83.84875000000001
8106ac46-5952-4ff9-9d91-f03a9ed3119a,7,900.98,55.0,murcia,recurrente,128.71142857142857
8109abac-4eed-4869-9084-e1986f505d40,4,429.88,40.0,sevilla,recurrente,107.47
81113807-000e-4f43-8560-40d72cddc31b,8,554.29,54.0,malaga,recurrente,69.28625
811ac64c-b01c-49fc-8223-834353d9f6b2,8,1505.3909,48.0,zaragoza,vip,188.1738625
81278a1a-b3dc-4468-92de-e7eeb3140ee4,8,439.67,42.0,zaragoza,recurrente,54.95875
81288712-1bf4-4af2-98ab-c4cee55f53dd,5,339.84,50.0,granada,vip,67.96799999999999
81368d78-e77a-42ab-8155-5924164c0589,3,467.40999999999997,31.0,valencia,recurrente,155.8033333333333
813a49e0-ec99-4bdb-9624-49b502e8789f,7,812.22,53.0,sevilla,nuevo,116.03142857142858
813d4bce-26e9-4a78-9c47-bd2b694327ef,5,219.92000000000002,50.0,vigo,corporativo,43.984
8145f070-a498-474e-8578-5dfaac0cbec7,7,1011.19,37.0,vigo,recurrente,144.4557142857143
814cab37-0bda-48d1-ad72-eb3806dbbbdf,6,552.88,49.0,granada,recurrente,92.14666666666666
815349eb-5531-4a4b-83dd-c309c8ec7794,6,425.42,58.0,madrid,recurrente,70.90333333333334
8163da05-b6ff-4f10-a105-29ed8afb8d47,14,1174.01,36.0,murcia,nuevo,83.85785714285714
81726d4e-1ad6-4393-86e5-1e260b80522b,8,1211.1299999999999,78.0,madrid,recurrente,151.39124999999999
817c98ba-ac25-49a6-8ea9-e6523fb58f07,9,1038.94,40.0,malaga,corporativo,115.43777777777778
818a6065-f991-4157-ac06-8cee6c791574,7,754.3299999999999,79.0,malaga,vip,107.76142857142857
818af8d7-f184-42f1-bc4d-ed5062ea1ab4,8,1198.55,51.0,madrid,recurrente,149.81875
8196016f-34d7-435e-adf7-0ff5fbf8973a,4,257.42,39.0,madrid,recurrente,64.355
819eb5d1-8210-4c57-9662-685ec29e8c63,8,1714.4618000000003,46.0,zaragoza,corporativo,214.30772500000003
81a32686-29e7-4325-8f16-0492bc544792,9,1240.7,40.0,granada,vip,137.85555555555555
81a396a1-bc45-4bbe-a46f-700a11235458,9,862.52,47.0,valencia,nuevo,95.83555555555556
81ad2051-2362-4d5c-b2ff-1485568460e2,6,596.09,44.0,malaga,recurrente,99.34833333333334
81b4613e-550c-4b69-b672-a20e5338d379,7,1131.6409,46.0,granada,nuevo,161.66298571428572
81ba8a93-1e7b-45c7-8875-4bfaadef4ffa,8,761.96,35.0,zaragoza,vip,95.245
81c2f67a-bd73-4535-bf47-66e42d3b0911,7,283.25,40.0,vigo,nuevo,40.464285714285715
81d19d1b-839e-4e74-8dd4-fecddfc9997c,10,1276.68,42.0,granada,recurrente,127.668
81d27ddf-136f-4a6a-9abd-0b96a263afb4,11,973.06,40.0,granada,recurrente,88.46
81eb6eb3-6c5d-4547-beab-f656516c5e2c,5,426.23,33.0,malaga,recurrente,85.24600000000001
81ef3b8c-3fc4-4a3e-8010-62c7e5adbb06,12,1128.67,25.0,granada,corporativo,94.05583333333334
81f567f1-1f68-4904-857d-8b1d237624c5,6,482.92999999999995,50.0,malaga,recurrente,80.48833333333333
82025a8c-24a4-43f6-b491-b146b95d42f6,7,648.95,38.0,vigo,recurrente,92.70714285714287
820abc34-d6d8-4da3-9f8f-8829208df272,6,245.99,50.0,vigo,nuevo,40.998333333333335
8216e19d-3aa7-4d98-8b44-6c841d314a15,9,863.37,37.0,madrid,nuevo,95.93
8221c873-b59b-47e5-97ce-6fd06181c53f,5,532.71,64.0,malaga,recurrente,106.542
8227cd52-2c2a-4341-a853-e49fa1081ad8,6,732.22,40.0,vigo,corporativo,122.03666666666668
822fdec3-b5e4-4133-9bd8-c005320af455,5,540.39,42.0,valencia,nuevo,108.078
825f8591-6336-4a4b-9ad4-1313fb648b20,5,459.64,49.0,sevilla,nuevo,91.928
826156d1-4ffe-4687-958e-4faf69a81518,3,187.76999999999998,52.0,sevilla,corporativo,62.589999999999996
826f0e06-dd64-469e-8e51-87447626e0cb,4,490.48,61.0,murcia,corporativo,122.62
82716514-46dc-45ad-b792-f5bd91dfddc1,8,625.76,18.0,granada,vip,78.22
829668d1-2aa5-4da2-ac50-bfebca853e14,3,354.38,32.0,bilbao,vip,118.12666666666667
82aeb755-decd-41d6-b2cd-c870d2e894c2,7,932.8299999999999,26.0,granada,corporativo,133.26142857142855
82c40d7c-eef9-4db8-8766-3a608891b820,7,863.73,50.0,madrid,recurrente,123.39
82c87e3c-5a66-45a3-a565-1bbc0e56594a,6,611.37,30.0,vigo,nuevo,101.895
82d9f8b0-ab56-42b8-a377-3081b9a8dfe6,8,878.7309000000001,42.0,sevilla,nuevo,109.84136250000002
82e999c2-4fa0-4159-9040-2e05de7e7cb8,10,1131.88,42.0,valencia,nuevo,113.18800000000002
82eac5df-6864-4018-a925-f850fef57c0a,10,1072.54,51.0,murcia,nuevo,107.25399999999999
82ec517a-697e-48b6-a7de-6fe33c5bb79e,6,789.99,52.0,bilbao,vip,131.665
82fd292d-da24-4d59-82d4-83015ae5f652,9,787.22,18.0,vigo,nuevo,87.4688888888889
82fe43c0-c01c-4fc9-9d6b-cd6cc2da5e25,8,1264.9709000000003,47.0,valencia,recurrente,158.12136250000003
8300390c-709f-4567-b696-87c48972ed37,7,925.81,37.0,vigo,vip,132.25857142857143
8303548e-8474-4852-8870-4ee4c2a7fe34,7,469.34,54.0,madrid,vip,67.04857142857142
83157d0d-7421-449a-968a-e70c65b83b56,5,325.03,34.0,vigo,nuevo,65.006
831c5a81-0af1-4bb2-ad4e-17f49cc2683b,5,419.51,37.0,malaga,vip,83.902
83236cd2-b130-4d09-8204-6a086089f96d,5,244.34,38.0,murcia,nuevo,48.868
83247ed8-d2f1-4156-9834-13914ed3e998,8,1151.81,48.0,zaragoza,recurrente,143.97625
832814de-6fbf-4d03-9c5a-10711e617b11,8,883.8299999999999,22.0,valencia,nuevo,110.47874999999999
832f76d5-2b59-43c6-8bae-752d42953bed,10,1086.39,47.0,bilbao,nuevo,108.63900000000001
8336b3c7-283e-4335-be58-e9f4fc774499,8,561.33,59.0,sevilla,corporativo,70.16625
83459c64-c2f1-4e58-9499-ec3b499d9ba2,3,73.68,31.0,valencia,nuevo,24.560000000000002
8362601b-dde2-44b5-a43e-0cd8514793b5,7,652.46,30.0,sevilla,nuevo,93.20857142857143
8366e40f-aef1-4245-9e17-6bece266d232,10,1027.86,24.0,valencia,recurrente,102.78599999999999
83710e54-dd51-4406-b994-9ef5484df557,8,1251.46,27.0,valencia,recurrente,156.4325
83770c43-28f7-4b88-9642-3ff4fdee7c9a,4,175.25,63.0,bilbao,corporativo,43.8125
83886a3a-5b14-49fb-9b6b-d6d34b0bdc85,5,867.02,48.0,barcelona,nuevo,173.404
838ec787-125f-4cd1-aa6e-6879961909c5,7,674.37,18.0,zaragoza,nuevo,96.33857142857143
8394090e-ef08-460e-a360-7e36bfc30b9c,6,942.27,44.0,malaga,nuevo,157.045
839a1604-57bf-4516-bd50-fd0e32a4dbcc,7,796.0609000000002,57.0,vigo,nuevo,113.72298571428574
83adc25b-7a25-4f91-98b7-316eaa7e4a25,5,367.26,48.0,vigo,nuevo,73.452
83b383a6-3dbd-484f-ba96-b0e8bed7a031,5,996.7009000000002,37.0,malaga,vip,199.34018000000003
83b74178-92ee-482c-84f5-71d2fb83f12f,7,515.04,58.0,bilbao,nuevo,73.57714285714285
83ba53b2-10a1-431f-b587-c9f3ebec409e,10,836.63,75.0,sevilla,recurrente,83.663
83bd2004-1d2f-4ddf-8568-dcfc5d92685d,10,995.27,54.0,madrid,recurrente,99.527
83c254a4-3273-4b5a-84ce-294379ddf164,6,350.1,38.0,bilbao,nuevo,58.35
83c45569-1eee-4e17-bd90-a3a393f24a4c,8,1219.41,55.0,vigo,nuevo,152.42625
83cabcc1-c64d-4748-82c1-356f63bfa7a8,4,201.24,32.0,malaga,recurrente,50.31
83cc7f10-c969-49aa-aad7-9d7cf99916dd,6,326.82,41.0,bilbao,recurrente,54.47
83db7326-1a2f-4578-bcb0-7668fe83995b,3,306.58000000000004,46.0,granada,recurrente,102.19333333333334
83e749fb-2af7-4d45-8394-5593c9b66047,9,1060.05,25.0,murcia,recurrente,117.78333333333333
83eb9784-e65b-4317-9d55-4a818439795a,5,494.09999999999997,40.0,malaga,nuevo,98.82
83f4b803-b183-426b-8e77-4dd32111ece4,11,786.23,45.0,malaga,vip,71.47545454545455
83f64093-73bd-46c2-a1d7-ca60c7e8fd16,4,297.63,42.0,barcelona,nuevo,74.4075
840cee86-b7b3-4c4a-a429-6d483e1602be,8,1035.33,29.0,madrid,recurrente,129.41625
841924c6-6f66-4dcc-a0f7-66365406c61e,6,570.27,30.0,sevilla,recurrente,95.045
842c1c9b-8c7e-422d-a717-2895493146c4,4,170.16,54.0,malaga,nuevo,42.54
842d6fd8-d6c3-4a02-9488-c73466cd1c74,10,1139.93,43.0,madrid,recurrente,113.99300000000001
84322f18-21ba-432f-ad96-4048b768148b,8,597.0699999999999,51.0,granada,recurrente,74.63374999999999
8436f3a6-cd36-4179-bdb6-39cca252fb21,6,911.6409000000002,49.0,vigo,recurrente,151.94015000000005
844b14ad-a243-40e9-9985-7515c3dfb65c,7,1025.01,30.0,zaragoza,recurrente,146.43
846e548f-9b89-4d5a-816a-b88c90e68dee,7,1437.1509,40.0,zaragoza,nuevo,205.30727142857145
84700cd2-6706-42de-bab7-333edea4551b,8,704.99,33.0,zaragoza,corporativo,88.12375
8471a655-573a-4df9-bd71-5bf6790ad70c,5,215.52,34.0,barcelona,vip,43.104
847b8384-c497-4e7f-af8b-f6a83d624d0e,10,1117.62,55.0,vigo,recurrente,111.76199999999999
8480aac5-6657-4a7e-badd-89e76a9be6b4,8,1176.1009000000001,47.0,sevilla,vip,147.01261250000002
8486b156-019b-4531-82ab-a17fbe41fe02,3,172.51,55.0,malaga,vip,57.50333333333333
8488a663-61ac-436d-9228-0627db74b6ec,6,1355.8409000000001,40.0,malaga,recurrente,225.97348333333335
8490a3a9-bd6a-44c3-8556-f122eb3dd15a,4,495.85,32.0,zaragoza,vip,123.9625
849871ed-434e-4f4c-b2fd-2c69c9da34b5,9,1595.1809,35.0,murcia,corporativo,177.24232222222224
849b14b5-0d4e-4849-bbdb-0cafe66acf0e,9,1013.91,25.0,granada,nuevo,112.65666666666667
84a001d9-4f65-4d55-b71a-c8b371349937,9,527.99,45.0,madrid,recurrente,58.66555555555556
84a6b1b1-8dfe-434d-b385-84a36a9bb23e,7,652.25,56.0,zaragoza,nuevo,93.17857142857143
84ad3154-126d-45bd-8c0a-85f92f9baf70,8,754.6700000000001,30.0,zaragoza,recurrente,94.33375000000001
84ad3302-40f6-4702-8180-6c192bf9dad0,5,560.79,48.0,malaga,recurrente,112.15799999999999
84adc3eb-3cbd-4196-b0f5-f88b9a080147,5,547.42,28.0,murcia,corporativo,109.484
84b9d637-b184-4245-8530-869418f467df,7,833.77,29.0,malaga,recurrente,119.11
84d412ba-b2a1-49e3-8f94-d1d77bf54003,4,631.69,52.0,bilbao,nuevo,157.9225
84d72fed-bf40-4c7d-be66-bf4662a2cf54,5,746.3609000000001,25.0,valencia,nuevo,149.27218000000002
84d7733e-ad42-4769-bbc9-ea8f3032c3af,5,442.89,36.0,barcelona,nuevo,88.578
84d99fd5-3c91-40c3-8874-3328407ee440,7,780.36,48.0,murcia,recurrente,111.48
84e5e14a-9d2a-4b12-9f34-1e7e13cd1a24,4,302.70000000000005,33.0,granada,recurrente,75.67500000000001
84f21afe-7363-4825-9b2e-e234870e02f8,5,560.21,55.0,bilbao,corporativo,112.042
84f46b04-118b-4ecd-a958-2800276125e8,7,599.33,40.0,sevilla,nuevo,85.61857142857143
84f4f552-9867-497b-818c-cb437bfcfdda,3,288.01,38.0,zaragoza,recurrente,96.00333333333333
84fd0030-b7a7-442d-8741-a3994d8bc915,5,532.02,40.0,bilbao,vip,106.404
85083747-7922-4096-b015-f2843163aea5,6,529.38,52.0,barcelona,recurrente,88.23
85089211-c6fa-4d02-a14c-7ce231e31b1c,10,1205.87,59.0,barcelona,corporativo,120.58699999999999
8519134c-b5e7-4836-84bf-39b19a2abcc0,10,1261.23,37.0,sevilla,nuevo,126.123
85247a59-58de-4da7-b564-ebfa7b832dd2,5,465.5,26.0,vigo,nuevo,93.1
852a9fc4-ce06-44ae-932f-02407394a964,5,759.4,60.0,valencia,recurrente,151.88
8545201e-efb7-43b6-bbfd-64b0682c7ba1,8,845.66,40.0,valencia,nuevo,105.7075
854de172-9df1-44ed-b0a6-0a78a1dd1fe0,12,1643.3209000000002,39.0,madrid,nuevo,136.94340833333334
854f49a6-ea99-41af-959a-9f1cba7b1bf1,7,631.6600000000001,18.0,malaga,recurrente,90.23714285714287
855052d5-90bd-4147-9786-a13e0586943e,9,873.4200000000001,31.0,zaragoza,recurrente,97.04666666666668
8550c627-a7b3-4cf4-8c8e-23ccc2b5e95f,5,434.75,39.0,barcelona,nuevo,86.95
85519655-5544-43b1-8985-b09f269e9b80,9,1071.44,23.0,valencia,recurrente,119.0488888888889
8551ab83-c785-49c9-9639-ee66e327db3e,13,1178.15,38.0,bilbao,nuevo,90.62692307692308
855b16c7-3e00-4f96-9d86-d88551a67b9d,3,202.82,18.0,madrid,recurrente,67.60666666666667
855ca356-ca42-468e-9c9e-dbc1c3555381,9,654.4599999999999,40.0,sevilla,vip,72.71777777777777
856b5ac0-487f-4c65-a19b-7b39bddf54b9,6,522.31,18.0,bilbao,recurrente,87.05166666666666
8577ab24-2ec6-43c7-ad09-4c8e632f7dcb,6,579.48,18.0,bilbao,corporativo,96.58
857d634f-b58f-439e-9f00-ba2e1a41480c,7,454.38,37.0,murcia,vip,64.91142857142857
858db33a-b168-4a11-a749-ee4ba76aaab1,10,862.38,50.0,sevilla,nuevo,86.238
85a0eea0-6592-4814-9cf8-b623495567ef,7,693.62,52.0,bilbao,recurrente,99.08857142857143
85a1b920-6996-41ae-b705-e80bfb5be51a,4,896.9399999999999,60.0,sevilla,recurrente,224.23499999999999
85b80f07-72f8-418b-9278-66d3e340aa03,7,697.59,48.0,murcia,recurrente,99.6557142857143
85b955e7-c197-4aee-bcc0-1c09af01cc12,3,147.43,31.0,bilbao,nuevo,49.14333333333334
85c3c2db-7161-4146-878e-f93e72ac6b4e,4,453.62,34.0,zaragoza,corporativo,113.405
85c46d0e-c1cf-4012-aab2-92d96df84f61,5,338.69,45.0,granada,recurrente,67.738
85c5fb30-6405-48eb-84f6-c0f2681ab1e2,7,964.45,32.0,vigo,nuevo,137.77857142857144
85c73edf-6a6a-496a-9dc9-0e2734cea899,9,730.21,44.0,granada,recurrente,81.13444444444445
85cad184-af37-4c73-81ae-20b499715a66,3,713.9909000000002,35.0,bilbao,recurrente,237.99696666666674
85d174e9-7c73-41f1-8506-04de9f6b830f,7,543.24,51.0,bilbao,corporativo,77.60571428571428
85d1d9a1-6975-4e09-a1e7-68a1b5f5c552,8,791.02,29.0,granada,vip,98.8775
85e4652a-333a-4e57-95c9-951da95614a3,2,85.32000000000001,46.0,granada,corporativo,42.660000000000004
85e53b8b-b7dc-406b-b0a7-bd5dd857e548,11,1061.15,21.0,madrid,vip,96.46818181818183
85e587c9-a62d-4efd-8080-f65c235c4dd7,10,1275.0709000000002,36.0,malaga,vip,127.50709000000002
8604c11d-4102-421a-870c-2b69e3ec700d,5,589.48,44.0,bilbao,nuevo,117.896
860e55aa-74c8-4210-a492-2e3961fd48c6,7,674.03,50.0,sevilla,nuevo,96.28999999999999
8615ad26-a8b8-4b1e-9a2b-6006a74cbf58,4,178.38,39.0,granada,nuevo,44.595
861d6b7f-0622-4b2e-8190-7d61a5ed13eb,4,478.85,23.0,bilbao,recurrente,119.7125
86256fbf-cb27-4c69-a175-a4e537746bd6,3,411.87,45.0,vigo,recurrente,137.29
86337f51-c0ee-4fe7-8fa1-97c68a3749f3,9,629.9300000000001,42.0,granada,nuevo,69.99222222222222
86357f38-c14a-4773-bb43-72864fe653fc,4,315.74,50.0,madrid,recurrente,78.935
863de460-16b3-4f11-a299-6fca97bb2d5a,6,490.19000000000005,18.0,valencia,nuevo,81.69833333333334
86432d0c-2861-4da1-8735-cc9168914ad8,8,1339.81,39.0,vigo,vip,167.47625
86620981-43c3-4910-9a8f-5118f83b8a1e,9,927.04,28.0,vigo,recurrente,103.00444444444445
8664aff5-bed8-4dde-87c6-496192d55e7c,5,547.1999999999999,43.0,bilbao,nuevo,109.43999999999998
86676183-f475-4a3c-a295-fde81f352189,15,1963.5009000000002,39.0,madrid,vip,130.90006000000002
866fd50f-e8c4-44c9-809e-4a0a23b26839,6,524.72,52.0,murcia,nuevo,87.45333333333333
86711af0-c9af-4886-8cc9-e647f969af73,8,538.01,40.0,sevilla,nuevo,67.25125
86770c40-5830-49df-89e0-06fe0cd93b23,6,518.33,31.0,madrid,vip,86.38833333333334
867e7cb5-d649-4faf-ab7d-3a3e373175af,6,838.05,57.0,madrid,corporativo,139.67499999999998
868543e1-d703-4b37-847a-1f63d66af147,11,1016.73,38.0,murcia,nuevo,92.43
8699325e-ba7e-49a0-a6c3-ec327dfa5734,6,599.7,41.0,barcelona,recurrente,99.95
86a02409-4087-42f0-9886-0eacc770e3de,8,909.22,23.0,malaga,nuevo,113.6525
86abef6d-812e-4de8-891f-32b98320e754,10,834.3,54.0,malaga,vip,83.42999999999999
86b6e5e1-ee77-4f5f-8adb-2d0460d9d5fd,5,475.63,18.0,valencia,recurrente,95.126
86b8644f-ebdc-4fb6-b5f9-a4461358388d,11,1005.6,63.0,vigo,nuevo,91.41818181818182
86be259c-51de-43ef-ae42-df00d137cd27,7,404.8,20.0,madrid,nuevo,57.82857142857143
86c303a8-e3ab-4415-b83e-7c0c728ae84c,8,943.77,34.0,malaga,corporativo,117.97125
86c571d0-c678-488e-b2de-3dd08d581153,7,1056.8600000000001,34.0,granada,corporativo,150.98000000000002
86c6f1b0-7ccd-45ad-b32d-a42533fc5cf0,4,481.45,42.0,bilbao,vip,120.3625
86c8990d-8952-4f89-b41c-49fa42891d1a,6,386.93,51.0,malaga,corporativo,64.48833333333333
86c8e474-60e2-4b4b-bd1b-3662c876bbca,5,685.5909000000001,46.0,vigo,nuevo,137.11818000000002
86ccef4b-2863-4239-a3f4-5b02562c0b4c,6,819.49,40.0,sevilla,vip,136.58166666666668
86ce0a80-04ff-44f4-a7aa-f8ac1ecde51f,5,502.67999999999995,48.0,vigo,recurrente,100.53599999999999
86e400e0-00d0-4469-984d-2fb12dc7dbd4,9,676.48,34.0,barcelona,recurrente,75.16444444444444
86ec8514-b8e8-4691-b808-d8c15278b39f,8,1064.83,65.0,sevilla,recurrente,133.10375
86ee4fd7-0751-4b9c-b957-c0c4bacec6c0,8,975.3000000000001,46.0,madrid,corporativo,121.91250000000001
86f2df09-19b6-4603-a8d9-a5dd146b2211,7,246.83,38.0,granada,recurrente,35.261428571428574
87059b07-819c-433d-a1ce-eeb200c0f85e,7,643.69,20.0,murcia,recurrente,91.9557142857143
870c1e99-18d9-46f0-bf70-f9399581f659,4,286.69,33.0,sevilla,corporativo,71.6725
871cc45e-de92-48e5-9a08-342536437107,5,149.75,50.0,sevilla,recurrente,29.95
871d3d05-12cc-43d5-908a-9c5c6dfda456,5,254.62,44.0,sevilla,recurrente,50.924
872b209a-d150-43c8-90b8-4bc3b2e457d7,9,776.39,30.0,zaragoza,corporativo,86.26555555555555
872cb22f-261b-4251-8861-fd230c7651ad,10,1039.63,31.0,malaga,nuevo,103.96300000000001
87332998-094c-4410-83a9-9a0cb4fc07d6,8,792.21,35.0,madrid,recurrente,99.02625
87362912-68f4-4267-8c96-9335ee003996,8,855.72,37.0,malaga,nuevo,106.965
873825b6-ff86-4547-b540-c1addab8d658,3,233.01,41.0,murcia,recurrente,77.67
87445102-2a33-4327-9ce0-9208dffde844,4,506.74,43.0,malaga,vip,126.685
874a4c1d-cac3-45c1-a67a-bb2325c8f4ea,7,678.7900000000001,24.0,barcelona,recurrente,96.97000000000001
874fc8f0-1c41-4ede-83dc-af7ffafe9738,3,122.72,50.0,granada,nuevo,40.906666666666666
8755ea22-1dc0-4e4c-9549-6664d966feb0,14,1264.8200000000002,70.0,malaga,recurrente,90.34428571428573
8769da73-c2b5-4114-8ba2-e4bf537a4894,12,1289.62,46.0,barcelona,recurrente,107.46833333333332
876b0a94-1cb5-4a24-8e13-e93d4e6f2947,6,526.68,31.0,madrid,nuevo,87.77999999999999
8772fd8b-1617-48d2-a899-a4fa74651b1f,8,719.77,30.0,barcelona,nuevo,89.97125
8781a626-8e66-45cc-b1ca-daca751ff09d,4,153.89,37.0,barcelona,nuevo,38.4725
87824d3d-51cd-438f-91e0-195908e3c78c,6,328.16999999999996,31.0,barcelona,recurrente,54.69499999999999
878475c8-249e-45ef-8dac-fbac4b812107,3,515.51,44.0,barcelona,corporativo,171.83666666666667
87a142c9-ef5c-413f-88e5-dfc509f880de,11,1325.3,31.0,murcia,nuevo,120.48181818181818
87c3bf1e-3bbb-4bd3-94bc-01c6c621dbb5,7,732.49,38.0,malaga,nuevo,104.64142857142858
87cca1f8-18d6-4f5b-911a-b13b65e15ba6,11,1078.48,18.0,granada,recurrente,98.04363636363637
87ceaaab-25fa-4557-a501-bd214678440d,9,752.47,38.0,vigo,nuevo,83.60777777777778
87e05c3d-ee9d-4421-89b3-bdf592db6914,5,610.1,53.0,vigo,recurrente,122.02000000000001
87ea1df2-9087-4bd5-8f57-a1e64894e810,9,1020.66,45.0,malaga,vip,113.40666666666667
87ed3464-097f-4e0b-8cc1-4b00462baa7a,8,436.52,35.0,valencia,recurrente,54.565
87f7146d-5960-4da9-ac45-f401629541e1,12,1251.98,41.0,madrid,nuevo,104.33166666666666
88033792-8fac-4f83-b8a5-9c1777fbafb5,7,592.3199999999999,35.0,bilbao,recurrente,84.61714285714285
880885a6-fe27-48b5-9663-87989172c879,6,718.15,49.0,vigo,nuevo,119.69166666666666
880e134e-3ff8-4551-81d3-dd2b24d2b91c,5,424.29,46.0,madrid,nuevo,84.858
8812213a-6320-4ef0-a38a-af956f154546,3,617.51,57.0,malaga,nuevo,205.83666666666667
8812e2a0-f672-4c64-85c0-37cab309b7ad,5,598.74,50.0,zaragoza,recurrente,119.748
8816b038-94e7-4f14-a5c4-024bb7c865f9,9,1327.75,38.0,malaga,nuevo,147.52777777777777
8824ba98-f996-49ed-a2ad-6fafbc30df14,7,545.84,47.0,malaga,vip,77.97714285714287
88265514-e35d-496d-bfae-af3d93e1a748,9,921.39,40.0,murcia,nuevo,102.37666666666667
88290f68-bcf3-4252-840d-6bc250c30751,6,1182.78,18.0,bilbao,nuevo,197.13
883d26d2-ecb9-4ac7-b7d2-48c54a73d299,3,154.09,40.0,madrid,recurrente,51.36333333333334
884fc09c-bd2e-48e0-9fff-7170d5c74d04,4,312.89,40.0,madrid,nuevo,78.2225
8871f61f-d767-4dbf-810b-84671e08c909,4,308.28999999999996,71.0,vigo,recurrente,77.07249999999999
88731ff7-b4d4-40e6-bef4-08938d15cc60,4,1121.8600000000001,46.0,bilbao,nuevo,280.46500000000003
88740b49-4c24-4ec7-8221-54086d2b8c88,6,942.0509000000002,36.0,valencia,recurrente,157.00848333333337
887a6dce-9da0-40ee-a7bf-90dbe24d0c75,7,641.1600000000001,27.0,valencia,recurrente,91.59428571428573
887c329a-44cc-4069-8cc1-efce73ebd4d9,7,1235.5009000000002,18.0,malaga,nuevo,176.5001285714286
889592b8-b3e2-4f4a-a499-ae3486fda680,9,699.45,47.0,valencia,nuevo,77.71666666666667
88969862-6fcf-4c0c-ac60-4dcc481063cb,7,602.1400000000001,30.0,granada,recurrente,86.02000000000001
88a7294d-05b2-4982-80e9-be7c6223578c,7,326.01,22.0,granada,recurrente,46.57285714285714
88aac1df-e413-4aec-9465-b9c669663da7,6,546.98,46.0,granada,recurrente,91.16333333333334
88b0a497-0cde-4682-abc6-d3a1087db5b4,9,1028.81,36.0,barcelona,corporativo,114.31222222222222
88c04a0e-5cce-4629-9c6d-ae53871b8490,9,1332.67,40.0,sevilla,vip,148.07444444444445
88c26343-5933-43e9-80ac-b959ee389870,5,513.55,39.0,vigo,vip,102.71
88c6d146-56f6-407e-b668-b50a3ac6f7f2,4,309.41,48.0,madrid,vip,77.3525
88c6d51b-a29a-4c14-9901-a85bf9d8c7fe,7,685.09,36.0,vigo,nuevo,97.87
88ce1f4b-b19a-47b0-bcf9-506b621c5311,10,936.38,52.0,vigo,recurrente,93.638
88d08949-c46d-43e1-9df4-f2a591de3fdf,6,329.74,24.0,malaga,recurrente,54.95666666666667
88d21930-9bdc-4779-b1d7-5389c1d2b7f4,10,887.51,18.0,bilbao,nuevo,88.751
88d861b1-a042-45ac-bb47-dc1b006e0128,6,526.41,44.0,murcia,nuevo,87.735
88e487de-8576-4922-8211-dcb5461d073c,12,953.72,37.0,barcelona,vip,79.47666666666667
88ef2aad-9b9d-480c-a781-be4ce0b24689,6,610.36,45.0,zaragoza,recurrente,101.72666666666667
88ef8dc8-759e-4ddc-8ffb-271bb6f1d1fb,6,537.32,36.0,vigo,vip,89.55333333333334
88f1f962-0eb7-4494-8392-714b092521bf,6,577.62,55.0,sevilla,corporativo,96.27
88f4566a-b4a8-4bd4-b2e2-25e547747d82,9,1233.47,40.0,granada,recurrente,137.0522222222222
88f95c5b-5306-4dc6-8bd3-5a1431fecc2c,6,477.18,39.0,sevilla,recurrente,79.53
890b7cda-5718-4372-9760-5f16f3db69a4,4,461.38,38.0,malaga,nuevo,115.345
89320aef-dfaa-4607-a11e-7a39ab3a4b1f,6,1053.67,22.0,zaragoza,nuevo,175.61166666666668
8936fc85-92cd-4947-8d60-c886fcce5219,7,673.76,31.0,madrid,recurrente,96.25142857142858
8938c577-094e-43ec-89b1-b627b18733f2,6,909.0709000000002,49.0,malaga,corporativo,151.5118166666667
8949eb54-96d3-42c5-b255-13d5ee85c548,5,395.09000000000003,40.0,granada,corporativo,79.018
89541650-cebb-478a-857a-b7ab1a689fa3,7,606.86,40.0,barcelona,corporativo,86.69428571428571
895cc588-6a44-4fd6-9c61-d58a0407c94b,7,774.64,51.0,vigo,recurrente,110.66285714285713
89635a19-2cb3-45b6-8451-8b406bea2afc,4,376.82,50.0,bilbao,recurrente,94.205
8981aed0-8af4-495a-a915-a0973470d152,3,104.80000000000001,27.0,sevilla,nuevo,34.93333333333334
898d1fa8-e4d0-4091-b971-02cce1130921,5,374.52,48.0,madrid,recurrente,74.904
898e37f3-736a-4900-895b-fdbee50e4329,7,606.0899999999999,44.0,bilbao,recurrente,86.5842857142857
898f04ee-fd11-4f4a-978c-9977a9a6276a,7,648.42,24.0,madrid,nuevo,92.63142857142857
8990b0a8-636f-4f9a-a88e-98c9f67d9bf4,4,309.29,50.0,valencia,vip,77.3225
89980e8c-948f-4742-a16b-fd5439ccb336,10,770.0600000000001,41.0,malaga,nuevo,77.006
8998a75d-589d-45c5-ac6f-f09ba21871e7,9,1091.63,29.0,bilbao,nuevo,121.29222222222224
899920e8-fcec-488e-b752-d912fd2a270e,7,636.17,43.0,valencia,recurrente,90.88142857142857
89a4cb3c-ca38-41c8-8459-cfb798fc159b,6,1439.27,28.0,vigo,nuevo,239.87833333333333
89a75d05-d6ea-4387-bc07-46472e9b1c94,9,1202.24,23.0,malaga,vip,133.5822222222222
89b23fd9-6ec8-44c5-b1e4-cd3180c3f04e,6,778.31,48.0,murcia,corporativo,129.71833333333333
89b254be-9d7a-4e03-bd5d-c79ce1bc5e17,7,943.76,32.0,bilbao,nuevo,134.82285714285715
89bdf847-99e9-437b-8066-7b29d847a4e8,8,977.04,48.0,sevilla,recurrente,122.13
89ca82b7-0929-463e-a636-b2fc28bd015d,4,443.39,37.0,bilbao,vip,110.8475
89d78740-8cc6-4c41-a4fc-edf44d820de6,4,110.76,44.0,madrid,recurrente,27.69
89d7b85a-3b30-4b76-b5d9-5d7ca93cbd72,6,420.01,47.0,madrid,recurrente,70.00166666666667
89dbd0af-dd8d-4021-87a8-517c9ff9ea01,6,799.4709000000001,42.0,granada,recurrente,133.24515000000002
89e37289-e9c5-4012-be1c-2ad658a4b28e,8,762.36,25.0,malaga,recurrente,95.295
89e448c7-7341-4784-832b-b1602875413d,3,289.44,43.0,zaragoza,recurrente,96.48
89ea92c4-eb43-437a-a1bb-9e9b7727604e,6,1102.3409000000001,30.0,valencia,nuevo,183.72348333333335
89f0343c-4fe9-46aa-b7c3-79e83c278062,8,904.85,37.0,sevilla,nuevo,113.10625
89f32b27-37e8-493c-a58f-8a340ac4cdcd,7,405.53000000000003,38.0,vigo,recurrente,57.932857142857145
89f3d1f0-2ba5-4efc-b012-87d1f5db19d3,2,235.53,45.0,sevilla,corporativo,117.765
89fbf3b5-dd02-415a-98e2-20fab95b3618,10,1134.2,50.0,bilbao,corporativo,113.42
89fd8a21-9280-49c4-bb5b-5841e7d249ab,9,804.78,22.0,granada,recurrente,89.42
8a05bd3f-ea33-413e-8c57-ff512a4c2080,3,264.8,41.0,vigo,nuevo,88.26666666666667
8a13a568-1e55-4e60-8c7c-414d33a4393d,4,793.8299999999999,36.0,bilbao,recurrente,198.45749999999998
8a1908d5-3d65-496f-85b5-4d2194b0f41e,9,904.51,32.0,murcia,recurrente,100.50111111111111
8a1b672d-78bb-4bda-b2b8-07cbdef3b233,7,1280.9609000000003,36.0,bilbao,nuevo,182.99441428571433
8a21f42d-0185-4c42-9247-9f3ae8b67d44,8,610.8,63.0,sevilla,corporativo,76.35
8a27faee-4b30-4b2f-9cf8-98f237ed0439,7,676.2,32.0,vigo,vip,96.60000000000001
8a2b83a0-897b-493e-8fdf-9e14015fc92c,10,632.91,26.0,madrid,corporativo,63.291
8a2c6d94-b7bf-4bac-bb95-528100ae1e41,3,236.42,57.0,murcia,recurrente,78.80666666666666
8a380fb8-4deb-4273-a8e4-8d6ffeaf8570,5,479.12,40.0,murcia,nuevo,95.824
8a4a40a5-5aaa-4f5a-b9d7-5cbb0074f99d,9,917.6899999999999,21.0,bilbao,nuevo,101.96555555555555
8a4a49a4-e76e-4eb6-bf1a-62b3c23a3914,9,786.31,40.0,malaga,recurrente,87.36777777777777
8a51a2f8-d897-40b1-8a17-f35c03835bee,2,217.27999999999997,40.0,barcelona,nuevo,108.63999999999999
8a57994e-90b3-4a9c-90b1-53e2736eef8a,6,725.39,46.0,vigo,recurrente,120.89833333333333
8a591f1f-38a5-495b-91d2-0de6e8ccfa2a,4,331.67,18.0,barcelona,recurrente,82.9175
8a5de9c6-d9e9-463b-a96e-cfe64b28c6f1,10,1127.96,26.0,barcelona,nuevo,112.796
8a68431e-cf5b-4527-a8a4-fef890154665,8,843.85,59.0,sevilla,nuevo,105.48125
8a7248d0-85a0-4b52-b24f-f6e472aab990,9,935.64,46.0,murcia,recurrente,103.96
8a75f1db-6de4-42ee-8def-6f2b6ab9c94e,8,1333.9609,73.0,malaga,recurrente,166.7451125
8a7764c0-7013-4829-9cc6-28ee92a0d502,7,977.85,63.0,malaga,nuevo,139.69285714285715
8a80bba5-3a1f-494a-8e91-bd94611bb7a5,9,1002.19,40.0,bilbao,nuevo,111.35444444444445
8a817f77-0804-4f30-a2b9-ee307bea8ba8,6,563.6600000000001,33.0,valencia,recurrente,93.94333333333334
8a872588-c684-4d66-b4fa-e33fe8aeb47c,5,585.06,39.0,barcelona,recurrente,117.01199999999999
8a8974b4-3c2a-420c-acc6-2eef525e02a0,3,93.72,56.0,sevilla,corporativo,31.24
8a8edaea-5b87-4feb-81cb-843792c1ebb5,3,125.61,48.0,granada,nuevo,41.87
8a9d3086-feba-4d4a-aba4-70ffe026ca86,7,1350.13,33.0,murcia,nuevo,192.8757142857143
8aa099a0-453d-4930-9ec0-41fcdcefa932,6,492.44,35.0,barcelona,nuevo,82.07333333333334
8aa2753f-73b2-4cef-be52-4ca4eb2448c4,8,552.9300000000001,45.0,malaga,vip,69.11625000000001
8aa70d5e-5ae9-473e-82d6-a06f76ef9b85,1,342.09,57.0,granada,nuevo,342.09
8ab54107-76de-47ef-adca-04a4e3e2da41,5,974.56,67.0,bilbao,nuevo,194.91199999999998
8ab6f248-ed7b-4df2-8d3f-ee17811cf7e0,8,370.55,35.0,madrid,vip,46.31875
8ab9993e-21c3-4eb7-b1d4-3b1cf588dc56,8,539.9399999999999,48.0,valencia,nuevo,67.49249999999999
8aba0d4f-6ce2-42a7-b706-c8043a296adf,3,280.57,26.0,granada,recurrente,93.52333333333333
8aba442b-0fcc-4b77-9c09-d257eee57d9d,5,394.27,18.0,valencia,recurrente,78.854
8ac589cf-684b-4da4-811d-3f3fb8e64cbb,10,731.74,43.0,valencia,nuevo,73.174
8ad6804d-a856-491a-a901-92c51f9e85f4,6,810.5,35.0,vigo,recurrente,135.08333333333334
8adaaf26-435f-42fd-9a16-b27a1aeb48da,8,1025.5409000000002,63.0,barcelona,nuevo,128.19261250000002
8adbda3c-a7e6-4315-9ecf-d486ccfd3486,4,383.09,25.0,madrid,nuevo,95.7725
8ae86d06-cb84-456e-bffd-c753658529af,7,842.2,60.0,valencia,vip,120.31428571428572
8af167dc-9c63-4f2e-b12a-350939144f7b,5,224.6,60.0,sevilla,nuevo,44.92
8b1d6eca-2f52-4ae1-992e-0c327c0d5ed1,9,964.85,43.0,valencia,recurrente,107.20555555555556
8b1e3c9e-265e-41e9-b6e0-8ddeb7cbabca,11,999.5600000000001,71.0,bilbao,recurrente,90.86909090909091
8b22b9f7-f17e-4a59-8207-68229e530239,6,508.31,39.0,malaga,recurrente,84.71833333333333
8b28a630-82db-4726-b483-b91dfb62d092,6,313.85,41.0,murcia,recurrente,52.30833333333334
8b2a11e0-28e2-4631-9cc4-ce4715a08d08,11,783.22,35.0,malaga,corporativo,71.20181818181818
8b2be25f-dc59-4a28-8319-3feae88aa9d9,7,395.03999999999996,21.0,murcia,corporativo,56.43428571428571
8b42c99c-d5a1-42f9-a017-6f0e63800bad,3,175.18,42.0,vigo,recurrente,58.39333333333334
8b46beea-4f31-4310-b73d-f4968043ccf6,7,855.13,48.0,malaga,nuevo,122.16142857142857
8b5aa6b8-644a-4f5c-8bd6-ecc1f1ec5235,6,857.95,57.0,malaga,nuevo,142.99166666666667
8b5bcaf2-731a-4460-8ae9-f4b2d9db34b3,4,514.4200000000001,57.0,bilbao,recurrente,128.60500000000002
8b76f03d-82b1-4015-884d-3f589ba9020e,8,1050.13,49.0,vigo,nuevo,131.26625
8b7b4113-edff-4243-968c-ae311d93c3e3,3,216.82999999999998,40.0,murcia,vip,72.27666666666666
8b7b9a19-cc4d-4d2f-a581-67270436a73c,3,261.93,31.0,zaragoza,corporativo,87.31
8b869421-6572-4f42-89f4-7abfe8ba69da,8,682.39,40.0,murcia,recurrente,85.29875
8b89a8e0-d300-4078-9b09-fd9c26ac50cc,8,1065.0809000000002,54.0,valencia,nuevo,133.13511250000002
8b93979e-fec0-481d-8071-d04824c6d3b8,6,335.67,34.0,vigo,nuevo,55.945
8b9a7e16-a7b9-4b86-8670-6968751ea95f,9,1115.87,19.0,valencia,recurrente,123.98555555555555
8ba2c451-edc1-4c54-ae39-21d3aa27ee19,8,677.79,42.0,murcia,recurrente,84.72375
8ba68367-d429-4e96-ab7e-a6d07eca1230,7,1276.8609000000001,27.0,zaragoza,recurrente,182.4087
8bae1386-8a61-428d-8948-c76a2d66a8ee,2,318.64,22.0,zaragoza,nuevo,159.32
8bb00ee5-081c-4670-8ff2-d17b08e4ffbf,5,570.78,59.0,murcia,nuevo,114.15599999999999
8bb3866a-39cb-4168-bf9f-59ff45f1a66a,5,386.24,36.0,granada,nuevo,77.248
8bb75736-81a3-46b7-a49d-885145f2c07e,9,700.87,41.0,bilbao,nuevo,77.87444444444445
8bba7c5b-034a-4d11-ad60-bb304eadd3aa,7,662.9300000000001,32.0,barcelona,recurrente,94.70428571428572
8bc34f6c-9d7f-4f4f-8c7a-7eb491e57d05,1,116.26,70.0,granada,recurrente,116.26
8bcc8037-5503-4dab-99b1-5d7a32be4534,8,1430.1,18.0,valencia,nuevo,178.7625
8bd06681-762c-4b9b-a7cb-f757d58bcaa6,6,565.12,46.0,murcia,vip,94.18666666666667
8bd8835e-a7bf-48e6-bdd4-1729944cfcfd,10,1111.0409000000002,40.0,madrid,nuevo,111.10409000000001
8bd8ef49-0792-4510-b0cd-5b96ba015727,5,540.98,47.0,malaga,nuevo,108.196
8be76670-02d5-4d58-a000-489ebec9463a,6,768.64,50.0,granada,nuevo,128.10666666666665
8bf649a5-3e79-46bc-b428-9950c34c540b,5,309.71000000000004,37.0,sevilla,nuevo,61.94200000000001
8bf9aea3-01e8-4d40-9083-5a3e690278f0,7,654.19,51.0,bilbao,nuevo,93.4557142857143
8bfd3d3e-90d0-4102-9a70-f24aa8a14603,7,477.44,40.0,vigo,recurrente,68.20571428571428
8c0608bf-2428-49ae-b646-99a0e9fdd81f,6,445.67,30.0,valencia,corporativo,74.27833333333334
8c081842-b343-4069-9464-40877cf2d89b,4,149.94,53.0,granada,corporativo,37.485
8c1204ec-b540-488a-9bc9-865dd0371736,7,867.6700000000001,35.0,barcelona,recurrente,123.95285714285716
8c13ec0b-3a0c-4f32-b139-0a4f58aff796,8,564.09,18.0,sevilla,recurrente,70.51125
8c170f65-1966-4b05-95dd-7b8db8edaba9,8,602.01,35.0,vigo,recurrente,75.25125
8c1c8304-c532-41ee-8766-ee358ae3f6e2,3,355.88,33.0,malaga,vip,118.62666666666667
8c366fe1-2a9a-4e5c-bfb8-e96e675ca692,6,328.76,56.0,vigo,recurrente,54.79333333333333
8c37568d-6fa7-4506-b18d-32576ab80e4c,7,851.8100000000001,18.0,granada,recurrente,121.68714285714286
8c3a86d2-5e66-499f-9d08-af14542dedaf,5,870.4209000000002,35.0,barcelona,corporativo,174.08418000000003
8c3cd96a-5c38-49ea-afaf-799d26e221cd,5,421.74,53.0,murcia,nuevo,84.348
8c3cea2a-f788-4edf-b874-39ff1764d1cf,6,534.39,41.0,valencia,recurrente,89.065
8c3fe944-8846-4c4a-a6c6-72e2c0f8fe36,2,92.96000000000001,22.0,bilbao,corporativo,46.480000000000004
8c4552a1-7e05-4abf-8dea-b8af9e30e945,5,621.19,39.0,barcelona,recurrente,124.23800000000001
8c4702a5-2b74-47d8-8ff8-cb1ffa6249c2,5,844.29,50.0,madrid,recurrente,168.858
8c4eacf4-f04f-4dff-bfbc-d5263d22633e,2,246.67000000000002,43.0,vigo,nuevo,123.33500000000001
8c67101c-53ea-44a8-9551-d6dc2ce540b5,11,806.75,44.0,madrid,recurrente,73.3409090909091
8c6c2cb1-d76d-49f3-887c-2192aa7d782a,11,861.04,31.0,bilbao,vip,78.27636363636363
8c6faf98-265d-4f6c-8237-b972740d21de,5,393.3,41.0,granada,recurrente,78.66
8c7926a7-7100-4bbc-a931-47ccbb794dd0,8,1155.71,49.0,granada,nuevo,144.46375
8c80bf39-0eb2-41d2-a872-c15f717116c9,4,508.92,41.0,malaga,nuevo,127.23
8c859d82-7c9b-4bb3-bab0-ba8670f2816b,7,520.43,36.0,murcia,corporativo,74.34714285714286
8c9a0f1f-5fa8-4711-a04f-0b9466cf4084,6,757.8199999999999,53.0,madrid,recurrente,126.30333333333333
8c9fa870-4948-4951-a3bd-8c5a06ec7fe2,4,464.32000000000005,38.0,barcelona,nuevo,116.08000000000001
8cb13e26-dbc2-4c1f-a5f6-21b6eef19f79,3,150.7,73.0,bilbao,nuevo,50.23333333333333
8cb334a4-6850-4969-8905-3e7988723402,3,200.6,18.0,madrid,corporativo,66.86666666666666
8cca1768-d79d-4883-af78-cd8ec624b5ca,2,329.89,52.0,madrid,recurrente,164.945
8cd70092-43c0-4c05-bf7a-235d2a132e97,3,296.62,39.0,bilbao,recurrente,98.87333333333333
8cde33e9-9271-472e-9899-5b2a399577de,6,433.3,24.0,valencia,recurrente,72.21666666666667
8ce06efc-189a-498b-b680-e8f084e56a57,7,555.99,39.0,madrid,nuevo,79.42714285714285
8cf7072b-5372-4cb6-9c51-c4a6f142f40f,2,278.57,30.0,sevilla,nuevo,139.285
8cfa32d4-e0f9-498e-828a-046e192d069d,5,435.17,40.0,malaga,recurrente,87.034
8d0490b6-1464-41ef-b5c5-60ae8419476e,1,297.52,25.0,murcia,recurrente,297.52
8d12c63a-db60-4f67-97d5-68b6c0373d30,7,1020.3709000000001,59.0,zaragoza,corporativo,145.76727142857143
8d179a93-02e3-41bf-8db4-72cbfe1577d5,7,525.78,38.0,murcia,recurrente,75.11142857142856
8d2017ac-84a5-4b9e-9433-24b9e7cbcbb8,3,206.01999999999998,27.0,granada,corporativo,68.67333333333333
8d21c5a0-f421-43d6-a21a-1dcd04ed2435,7,741.61,40.0,sevilla,recurrente,105.94428571428571
8d280708-0492-4cc2-95ed-1a941f2327e4,9,456.46999999999997,40.0,granada,recurrente,50.718888888888884
8d36b915-30aa-49f1-ab32-d012f152c71c,4,286.11,62.0,sevilla,recurrente,71.5275
8d39169f-b213-49c9-87a4-0283b62925a9,6,540.92,24.0,granada,recurrente,90.15333333333332
8d3cbac5-950f-4138-80dc-4d1e13f99083,8,571.25,30.0,sevilla,recurrente,71.40625
8d42e6d7-2d03-479b-bfa9-b1524e69d17d,12,1443.7309000000002,34.0,madrid,recurrente,120.31090833333336
8d4e4a75-c5c9-4911-93ce-2760f02c4394,2,70.93,18.0,murcia,nuevo,35.465
8d4e93a5-d446-4008-a481-64ca2fb6c9ef,10,610.35,37.0,bilbao,vip,61.035000000000004
8d5a5355-7051-4a80-9b2e-fbc33c1952f2,4,351.87,45.0,sevilla,nuevo,87.9675
8d5be2ab-5672-4303-9226-b79bf0e06065,5,441.34999999999997,40.0,murcia,nuevo,88.27
8d65daac-7ac0-4d36-8aea-b92d88dddec0,8,1275.0109000000002,40.0,zaragoza,recurrente,159.37636250000003
8d6b2601-54c3-4a94-8eee-cf9e4d79459b,5,572.22,26.0,murcia,nuevo,114.444
8d710d52-2cdf-41de-b4a4-181eb2f007be,2,218.81,28.0,barcelona,nuevo,109.405
8d7144ee-f6db-4fdd-af10-23bf98de887b,8,513.72,23.0,zaragoza,nuevo,64.215
8d7a217e-ff2a-4fde-a349-76c86dd9226a,5,523.6,62.0,valencia,corporativo,104.72
8d82e1f2-2e56-438b-8cb1-ec4134f781bb,8,620.37,40.0,zaragoza,nuevo,77.54625
8d8cf8e7-5e30-41c5-bc79-0d4de0af271c,6,708.64,52.0,vigo,nuevo,118.10666666666667
8d8d184c-3c1c-4fe0-8ab5-cee220b492ea,9,1004.1500000000001,52.0,sevilla,recurrente,111.57222222222224
8d93bbf6-1a42-4cef-8758-1866d5840d0d,6,430.11,42.0,bilbao,vip,71.685
8d99fbfe-f7a7-4c5f-a4c4-7dc48f69e5a5,8,1369.19,55.0,vigo,nuevo,171.14875
8d9a13be-a482-4b39-b299-a821d6a2f05f,12,760.21,19.0,barcelona,corporativo,63.350833333333334
8d9d63c5-d545-4e96-ae4c-d085b9bebb6d,7,607.1,42.0,murcia,nuevo,86.72857142857143
8d9edc35-a98f-4ac5-bf41-8a8664c417a3,7,598.43,44.0,sevilla,recurrente,85.49
8d9f5561-3e11-4aed-a2b2-2138b170c539,5,285.40000000000003,41.0,vigo,recurrente,57.080000000000005
8da80f74-26b1-41a8-8f07-102c590c1386,3,77.15,36.0,barcelona,nuevo,25.71666666666667
8dc41904-0406-4da2-a2c8-81990d3b9248,3,661.25,42.0,granada,recurrente,220.41666666666666
8dc55029-333c-4e2f-bbc9-c125f05d4c52,12,1039.73,56.0,valencia,nuevo,86.64416666666666
8dc87399-b3be-44a4-8dff-018c329455f9,4,172.18,18.0,murcia,recurrente,43.045
8dcea472-eff9-416b-b648-a0037f50ebf4,8,1395.6,44.0,malaga,recurrente,174.45
8ddb01e5-6333-4b97-a6c1-409c3c702e93,7,1064.1399999999999,42.0,murcia,nuevo,152.01999999999998
8de97227-3d5e-45cd-9733-1fec1c214bea,5,1109.21,20.0,granada,recurrente,221.842
8deb583f-13f0-43cb-bc4a-6db7f3c508c0,9,1032.8609000000001,65.0,barcelona,nuevo,114.76232222222224
8df367fe-0fce-4edc-801f-1a9f9cb852d8,6,575.11,49.0,madrid,nuevo,95.85166666666667
8dfd353b-1a80-4137-b25a-3aacb062f6cb,1,165.33,24.0,bilbao,recurrente,165.33
8e02f614-2aca-4eb3-b9e1-07c98d7081ba,7,807.87,37.0,barcelona,recurrente,115.41
8e15b3cd-9430-4be7-8517-d44de9928653,8,1114.43,29.0,granada,recurrente,139.30375
8e26811b-c397-425d-bd6f-9f5431d30bc0,3,243.88,44.0,bilbao,vip,81.29333333333334
8e2a7e69-6d9f-4442-aca1-c908488cb149,7,1738.57,18.0,granada,recurrente,248.36714285714285
8e2e8771-9d98-4ec8-ad30-06145db86860,9,922.79,26.0,sevilla,nuevo,102.53222222222222
8e34029c-f546-406c-9cbd-69c01ef55a95,7,877.79,32.0,madrid,nuevo,125.39857142857143
8e42ccd2-3bbf-4bbb-ad6d-f8c2ec585120,6,876.93,35.0,barcelona,recurrente,146.155
8e4b0d86-430b-4a92-bd89-23e391b59435,7,770.51,49.0,murcia,recurrente,110.07285714285715
8e4fb369-161c-454b-8c58-e610c1ef356c,5,481.79,42.0,malaga,vip,96.358
8e514463-fd29-4222-910f-b6e123c73a54,2,162.01,55.0,vigo,nuevo,81.005
8e5b63fc-7fbd-4b59-9417-128ce44883f7,4,830.5309000000002,21.0,murcia,nuevo,207.63272500000005
8e628e73-7e06-4353-bfdf-ca5980d15c62,5,317.46,19.0,murcia,nuevo,63.492
8e6846f9-ea45-47c7-9591-1bc419303cd0,7,493.88000000000005,18.0,vigo,recurrente,70.55428571428573
8e6c1991-a108-42c7-b524-574afa72157f,7,888.11,55.0,valencia,nuevo,126.87285714285714
8e6fdf6c-3d74-47d7-a41d-b530a1d34bd5,5,379.53999999999996,50.0,bilbao,recurrente,75.90799999999999
8e7411c2-a838-4268-96a0-94e65e09e9cf,3,205.8,42.0,barcelona,recurrente,68.60000000000001
8e78413e-79f0-43c3-9ce5-4742c1c61785,8,568.2,39.0,vigo,recurrente,71.025
8e7946c7-8714-424d-bbdf-e05329bc22a2,6,366.8,29.0,barcelona,nuevo,61.13333333333333
8e79f206-ef2d-4939-b9a8-057de43b48a2,7,1353.61,32.0,sevilla,vip,193.37285714285713
8e92c54c-15da-4b23-8a29-3a377c526a12,12,1126.1599999999999,46.0,murcia,nuevo,93.84666666666665
8e9ef327-00ad-4a53-aa20-215a44b4dc37,7,355.78,60.0,madrid,nuevo,50.825714285714284
8eb4dffc-8248-4018-8af5-be6c0a11da1d,9,1085.33,46.0,valencia,nuevo,120.59222222222222
8eb569ac-2f2a-40d9-b5b2-ccb94666a381,2,180.19,51.0,granada,recurrente,90.095
8ec27aea-6752-47a2-838e-93b2939e5d4c,9,1524.56,31.0,bilbao,nuevo,169.39555555555555
8ec3a8ab-923b-4fd0-a662-7c4906c71255,8,1028.39,39.0,murcia,recurrente,128.54875
8ec424eb-60a2-4a5b-93bd-222ef3f09879,5,585.72,26.0,barcelona,vip,117.144
8ec5fc86-272c-4c7d-aca7-cb334d10dba7,9,1206.78,32.0,barcelona,nuevo,134.08666666666667
8ed21eaa-3b83-4be8-8615-f506d4c5499b,6,429.36,54.0,bilbao,nuevo,71.56
8edb5921-b2ee-4b35-9554-2613e5fa6975,2,137.39000000000001,45.0,malaga,nuevo,68.69500000000001
8ee240ac-6176-43da-af50-c5e0a92a0c33,6,716.56,42.0,valencia,recurrente,119.42666666666666
8ee584d8-a133-4070-b83b-1ea55a6189c0,4,336.68,49.0,vigo,vip,84.17
8eeb7076-7737-4c1c-abee-8b855600192a,5,651.94,18.0,malaga,recurrente,130.388
8ef48e9f-bef7-4f6d-bf0b-73f9080bdecf,8,488.62,45.0,vigo,nuevo,61.0775
8ef4af86-4bb3-45fa-8bd3-d5d14e842f52,4,400.18,46.0,madrid,nuevo,100.045
8f0145e2-bbe6-491b-aed4-f2e4835726ad,7,485.3,26.0,madrid,nuevo,69.32857142857144
8f04192b-8610-45df-b534-19ea884d3fcc,5,552.09,31.0,barcelona,nuevo,110.418
8f079df0-9a59-4ec5-b8d0-447a26743902,7,1215.27,24.0,malaga,nuevo,173.60999999999999
8f07a1d2-f311-44ef-8a3a-7345a0f76418,2,127.24000000000001,51.0,zaragoza,nuevo,63.620000000000005
8f0d18a3-31d3-4dfe-8cad-e9262b0b0d45,8,1425.29,33.0,granada,vip,178.16125
8f13212e-02fc-41fb-9149-d33e6dd609e2,9,606.8399999999999,65.0,sevilla,nuevo,67.42666666666666
8f138338-eda4-4c97-a6a0-3a0d4504d023,10,978.59,22.0,sevilla,nuevo,97.85900000000001
8f1abe86-149e-4ecb-9cf1-f552f1c51b00,7,551.78,40.0,valencia,nuevo,78.82571428571428
8f1dee11-8e96-4231-8e33-24191e3377bf,6,652.53,61.0,malaga,recurrente,108.755
8f23c37d-cb72-4536-a309-fb0e89fd0234,5,319.45000000000005,18.0,sevilla,nuevo,63.89000000000001
8f266c57-d199-4a37-944e-4376262a2dde,6,547.64,53.0,vigo,recurrente,91.27333333333333
8f2a9276-6071-4eff-9567-feba9d02d2d1,3,168.39,55.0,murcia,vip,56.129999999999995
8f2eea96-f6bb-45c3-88b0-37a80be06238,5,685.17,40.0,granada,recurrente,137.034
8f2fb480-b788-4ab2-9077-7cbb7f4634bc,6,896.69,50.0,vigo,nuevo,149.44833333333335
8f3c50a7-2b9b-4bf1-85dd-3760dbc8d5a6,6,858.1909000000002,18.0,vigo,nuevo,143.03181666666669
8f3d7aa3-5454-4f28-a668-455292ab429f,4,632.94,50.0,murcia,nuevo,158.235
8f40d1ab-8ed9-4ce6-a938-6d64aa99cd3e,6,568.87,66.0,madrid,recurrente,94.81166666666667
8f428930-9c23-41d4-8e7e-cf07b25eb754,4,94.47,44.0,zaragoza,corporativo,23.6175
8f468848-248a-4c67-b4c1-6d519c6f9d39,14,1870.13,34.0,madrid,vip,133.5807142857143
8f47e5ad-64d4-4d28-aae2-c9357f4bf0c2,5,478.71,55.0,bilbao,recurrente,95.74199999999999
8f55c34b-b937-4613-b84b-cb7e5fa780ff,7,746.45,41.0,murcia,vip,106.63571428571429
8f5e28c8-4e18-4f49-834c-f344c2eb831b,6,457.96,38.0,madrid,nuevo,76.32666666666667
8f64a4b3-b366-4155-941d-da8bf057c6fd,6,449.06,39.0,granada,nuevo,74.84333333333333
8f672329-399d-4c34-b5ef-87c3678d0e83,8,1041.76,42.0,granada,corporativo,130.22
8f75a27d-cb3b-4f2d-8a20-e3a603860ac9,5,717.13,18.0,madrid,recurrente,143.426
8f772628-3aa9-45df-a6bb-84445f91a7eb,3,274.72,23.0,madrid,vip,91.57333333333334
8f7b85e4-f6cd-4de7-ac95-375d04899617,10,1778.68,50.0,murcia,nuevo,177.868
8f7ddb14-f67f-4cf7-82ef-b5cbc77f9c22,5,320.9,49.0,valencia,nuevo,64.17999999999999
8f8019d6-5a55-43a3-8f6d-c1c40b6d2021,8,1490.8509000000001,21.0,valencia,nuevo,186.35636250000002
8f8ab166-286e-4952-8a45-0479fe4323ca,3,373.19,61.0,granada,recurrente,124.39666666666666
8fa08a80-83aa-4054-9dc1-04a151560235,9,1278.13,24.0,granada,nuevo,142.01444444444445
8fa2197d-01ef-4d2e-8f8c-967dc1075c2d,3,553.62,51.0,madrid,recurrente,184.54
8fa26976-9e3b-4587-85df-b9fc972f57a5,8,1029.5609000000002,38.0,murcia,corporativo,128.69511250000002
8fa3275d-84d9-4be6-bd26-c1a0990f19c5,6,447.22,33.0,vigo,recurrente,74.53666666666668
8faf88a1-deae-4fdc-9a47-3618ae549d4a,8,1052.6299999999999,40.0,granada,nuevo,131.57874999999999
8fcb9672-8104-498a-81eb-b394008afc3f,5,517.13,48.0,barcelona,recurrente,103.426
8fd19b28-e6f3-4bf2-a2ab-ba09f5dc9bb6,7,1107.7509000000002,52.0,murcia,nuevo,158.2501285714286
8fe4b816-ba31-424b-aa66-a5b09e70d611,6,521.89,43.0,zaragoza,corporativo,86.98166666666667
8fe9a3d2-a0b5-4241-b9fc-de1e52675c7e,7,1092.66,48.0,barcelona,recurrente,156.09428571428572
8ff3a1e5-0562-44ab-88e0-e4327f5eb7cf,7,423.73,46.0,barcelona,nuevo,60.53285714285715
8ff77235-6e59-4319-8f45-929607e7cd10,7,481.56,40.0,vigo,recurrente,68.79428571428572
8ffa999b-f3b3-452f-8855-7c92d0b986c1,4,569.11,31.0,malaga,vip,142.2775
8ffc7d11-be03-4f1b-bd8a-f697af69c092,6,756.7609000000002,39.0,granada,vip,126.1268166666667
900569d6-e74b-44df-8744-9588845f09c8,4,483.70000000000005,61.0,granada,recurrente,120.92500000000001
900753f5-c9cf-4330-a56f-4d34f7c867ec,15,1217.36,42.0,barcelona,recurrente,81.15733333333333
9010e2f2-985d-4a66-924c-3b13b617fd4e,2,166.41,30.0,sevilla,recurrente,83.205
901f47f8-c8a5-46d1-a8d2-0a8201fbcd85,7,884.61,49.0,madrid,recurrente,126.37285714285714
9030398b-0bb2-47e8-990c-242c0d317a46,9,1031.86,22.0,madrid,recurrente,114.6511111111111
9032fc71-a51a-4db5-9a8c-a5cfd94477b6,5,379.46,37.0,bilbao,recurrente,75.892
9033606a-3e58-4335-84bf-58247e592ec6,3,125.52000000000001,43.0,bilbao,nuevo,41.84
9039bea8-2fac-4f98-95a2-23a22c97d8fe,5,415.25,48.0,malaga,nuevo,83.05
9041a733-6d1a-4477-a7a7-460434310144,6,370.94,53.0,valencia,recurrente,61.82333333333333
9042d653-17ab-44cb-8b99-991dc967f3b7,10,1184.91,50.0,barcelona,nuevo,118.49100000000001
9067abbf-022a-4ca3-a1af-56a4c37e5900,3,373.77,37.0,murcia,recurrente,124.58999999999999
9070cc67-a612-4e96-813f-c2e848eaae7f,6,422.29,60.0,zaragoza,vip,70.38166666666667
90735eb8-389d-4c34-85c3-a513942442f9,5,665.93,43.0,barcelona,vip,133.18599999999998
9075d7d4-06af-4815-a03f-d9cc8eec8384,3,441.94000000000005,25.0,granada,recurrente,147.31333333333336
9083f5b8-e5c8-474a-8b8e-cef8235450c7,8,487.6,37.0,vigo,nuevo,60.95
908cb2d4-8c1e-4199-8f33-de0f49fb586d,4,265.39,32.0,barcelona,vip,66.3475
90a87da8-39ed-4ca8-b641-d8dbc57c7a75,5,595.8000000000001,48.0,granada,recurrente,119.16000000000001
90b70f82-a2b9-467e-941f-b66a7deb1780,11,601.99,40.0,vigo,nuevo,54.72636363636364
90ba9628-b73b-40ae-9d16-5455c317baa5,8,827.7,18.0,murcia,recurrente,103.4625
90c20ed0-988f-4575-a020-740d4fa44dbe,9,1063.16,21.0,valencia,vip,118.1288888888889
90c90bbf-1d18-4215-92aa-0bfeb42a569d,5,250.09000000000003,27.0,malaga,recurrente,50.01800000000001
90d2d16c-336a-40f6-8752-defb1c414fd6,9,720.1,22.0,madrid,recurrente,80.01111111111112
90e3fd46-682d-4012-8e5b-da1bd434603c,6,764.91,48.0,granada,recurrente,127.485
90e67d6e-297d-49da-85c8-efaca55a879d,2,203.77,50.0,sevilla,vip,101.885
90f75c2a-b376-433d-ae35-7bb92f8d3cf1,7,385.03000000000003,44.0,bilbao,recurrente,55.00428571428572
90fd7173-030e-404c-b736-63e7a8f3b867,10,1134.75,56.0,valencia,recurrente,113.475
91000d95-50e4-4c4c-aac0-c2bef4cdae28,8,694.87,57.0,murcia,nuevo,86.85875
9100ae9b-b5c6-43c9-bc34-9496100085ba,5,1013.76,47.0,bilbao,recurrente,202.752
9105cf54-a57d-4a4d-bf5d-afc2751fc94c,11,830.1800000000001,40.0,murcia,vip,75.4709090909091
912e1a4f-1fc7-49e1-a2d2-00cd08e16020,3,307.72,77.0,murcia,vip,102.57333333333334
9133e271-2ad0-4a14-9e96-51afac449edb,11,1863.47,46.0,granada,corporativo,169.40636363636364
9138602d-91af-4b9f-bd01-9a11aacf5e33,4,346.4,56.0,murcia,corporativo,86.6
913d9bec-0a8b-4e0d-bc0d-b1a90f7b59f4,7,837.1600000000001,41.0,bilbao,nuevo,119.59428571428573
913dedeb-d67e-4c71-875d-541d57ca2471,8,943.21,37.0,zaragoza,nuevo,117.90125
914a32ee-821f-4649-876f-6c173b0c44f5,6,659.44,42.0,sevilla,vip,109.90666666666668
914e71db-2a6f-4999-acad-a85fc033bcdf,7,681.26,26.0,barcelona,corporativo,97.32285714285715
915633bc-9dcd-44fa-842e-d5014738e5a2,7,588.62,40.0,barcelona,recurrente,84.08857142857143
9166261b-43d1-4da3-98d0-49aaf6c446a9,7,1263.27,31.0,granada,vip,180.46714285714285
9169e0ca-4bfa-4b0b-b2dc-baee2fbbd54b,10,1239.3,48.0,malaga,corporativo,123.92999999999999
916c8f12-70c3-4cc4-8a1c-8fb956daa574,2,231.70999999999998,34.0,zaragoza,recurrente,115.85499999999999
9181d4b3-084b-4f94-8d8a-ed6fb2df88a1,11,1945.72,40.0,zaragoza,nuevo,176.88363636363636
918e28d2-2bad-4d9a-b5aa-d93136e5c7cf,7,548.14,34.0,malaga,corporativo,78.30571428571429
91a19836-a00b-43c5-8c4c-65434805bd49,6,636.9200000000001,42.0,barcelona,vip,106.15333333333335
91a3fb43-cfce-4212-b817-25cf512cd842,4,788.28,42.0,barcelona,recurrente,197.07
91a82de8-a0ad-4368-b012-bab23ff44718,3,280.21000000000004,49.0,vigo,recurrente,93.40333333333335
91b46d7c-0075-4ac8-ac51-af38891793c4,4,198.64999999999998,51.0,murcia,recurrente,49.662499999999994
91c1d343-7bbd-47a1-a650-7ffc9a772b67,3,120.59,38.0,madrid,corporativo,40.196666666666665
91ccf77f-f428-4d6c-919f-b93dc596cb35,4,180.79,21.0,barcelona,vip,45.1975
91d3bfc1-7fab-4fb9-9b28-420c72efbaee,4,279.65000000000003,38.0,valencia,nuevo,69.91250000000001
91d6a20c-256e-47d7-8322-7240ef6c02de,7,619.39,54.0,vigo,nuevo,88.48428571428572
91f025cd-88ad-4860-874a-bd4edb1d5401,6,782.83,60.0,granada,recurrente,130.47166666666666
91f101a5-c1e0-40ac-9af8-b63cc3403b3a,5,297.19,35.0,madrid,nuevo,59.438
91f838b7-bd84-4795-9212-a72ab072169b,7,842.56,37.0,zaragoza,nuevo,120.36571428571428
92007f91-8b40-49f7-87b3-ac8546f608c6,8,700.42,43.0,malaga,recurrente,87.5525
9214e58d-70e8-4466-a45c-7478e4ce0fdf,11,905.32,40.0,barcelona,vip,82.30181818181819
921d4c96-ecf0-4b91-b3a2-eed2faff7e37,9,820.87,40.0,bilbao,vip,91.20777777777778
924527a1-d7d9-493b-904e-06ef8bdb08c7,8,1029.68,45.0,bilbao,nuevo,128.71
924a8751-13cd-4cdb-a03d-4ca0676d2c05,6,326.81,59.0,vigo,recurrente,54.468333333333334
924ac7c3-3f75-4a96-a18d-3b455c28c6f7,8,858.63,30.0,zaragoza,corporativo,107.32875
926055cc-016f-4e5a-b88d-1154c8d6b117,2,186.04999999999998,36.0,valencia,recurrente,93.02499999999999
926cb372-d912-4a2f-9b88-5f93548d3fff,3,181.47,18.0,vigo,nuevo,60.49
92741506-1868-4cf3-b3a1-1ce8306ed79a,5,515.36,34.0,zaragoza,vip,103.072
927a0a3c-fb9a-43bb-8ca6-50d4c92f70e3,7,911.6,53.0,madrid,corporativo,130.22857142857143
928207a0-6c8a-482b-8cfa-df7ba547beb0,7,1202.0609000000002,40.0,malaga,vip,171.72298571428573
92848ff5-0f73-4f90-9446-11756eaf5aea,8,749.8199999999999,23.0,bilbao,recurrente,93.72749999999999
929d54e7-a3ec-48fa-87de-cd487629ca69,5,545.38,34.0,granada,nuevo,109.076
92bbe02a-1d98-4b52-b338-88a38d4d9e01,12,1129.37,36.0,murcia,nuevo,94.11416666666666
92cfac1f-a499-4093-8059-1a67bc54f803,7,442.39,30.0,madrid,corporativo,63.19857142857143
92d1d33b-6753-4a56-90de-9e9ceb07c6c2,7,628.7,40.0,bilbao,recurrente,89.81428571428572
92d54d51-9378-4fa8-ac96-896b9d9e07b4,6,1133.95,31.0,murcia,nuevo,188.99166666666667
92e43538-aded-4161-b92a-47b5b3094892,11,1326.8209000000002,38.0,valencia,nuevo,120.62008181818183
92ea37c6-296c-4621-bf15-0e68bc9cc919,10,1352.9409,40.0,valencia,recurrente,135.29409
92f63482-cdbf-400d-b0f8-19b0d9b75b0a,6,730.22,56.0,malaga,recurrente,121.70333333333333
93036f7b-c2bd-427e-9cf1-e3ae448936db,9,1057.16,32.0,bilbao,vip,117.46222222222224
930928db-eccd-4e1f-a844-a2ced716784a,4,768.1009000000001,56.0,murcia,vip,192.02522500000003
9315f762-0b96-40f1-a7a6-b0d4e3924cfd,15,1206.26,52.0,madrid,nuevo,80.41733333333333
9318112e-cad9-4098-bb97-94825c90d319,2,319.02,51.0,sevilla,recurrente,159.51
931d7169-2729-4213-bc0d-12f59c5116cc,7,475.6,41.0,murcia,recurrente,67.94285714285715
9320abb6-7856-499f-8443-9be7a358bd34,10,714.5600000000001,34.0,bilbao,nuevo,71.456
93232b29-2945-46c5-b8aa-10d935d3a3e2,9,648.86,37.0,madrid,recurrente,72.09555555555556
9323acbd-94f9-4bac-86d5-dcafd72c102a,12,1598.61,54.0,murcia,nuevo,133.2175
9333c225-08e6-43f4-a9f3-15033e89b9cf,3,257.17,54.0,malaga,recurrente,85.72333333333334
933a6725-6c25-4440-a349-7eb75e5d4eb3,7,497.91999999999996,69.0,bilbao,recurrente,71.13142857142857
933accc4-eec7-435c-b90c-c27b9fb99a99,11,1431.64,40.0,zaragoza,recurrente,130.14909090909092
93409a28-c75a-471b-9d21-b9803ef24b20,3,441.13,50.0,zaragoza,recurrente,147.04333333333332
934333b1-09db-4ae6-af1b-437b91b8feab,10,1838.1100000000001,28.0,bilbao,recurrente,183.811
935a3e19-06e6-4324-bca0-8febf298a536,5,615.03,39.0,madrid,nuevo,123.006
935bffbf-8fb5-4ff8-92e5-73aa0bbc179c,6,880.64,40.0,madrid,recurrente,146.77333333333334
93654417-907d-4775-83e1-d0c016f2e96e,8,658.54,61.0,granada,nuevo,82.3175
93655e83-9a57-4ec6-be03-2a621c99b3a3,6,905.6700000000001,36.0,zaragoza,recurrente,150.94500000000002
9367f1c3-0914-4006-9143-eab82bf409af,2,121.32,39.0,sevilla,nuevo,60.66
936b69bb-dddc-4876-9988-86ab1b917c46,3,619.78,30.0,sevilla,recurrente,206.59333333333333
936e9704-64c1-40b8-9032-4d1d094a7abd,8,1161.16,57.0,murcia,nuevo,145.145
937ac814-0c5b-4b80-921f-d5f1795062ea,7,1137.9609000000003,24.0,vigo,recurrente,162.56584285714288
937ed36d-6998-49ba-8563-e862dd75767f,12,1728.3609000000001,62.0,madrid,recurrente,144.030075
938e3307-cbdd-4fa4-85f7-cae7d77fcaf4,7,720.6700000000001,36.0,bilbao,recurrente,102.95285714285716
93a32f17-22b3-4d25-b3db-a92fcb091815,2,258.99,40.0,granada,recurrente,129.495
93b1decc-c02e-4633-ad98-b6b3ce797363,8,819.65,39.0,bilbao,nuevo,102.45625
93b558f7-b827-464d-9336-d468252db93c,7,1067.1909000000003,53.0,malaga,corporativo,152.4558428571429
93bc081c-aa02-4737-8a69-3d734f9597cc,7,401.14,47.0,madrid,recurrente,57.30571428571428
93c45a36-1592-4a78-9412-9f831939dd82,3,271.34,29.0,malaga,nuevo,90.44666666666666
93c6fe3f-6ada-4552-8a33-f949bdda25c4,5,554.53,39.0,granada,corporativo,110.90599999999999
93c9907d-c57f-4342-9056-ffe6d29cad79,6,1133.9709000000003,41.0,valencia,vip,188.99515000000005
93caec01-05d5-43e3-a741-1d2fb6949823,10,1354.14,45.0,barcelona,nuevo,135.41400000000002
93cd8e92-dbf5-490f-aa0b-707f25b27a54,6,569.3199999999999,45.0,malaga,vip,94.88666666666666
93db6b82-8d46-4baa-ba86-48b07cdfaffb,6,720.7099999999999,50.0,malaga,recurrente,120.11833333333333
93e5ef7f-81f0-49cb-bcd1-dd2122ec3c9c,6,849.47,18.0,barcelona,nuevo,141.57833333333335
93e6fca8-dd5c-46dc-bd03-982b3caea2b9,7,453.6,38.0,malaga,nuevo,64.8
93eb2a3f-2b6e-4590-a134-839031c6553f,3,288.4,18.0,barcelona,recurrente,96.13333333333333
93f09a00-3d5a-4581-b55e-647a8e0f9467,8,1140.43,25.0,murcia,recurrente,142.55375
93fab16d-6114-463a-959f-c8888477bcca,10,1463.8609000000001,38.0,bilbao,nuevo,146.38609000000002
94133944-26aa-48a8-a35c-710b17757b1d,7,349.37,19.0,barcelona,nuevo,49.910000000000004
9418345d-63fa-4795-aa38-5d678366d4ab,7,473.22,30.0,barcelona,recurrente,67.60285714285715
942a3a64-a58e-4324-ac29-9562c9050c71,7,815.25,40.0,malaga,vip,116.46428571428571
9436d2de-2d27-48ab-89d0-04b6f772ee56,8,796.4,30.0,granada,nuevo,99.55
943981d6-a9ad-4993-b641-bd1a06222789,7,345.0,48.0,granada,corporativo,49.285714285714285
943f0787-649b-43b2-993b-e1e6c69b1856,4,707.8499999999999,44.0,murcia,vip,176.96249999999998
9447b2ef-44df-440a-a15a-7a7d1e1e751c,5,274.22,18.0,valencia,recurrente,54.84400000000001
9448c47b-cfb8-4649-b3ec-4044272756e9,6,693.86,52.0,valencia,nuevo,115.64333333333333
9448cb18-d2b9-4b1e-912e-6b8ce990c4f5,7,494.63,35.0,barcelona,recurrente,70.66142857142857
944bef81-d9e3-4ad7-bcba-2acb2c2b3103,4,517.8,50.0,vigo,nuevo,129.45
944ee145-7322-4f7a-bcc6-9815a4b03440,7,579.81,51.0,malaga,recurrente,82.83
9455a6c7-a72d-49c6-9234-baa6b3eace3f,7,1001.02,40.0,bilbao,recurrente,143.00285714285715
9474c08f-9f7a-42c2-8514-5c677526ce73,8,1009.47,37.0,bilbao,vip,126.18375
9476493f-3ecc-4828-9692-b59be36fe921,5,557.24,42.0,granada,recurrente,111.44800000000001
9478ae0c-863f-4534-a5e4-666c3cfc08a5,8,689.0899999999999,32.0,sevilla,corporativo,86.13624999999999
9478d91d-2add-4460-b507-68e9b0aa668a,6,569.62,59.0,vigo,nuevo,94.93666666666667
94798699-e635-4613-9be8-9b0759724d2e,4,322.73,35.0,bilbao,nuevo,80.6825
947ff348-4a55-4807-a8d9-b1cd70a04757,7,1015.37,27.0,barcelona,nuevo,145.05285714285714
9496aa0d-d35a-4212-adbe-c3916eecd606,7,563.05,63.0,zaragoza,recurrente,80.43571428571428
94978f37-5255-4a1e-9380-a19c15ad5beb,6,791.6700000000001,40.0,valencia,recurrente,131.94500000000002
94a03f0c-7de1-46c1-8c35-8c3bb1666b8f,6,304.47,53.0,sevilla,recurrente,50.745000000000005
94a0c9ce-7a1e-424e-91ef-3242c49cfefd,10,954.74,30.0,zaragoza,recurrente,95.474
94b40f19-3e23-4685-85db-2bfca07bf734,3,580.22,59.0,bilbao,recurrente,193.40666666666667
94d5abfb-2d6b-4a30-a5bd-c7d9e629ec80,2,251.16,25.0,bilbao,nuevo,125.58
94dba8ca-121f-4049-8ef7-cde8c3b92211,9,1063.3,43.0,sevilla,recurrente,118.14444444444445
94dea00d-8298-4d3e-9856-e7552f5ad378,4,394.16999999999996,62.0,granada,vip,98.54249999999999
94dfd6f0-c997-4648-9d7e-6c37c97ce397,3,145.7,25.0,zaragoza,vip,48.56666666666666
94e66ebf-011e-4169-97bf-2bc1a3d3e784,4,245.87,44.0,malaga,nuevo,61.4675
94edb960-315a-488b-8e6d-277ca03ef5e5,7,916.0,31.0,vigo,corporativo,130.85714285714286
94f05937-40f0-4f85-b209-50e37797ac09,4,203.9,48.0,madrid,corporativo,50.975
94f452bc-7d5d-4a56-b2b0-4bf3807a282a,9,1145.86,46.0,bilbao,nuevo,127.31777777777776
94f62361-5260-452a-8215-8b0ea0079600,10,864.66,71.0,valencia,recurrente,86.466
94fc02a2-edae-4bba-90b9-ae6c45a1663a,4,697.38,40.0,malaga,vip,174.345
94fccb20-6127-4aa7-939d-a169aa306062,3,193.86,27.0,malaga,recurrente,64.62
94fe324a-ae51-4d07-8885-18d1f30840b8,9,606.86,32.0,madrid,vip,67.42888888888889
9505c554-78f7-4cdc-b964-824cf285640b,8,832.9,37.0,malaga,recurrente,104.1125
95067953-5eaa-4b38-8a92-33d73c6d0fd4,11,709.17,39.0,malaga,corporativo,64.47
9506d142-4ba6-40f6-aeed-f7e9dab72504,9,1442.1409,49.0,bilbao,vip,160.23787777777778
950a7639-f9f7-4862-8e8e-676c88047eea,6,730.31,40.0,valencia,nuevo,121.71833333333332
950c34c7-8761-4bed-b69e-4cb79afd516e,4,377.9,40.0,madrid,nuevo,94.475
951a218a-08d1-44d2-9a52-29f0586c22aa,7,337.85,30.0,madrid,nuevo,48.26428571428572
951b62e3-9939-43a8-8f32-b309820f9570,6,854.99,61.0,sevilla,recurrente,142.49833333333333
951ee4a6-f895-4640-86cf-c92b58c5c0b4,6,730.1,55.0,malaga,recurrente,121.68333333333334
951fb376-6b73-4200-95f6-ca638d9af551,4,252.68,33.0,bilbao,nuevo,63.17
951fc038-368a-4c40-9975-357c0336c369,8,601.98,24.0,madrid,recurrente,75.2475
952603bc-21c9-4e6b-b0fe-359dbadba96a,5,491.14,31.0,valencia,corporativo,98.228
95325010-9152-4327-9b3e-e217af5c3fce,12,1986.1809000000003,52.0,vigo,vip,165.51507500000002
954a9727-2234-4af0-a59c-bf978b99b1d5,9,791.41,53.0,vigo,nuevo,87.93444444444444
9551b9c0-8755-49f2-a177-bbf0263f5497,8,901.98,33.0,vigo,recurrente,112.7475
9556c373-fa19-4f58-b805-6cdf9dd70efb,7,765.61,64.0,madrid,vip,109.37285714285714
955a7cdb-2b26-4ffd-9ff8-c20bcc2ea6a8,5,871.46,27.0,barcelona,vip,174.292
95601e54-6ba4-474e-9b50-b2d93b56c910,9,1107.53,46.0,granada,recurrente,123.05888888888889
9561eede-83a8-49fb-928d-5db6a1839cca,5,508.77,58.0,valencia,nuevo,101.75399999999999
95759eeb-48b0-412f-be08-c9db9e0ede0a,4,409.18,45.0,barcelona,nuevo,102.295
95767292-b0b7-4869-9d2c-97ccd16505f8,7,1058.62,44.0,malaga,nuevo,151.23142857142855
958058ce-f120-4d27-8cf9-fd53d82e9df7,7,827.1700000000001,26.0,barcelona,recurrente,118.16714285714286
95857038-15bd-43c4-a1c2-5e227dd30801,9,584.1800000000001,25.0,malaga,nuevo,64.9088888888889
9587a7d3-51be-4902-a51c-46f2c96b0cc1,6,462.55,36.0,barcelona,recurrente,77.09166666666667
958c63e3-7efb-4745-914a-ef09c18fa006,11,1619.2209000000003,29.0,bilbao,recurrente,147.20190000000002
9595d75c-87cd-4cda-8f2d-cee223a394b5,6,685.0799999999999,24.0,vigo,recurrente,114.17999999999999
9595e2bf-256f-4274-964b-a6d538c903f2,8,985.5,38.0,bilbao,recurrente,123.1875
95adf2d5-04ae-47d3-8e0a-7c09a70a7099,9,1170.86,37.0,valencia,nuevo,130.09555555555553
95ae7474-8b25-4625-9a7a-a7106615b6b4,5,525.78,34.0,bilbao,corporativo,105.15599999999999
95b175f5-b0f5-4bed-80d3-96a6fd4ca966,6,513.12,40.0,zaragoza,recurrente,85.52
95b7d549-4733-4cf0-86c2-b8b01272af39,13,1392.6,36.0,zaragoza,recurrente,107.12307692307692
95bf3c3e-c006-4e14-a514-1c416e3d5748,2,362.31,27.0,barcelona,nuevo,181.155
95cef19c-9121-4efe-9d8e-e4736ba9ff84,6,599.4499999999999,62.0,malaga,recurrente,99.90833333333332
95db1b47-bca0-4438-8b9d-93d599242e30,9,1014.4300000000001,44.0,zaragoza,nuevo,112.71444444444445
95e63524-0ffb-444b-a1d0-13960d763a02,2,167.78,56.0,barcelona,vip,83.89
95e7a65e-b1b4-47cd-9dcb-8784127960b6,5,939.3609000000001,43.0,valencia,nuevo,187.87218000000001
95f243e1-1c00-428f-bf1b-3188211b3633,5,335.1,45.0,vigo,nuevo,67.02000000000001
95f47da8-6c8e-4f36-b8a6-2e37a53c7212,3,199.18,44.0,vigo,recurrente,66.39333333333333
95fb0d2b-fda9-46dc-bb23-f30d4c676ad5,9,679.79,61.0,bilbao,vip,75.53222222222222
95fb4256-11f8-4a51-9bf5-560c3f297423,5,449.5,44.0,vigo,recurrente,89.9
96018326-bff0-4fa0-a641-c5dd02ebda77,8,964.61,19.0,granada,corporativo,120.57625
960520e3-62aa-4e7a-9fcc-985cb23d5ef0,9,656.76,60.0,madrid,vip,72.97333333333333
9609a5fa-b8ea-4d2b-baa3-27fe72f3539e,7,368.26,25.0,murcia,recurrente,52.60857142857143
9614b4be-2fd3-4da2-b4f0-024cd6508d4d,4,561.44,40.0,malaga,recurrente,140.36
96181e84-a833-4572-9e55-4282182c6e0d,6,657.75,46.0,zaragoza,nuevo,109.625
962213cb-4792-4bdb-afbc-fc91f614fca4,6,920.6300000000001,20.0,granada,nuevo,153.43833333333336
9624f1b1-fd24-47fa-974f-f37c84920aed,6,440.90999999999997,43.0,granada,recurrente,73.485
9639f384-15e4-4b4e-a12e-59de90b665db,7,790.9499999999999,38.0,bilbao,corporativo,112.99285714285713
9641f712-49b0-4c08-8a6d-b2e50793566e,16,1750.9509000000003,36.0,granada,recurrente,109.43443125000002
9642213c-7d00-49e8-a7ad-b29d1f7acd5e,2,160.43,52.0,malaga,recurrente,80.215
964480b8-8eae-471d-8ea0-45f1a8d26498,5,238.06,37.0,valencia,recurrente,47.612
96534735-5c3f-4169-b40e-4159602ece19,14,1467.0900000000001,54.0,barcelona,corporativo,104.79214285714286
96555da5-4982-4d0b-840f-30dc406f0d52,5,569.58,30.0,sevilla,recurrente,113.91600000000001
966a3369-d0c4-4dfe-947b-ef64422a4f2e,4,233.98000000000002,40.0,murcia,vip,58.495000000000005
9671f8f1-5d90-470c-98d8-15d24d7264ee,8,1036.68,40.0,zaragoza,corporativo,129.585
96720a3b-14fc-49f1-a008-d028e9e31663,10,598.92,38.0,madrid,recurrente,59.891999999999996
96770516-1e8d-4086-9416-5a6a5070c0a0,6,815.8900000000001,39.0,granada,nuevo,135.98166666666668
9688f84a-333d-497b-adcb-037cef4c809f,8,1191.5809000000002,23.0,granada,recurrente,148.94761250000002
96929f9c-875d-4132-80b9-47d3685c4e39,4,535.99,48.0,valencia,nuevo,133.9975
9693d50a-c7a5-4cc5-9de5-9ef786916148,7,447.8,30.0,murcia,recurrente,63.971428571428575
96a7252c-2dbb-487a-a80d-5d053fa372f8,10,829.8100000000001,18.0,barcelona,vip,82.98100000000001
96af8d87-5b11-4cee-be3c-78fa987101b3,3,433.40999999999997,35.0,bilbao,recurrente,144.47
96b5585f-2182-465d-ae44-d377f75264aa,9,753.78,65.0,madrid,nuevo,83.75333333333333
96cec8f1-301f-4c3b-bf6f-0728ced421f8,5,730.69,35.0,bilbao,corporativo,146.138
96e323d5-7234-4cc4-ac3b-645fbbc2ebdc,4,379.49,49.0,murcia,recurrente,94.8725
96ed1ed8-7bf9-430e-8bdc-92440c3e8c5d,10,832.99,46.0,malaga,vip,83.299
96f8e803-957e-4e35-acdc-cced9eaf41b1,6,1234.9109000000003,77.0,malaga,corporativo,205.81848333333338
96fa8d2c-9317-4b78-8111-827699a5111c,9,1132.71,18.0,bilbao,nuevo,125.85666666666667
96ff5659-5865-4399-bbd6-666c5dfa58d6,5,673.21,55.0,malaga,nuevo,134.642
9709b741-0c46-479e-80ce-f5eeca3c45a9,10,1160.5009000000002,38.0,malaga,vip,116.05009000000003
970c2e33-443b-4522-a5d9-49a98b3fcac6,4,317.95,45.0,sevilla,nuevo,79.4875
970fc1cd-7509-4935-9243-44154b6ced36,3,244.13,47.0,granada,recurrente,81.37666666666667
97193c60-8adc-4314-b382-e99d5b39b66c,10,1059.37,37.0,barcelona,recurrente,105.93699999999998
971d2f68-d233-4dd4-8e1c-a9292d55370d,7,716.29,49.0,granada,corporativo,102.32714285714285
971e167d-2d01-424f-a241-65532fd40ec4,5,508.96999999999997,18.0,murcia,recurrente,101.794
97279521-fbb6-4960-ae09-8162432f10a4,2,324.44,18.0,madrid,nuevo,162.22
9727977e-d831-44c9-af9b-477af41e00ff,6,661.19,53.0,valencia,recurrente,110.19833333333334
97297497-0ea8-4419-81f4-6a3fad11316a,6,383.48,59.0,sevilla,nuevo,63.913333333333334
972e8c6e-050a-46c2-ba0a-45f6b847511d,3,342.64,40.0,bilbao,nuevo,114.21333333333332
97377346-fc27-4ddd-b8d8-8fa7408f1dcf,9,945.6800000000001,29.0,bilbao,recurrente,105.07555555555557
9737a543-44b3-498b-a89e-19e74e2e2c1c,4,600.02,50.0,granada,vip,150.005
973bb8c0-71e2-46e4-ad4a-a43092daf8b7,5,245.38,35.0,madrid,vip,49.076
974f0b21-e200-41c8-a6c9-b2bab7c759b2,6,985.18,44.0,granada,nuevo,164.19666666666666
974fbacb-2b35-40c5-afd4-b11a4bff8710,6,392.44,39.0,barcelona,nuevo,65.40666666666667
976567f2-4623-43f2-a678-ba078e3025d1,4,877.8209000000002,51.0,malaga,recurrente,219.45522500000004
9767e788-5f11-4aab-8074-d0ff08fd8f55,9,755.17,39.0,granada,corporativo,83.90777777777777
9771d42f-8682-4670-82d0-0d32f642ce86,6,973.31,33.0,murcia,nuevo,162.21833333333333
977a7f87-3cd8-4c5a-af71-7acb8bfac082,4,338.14,37.0,malaga,nuevo,84.535
978280bd-1d15-4317-baa9-8df2345d761b,9,713.63,81.0,madrid,recurrente,79.29222222222222
97907363-90c2-4811-8aff-f408084ddbd3,7,675.98,33.0,zaragoza,vip,96.56857142857143
979e2826-900d-4c4d-9799-f5b4ba5f633d,9,963.46,41.0,barcelona,nuevo,107.05111111111111
97a4ff14-2ea8-48e1-ac9d-ef4681858977,1,143.41,56.0,murcia,nuevo,143.41
97aa6d4e-3323-4b8b-bb65-e409a837ec03,9,742.51,50.0,malaga,nuevo,82.50111111111111
97ace529-a357-413d-865b-fe49a5fb387a,12,1380.78,56.0,sevilla,recurrente,115.065
97b4af80-94a1-4806-9408-14828e018b7e,5,454.3,39.0,bilbao,nuevo,90.86
97b644d4-e2b2-4469-b8e0-babedeaeed21,8,850.31,37.0,malaga,recurrente,106.28875
97be9e2c-7312-4df1-9533-a6f39207385f,2,215.41,49.0,zaragoza,recurrente,107.705
97bf7224-5e6d-4c84-9c15-4f0692585d7a,8,1300.4409000000003,39.0,bilbao,nuevo,162.55511250000004
97c15bf9-1b2e-439b-8cf7-311ea584e40b,5,592.41,19.0,granada,recurrente,118.482
97c56571-71d2-4798-8182-33a6c3fd52d0,5,454.96,20.0,bilbao,recurrente,90.99199999999999
97caca13-9bf0-414f-a9c8-bb393f9b5c8f,11,888.1400000000001,45.0,valencia,recurrente,80.74000000000001
97d206c1-1cc0-494a-9204-fce0fd403afb,3,144.82999999999998,25.0,madrid,vip,48.276666666666664
97e7acbc-7002-413c-bbd0-451954305e25,7,819.9,54.0,bilbao,recurrente,117.12857142857142
97f75cb9-5a78-44e2-a6c7-dd54bb6a51c8,9,813.0899999999999,36.0,valencia,corporativo,90.34333333333332
97f8fc21-b6d2-426b-b170-689fa18320cc,5,515.29,18.0,bilbao,recurrente,103.05799999999999
98083d18-1bf9-44c3-9edb-a64fedd3e546,8,767.76,39.0,malaga,nuevo,95.97
980a3827-ec78-468f-af10-afdd95e27ef1,10,1068.97,40.0,malaga,vip,106.897
9816ece4-2550-43a6-8c7d-13d643b5e9a1,6,540.6700000000001,30.0,valencia,recurrente,90.11166666666668
9817553c-9c03-4bf9-b1b1-6fc651792112,7,475.05,51.0,zaragoza,recurrente,67.86428571428571
9826050c-5ae7-41f0-ac23-859cdd887043,9,864.96,34.0,murcia,nuevo,96.10666666666667
983073ce-e078-4767-ba4e-b809252f9475,5,833.5009000000001,49.0,vigo,corporativo,166.70018000000002
9833805b-d422-4a3f-967b-379d6da08ae5,6,347.56,33.0,malaga,nuevo,57.92666666666667
98452e1e-33ce-4bc6-b93c-e9766813de8c,6,457.33,36.0,malaga,recurrente,76.22166666666666
984ee383-ac44-4ef2-af0c-4efe19a34912,6,645.04,31.0,valencia,nuevo,107.50666666666666
9860b272-9561-49d1-bff2-d8f73b4daa43,5,546.59,59.0,malaga,nuevo,109.31800000000001
9861ad1a-1efe-41b7-ade6-79ea1884531b,8,474.57,18.0,vigo,nuevo,59.32125
986a32f9-a3b9-4d09-b210-4f629f9375dc,5,777.7509000000002,35.0,granada,corporativo,155.55018000000004
986b7963-7eb8-4c66-b9fc-f93d72e47eea,4,423.01,38.0,malaga,recurrente,105.7525
986cc906-70e1-453e-b525-5e8daabc916f,6,692.6999999999999,48.0,sevilla,vip,115.44999999999999
98721af8-493d-42b6-ae4b-5401c7d6811c,5,555.29,46.0,murcia,recurrente,111.05799999999999
98723fe6-a7b1-4be4-8d05-10544359c466,3,151.24,26.0,barcelona,corporativo,50.413333333333334
987472f1-d24c-4371-8b5a-452ff808b075,13,1354.04,50.0,madrid,nuevo,104.15692307692308
98751e04-155d-444c-9060-d4dd859c33e7,8,586.77,23.0,madrid,nuevo,73.34625
9881f615-23fc-4004-944b-b7322398d7d9,2,183.94,35.0,zaragoza,recurrente,91.97
988940d6-214d-4a9f-9831-5da76c1c75fd,7,739.35,39.0,murcia,recurrente,105.62142857142858
98a72b44-2fc8-4a33-a991-0457e8656a5a,7,656.58,45.0,madrid,nuevo,93.79714285714286
98da3413-c0f2-4946-9fbf-5a4e7d75d54a,5,196.20999999999998,49.0,barcelona,nuevo,39.242
98daf220-5d48-47eb-a608-671aaba88a19,8,1565.28,38.0,bilbao,nuevo,195.66
98e05f2d-8cec-462f-850d-c51ceeae9cbf,7,673.44,48.0,bilbao,nuevo,96.2057142857143
98e42655-b9c6-4367-a07e-609837240e45,8,950.23,28.0,barcelona,nuevo,118.77875
98e6eb12-3bb7-4ec9-b80f-c3ad07994663,2,393.65,47.0,granada,recurrente,196.825
98e923e9-03a5-45ca-84ac-6c0591a1bbf4,8,889.39,20.0,madrid,recurrente,111.17375
98eb3b3b-16a1-40f3-8da0-099216717b87,5,505.75,37.0,malaga,vip,101.15
98f0f314-c0fe-4d36-b665-f2f0246c5319,8,831.03,46.0,madrid,corporativo,103.87875
98f192f2-d911-4181-95dd-710efe696255,10,839.46,64.0,barcelona,vip,83.946
99026b8b-376f-4496-9055-e92dffc149f0,6,829.26,51.0,vigo,vip,138.21
99174ae9-19ef-4136-b165-14b8970bf395,5,562.9,37.0,vigo,vip,112.58
991d9012-7348-48dc-9afe-ba5d12b98d57,6,584.1800000000001,40.0,madrid,corporativo,97.36333333333334
99278462-afcb-4aed-97fd-f76894809b64,11,559.8,34.0,vigo,corporativo,50.89090909090908
9928ddc8-cf9d-46f5-89a1-8c346c9e414a,7,1153.52,34.0,madrid,recurrente,164.78857142857143
992c9e14-ffac-420d-b636-2137420651b1,9,506.16,49.0,murcia,recurrente,56.24
99341a5c-145a-441a-90fd-58e888a1afa4,8,804.25,40.0,malaga,vip,100.53125
9936794a-b112-43fd-9f27-eba0d08362e0,6,1075.65,64.0,valencia,nuevo,179.275
993e260e-802f-40ad-9320-cd768b3f2264,6,687.1600000000001,39.0,malaga,nuevo,114.52666666666669
994a42f9-2334-4919-872d-395ef748f7af,11,717.3199999999999,46.0,barcelona,recurrente,65.21090909090908
99538a85-8d57-4da9-b44e-2f064b6c85a2,6,844.03,36.0,murcia,nuevo,140.67166666666665
9955f0ef-07dc-4cd3-8821-4a7574df5902,8,932.31,28.0,sevilla,nuevo,116.53875
9975051a-4584-473b-b4f4-cd0fcbcfb5cd,11,1356.43,34.0,vigo,recurrente,123.31181818181818
999e4d16-9905-4f8e-aa50-8e97c32b184e,8,1165.42,41.0,vigo,recurrente,145.6775
99a35c50-f935-4d59-9168-1ddeb9910e9e,7,399.03000000000003,33.0,zaragoza,vip,57.00428571428572
99a7b4c3-41b1-46e5-b413-8d40b00bc384,4,383.65999999999997,28.0,malaga,nuevo,95.91499999999999
99ad0f1d-c59d-4e42-a79e-d8207702ef6c,8,578.8000000000001,64.0,madrid,nuevo,72.35000000000001
99b23169-c276-4de6-859d-478b3a55cb94,6,505.77,54.0,bilbao,nuevo,84.295
99b56053-308a-4299-924d-5a6beb1c2ff1,6,407.48,30.0,bilbao,nuevo,67.91333333333334
99be5028-f911-48aa-89c6-a90dc5906c87,7,602.75,43.0,vigo,recurrente,86.10714285714286
99c907b9-762f-4496-8cb3-309b6fb1158d,7,553.31,51.0,vigo,recurrente,79.0442857142857
99cb7b52-09c5-42e6-b0cc-8ab40299828c,6,430.15999999999997,38.0,valencia,vip,71.69333333333333
99d69364-c3a0-4451-acda-81c1c985c061,8,906.2499999999999,47.0,vigo,nuevo,113.28124999999999
99d813b0-276c-438e-a7b6-0c0b35c0e7f8,14,2117.1809000000003,46.0,murcia,nuevo,151.22720714285717
99d911ea-1b79-4835-becb-231968ef0c88,8,1282.0900000000001,42.0,barcelona,vip,160.26125000000002
99e38e0d-8006-448f-8a2a-f1ddac8bc6a9,6,765.2,44.0,vigo,nuevo,127.53333333333335
99efae07-7099-468f-860a-04b24311df2f,8,466.51,26.0,bilbao,corporativo,58.31375
99ff9a18-5a76-4b71-a288-e439c29b8981,4,344.94,47.0,valencia,corporativo,86.235
9a01dcdd-429f-4b49-9ba0-6ffa6a53abf7,7,273.31,35.0,sevilla,recurrente,39.044285714285714
9a0472fb-5ee3-4987-a9ca-614cfe4e6360,9,1055.38,42.0,bilbao,corporativo,117.26444444444445
9a05f91a-e3fa-47e9-b85c-fae4803fc99a,9,703.7,56.0,vigo,corporativo,78.1888888888889
9a064006-651a-4008-aae9-97106b37b29c,6,558.53,42.0,valencia,recurrente,93.08833333333332
9a0a6fe9-c842-4637-9edc-a62f95e15e2a,12,1662.34,36.0,zaragoza,recurrente,138.52833333333334
9a122506-27d5-4049-bd0e-b3071c9959de,7,469.64,47.0,murcia,nuevo,67.09142857142857
9a1c92b4-eae0-4dfe-892d-8372338b42a0,3,162.5,40.0,vigo,vip,54.166666666666664
9a24bdbc-ee64-40d5-a0d9-22f4c9c61cd6,12,907.76,18.0,valencia,vip,75.64666666666666
9a2527cf-a502-4d32-9050-9fd85c706ca9,2,260.5,60.0,sevilla,recurrente,130.25
9a252db2-a48a-4afc-b16f-dd08bb5869fe,8,811.27,24.0,madrid,recurrente,101.40875
9a26ae6d-1cb0-4064-a112-c0bd209d1992,7,1113.9,70.0,malaga,recurrente,159.12857142857143
9a2a3f37-7219-4ba9-98a6-a3c8504f4297,7,1280.2409000000002,33.0,malaga,recurrente,182.89155714285718
9a2dfd20-9fd1-4244-baf5-92a7dbaa8ac9,3,525.69,44.0,zaragoza,nuevo,175.23000000000002
9a32b434-07b9-4116-a867-033664db53fa,3,331.23,18.0,zaragoza,nuevo,110.41000000000001
9a3633c4-107c-432a-b800-0f4082ef30d7,8,479.26,40.0,madrid,recurrente,59.9075
9a3e166d-f170-4e33-b97a-94300c171cab,4,215.46,29.0,murcia,nuevo,53.865
9a4bb804-ff58-4149-a853-d2a9691899fc,10,1162.5509000000002,37.0,sevilla,corporativo,116.25509000000002
9a4c5286-c013-47e0-8409-a6bef70204f1,6,770.72,60.0,madrid,vip,128.45333333333335
9a547b45-10f9-48d0-8d7b-900533b1a1e5,5,1101.4099999999999,38.0,zaragoza,nuevo,220.28199999999998
9a54fa68-cf3a-4a83-8ec5-4211ce4404fc,6,290.12,40.0,sevilla,recurrente,48.35333333333333
9a626669-3c40-4cb5-bf5c-e39cd6e7e60d,6,398.9,52.0,barcelona,recurrente,66.48333333333333
9a6d12bd-a747-4cbb-94db-50b70aa3dcd4,8,966.19,30.0,granada,recurrente,120.77375
9a72ca28-d0e2-4b02-9ab8-b7596db82d12,6,409.65999999999997,63.0,zaragoza,nuevo,68.27666666666666
9a74eafb-c1d6-434d-839d-c676008c48ef,2,258.40999999999997,45.0,valencia,nuevo,129.20499999999998
9a773dc9-5d75-4c75-b60e-2449f629207d,10,1730.01,18.0,sevilla,vip,173.001
9a7b1785-d3b1-4d76-b66c-4692f6795d3d,5,342.65,44.0,zaragoza,nuevo,68.53
9aa0472c-5a78-41bd-ae48-a8fcf8ecaa2f,8,982.78,48.0,valencia,nuevo,122.8475
9aa207a3-1c53-4e49-a265-e462d97c932d,8,554.9,18.0,malaga,nuevo,69.3625
9aa86fc9-6a5e-4acd-bec2-0cb9283a472a,4,460.72,39.0,sevilla,recurrente,115.18
9aa907fd-214d-47b1-bd44-91763f434d2b,6,576.11,44.0,malaga,vip,96.01833333333333
9ab75c79-2360-4b04-aa33-daeccf9b5cc6,5,552.69,51.0,barcelona,recurrente,110.53800000000001
9aba3cc9-24a3-4752-85f6-d67ce4fe31ef,7,570.1899999999999,43.0,madrid,recurrente,81.45571428571428
9ac506e8-8152-404f-a87f-f5ff7ec6aa33,10,1097.51,31.0,zaragoza,nuevo,109.751
9ac620f6-ee14-4cfe-8ce5-266c26184183,9,1030.36,21.0,murcia,nuevo,114.48444444444443
9ac9789f-3274-40dc-9b48-99440179d47c,12,1680.63,42.0,sevilla,vip,140.0525
9ad0228c-f74e-43e4-a88b-6ad261a0482c,5,754.01,40.0,granada,nuevo,150.802
9ad258cc-cd19-4b1e-a61c-8b6c5ac24ab7,8,699.61,27.0,bilbao,nuevo,87.45125
9ad88726-6225-4bd5-a49d-bb161cc47c31,2,192.18,47.0,madrid,recurrente,96.09
9ae0f09b-cde1-4f0a-bd47-4b622873686f,4,521.03,44.0,zaragoza,recurrente,130.2575
9ae42f67-e8ac-4d7f-9dd7-7bcbace34993,7,450.02,56.0,zaragoza,recurrente,64.28857142857143
9afa1fe1-d18f-48ca-b9ec-4505b0033a9b,7,374.98,30.0,sevilla,recurrente,53.56857142857143
9afb6d48-bc46-47fa-8a92-03883765516e,7,946.78,45.0,vigo,nuevo,135.25428571428571
9b054448-5bba-412c-807d-d87533f754a4,4,241.21,36.0,sevilla,recurrente,60.3025
9b088283-1ad7-48ec-a19b-fb55c57ca983,4,448.87,60.0,bilbao,nuevo,112.2175
9b118945-da87-482b-b92f-3d581ad970b4,5,632.18,34.0,bilbao,nuevo,126.43599999999999
9b167019-5166-4825-962a-9750f46a9e80,9,971.88,30.0,vigo,recurrente,107.98666666666666
9b1ec584-e825-4035-9e73-7c6d193eb7de,6,774.88,34.0,malaga,vip,129.14666666666668
9b215065-6c93-4d47-a901-1b8d838bcad1,11,1073.61,59.0,malaga,nuevo,97.60090909090908
9b2b84f8-7d62-4c1b-a351-ac2ecffa4be4,7,671.81,26.0,madrid,recurrente,95.97285714285714
9b3ad489-c66c-47db-b77b-ba8d92a53554,5,376.57,43.0,barcelona,corporativo,75.314
9b3d9326-771f-41bc-83c3-127c8301ea2c,9,1069.38,44.0,zaragoza,nuevo,118.82000000000001
9b3ef7a5-59be-4194-a168-04e959613366,5,705.33,18.0,murcia,recurrente,141.066
9b4e6e23-198a-41ac-a9ed-1f3f3c9eff7a,8,588.19,34.0,bilbao,recurrente,73.52375
9b57fbf6-521c-4abc-9a71-ce97673cd0ec,6,655.92,31.0,murcia,nuevo,109.32
9b666a83-c701-4529-8490-33266de7853c,6,458.35,31.0,madrid,recurrente,76.39166666666667
9b6b6ba3-eb69-4e83-b0cf-fdc4a5b09d13,1,241.02,43.0,barcelona,nuevo,241.02
9b7094a4-7132-46bd-ba9c-ae0c716def39,9,788.3199999999999,51.0,murcia,recurrente,87.5911111111111
9b71e1ef-13ea-41ec-b07a-9b0bf0372cc8,5,601.77,36.0,murcia,vip,120.354
9b775cb6-5353-4d44-ab21-17145e0171bc,2,124.77,43.0,vigo,nuevo,62.385
9b814dc7-e6d3-459f-8fb9-61665743883a,4,224.3,34.0,murcia,recurrente,56.075
9b86fc73-54f4-4044-af67-636cb3b56df1,7,548.4,55.0,valencia,nuevo,78.34285714285714
9b8a753e-9295-4f28-9b00-8be211d192f4,3,135.51,33.0,valencia,recurrente,45.169999999999995
9b8b2483-7f20-4df6-afb3-3924f51a5b4f,3,262.48,48.0,murcia,corporativo,87.49333333333334
9b93a1aa-f21e-4f6a-8f20-657aeea169ac,5,545.7,40.0,barcelona,recurrente,109.14000000000001
9b99e5a9-3295-4ffc-9d20-d96c51c347ce,12,1281.28,18.0,vigo,recurrente,106.77333333333333
9b9fdcc0-0f9e-4736-aea8-a6e345fbe889,3,429.35,43.0,bilbao,recurrente,143.11666666666667
9ba10392-deb9-4eb0-8145-5f714de2d241,4,390.75,31.0,bilbao,nuevo,97.6875
9ba60b0c-59b0-4fc0-bfb8-c7ecbd96581c,5,829.5209000000002,18.0,murcia,nuevo,165.90418000000005
9ba62309-b901-4177-9c30-021a47b50abe,5,437.15000000000003,37.0,bilbao,vip,87.43
9bc0d286-ef57-42cf-adfa-0c94dae6779a,4,190.86,31.0,sevilla,nuevo,47.715
9bc68b06-6418-4308-86c5-e6bf26b1a13b,4,196.03,51.0,barcelona,nuevo,49.0075
9bc7d463-576c-4391-91ad-d4a3110529c3,3,435.36,18.0,granada,vip,145.12
9bca00ee-70f8-4897-bf27-7ea904078e0d,8,831.22,29.0,bilbao,nuevo,103.9025
9bccfae1-78b9-4b08-a9dd-ec7b04b97835,3,392.25000000000006,57.0,valencia,corporativo,130.75000000000003
9bd5bf99-6f04-438f-9667-ba6da77bb14d,2,145.77,26.0,murcia,nuevo,72.885
9bd72058-0a39-47c1-9a29-b695d7b7e733,3,137.19,48.0,murcia,nuevo,45.73
9be8872a-08b1-4552-87ec-8cb961474bdd,12,1080.47,48.0,granada,corporativo,90.03916666666667
9bef05b3-9379-4032-9553-ba6447f1d59c,3,365.54,37.0,valencia,corporativo,121.84666666666668
9bf2d8a8-7262-4f25-9e86-e40deb9d1ed8,7,708.5500000000001,23.0,malaga,recurrente,101.22142857142858
9bf633e9-5eb2-4678-8f1b-4438d37047f9,8,1012.7,42.0,madrid,recurrente,126.5875
9c0dd577-addf-46cc-934c-adc186081b94,11,1116.1,62.0,bilbao,nuevo,101.46363636363635
9c101b41-0c09-45d2-b74c-2b6c2a53917b,5,674.6800000000001,66.0,valencia,recurrente,134.936
9c17039d-1a50-4590-ad53-071e038f95e7,8,505.57,21.0,sevilla,recurrente,63.19625
9c1cc36e-c363-4bf6-bbf4-79c694491d30,5,500.74,38.0,valencia,recurrente,100.148
9c21dddc-a785-4a44-896c-77269930073d,6,529.84,73.0,sevilla,vip,88.30666666666667
9c307f34-d6ee-45a9-980d-ef05a0180c62,8,378.85,42.0,bilbao,corporativo,47.35625
9c37d987-9309-4943-b28f-f18638e97b5f,10,1029.07,28.0,madrid,recurrente,102.907
9c3852b7-0f81-41ae-b72d-de15e7936e72,3,250.87,48.0,murcia,recurrente,83.62333333333333
9c4fe1f1-30a1-4964-add2-0fb7be30bc76,4,568.87,47.0,murcia,nuevo,142.2175
9c544ca8-25dc-4a99-afa3-8d845d156fa0,7,928.56,47.0,granada,recurrente,132.65142857142857
9c627dfe-9abf-42d1-8043-327de3f226ab,13,1954.5418000000004,29.0,sevilla,recurrente,150.34936923076927
9c6961be-2a43-4232-b061-24d9116ad974,9,814.17,36.0,sevilla,nuevo,90.46333333333332
9c6adec1-8273-4ff1-a574-74766c30cee5,13,1986.32,30.0,sevilla,recurrente,152.79384615384615
9c7162a5-7583-436b-bc53-2257395e3705,11,890.62,28.0,zaragoza,nuevo,80.96545454545455
9c7fc1c3-8000-4029-a575-4999e94f6331,6,524.64,40.0,madrid,nuevo,87.44
9c874a24-0481-4a44-8e67-a34f040e0bf0,8,574.17,23.0,granada,nuevo,71.77125
9c900bad-f265-4022-9694-f619685e192b,6,676.95,29.0,vigo,recurrente,112.825
9c98800c-34a1-43cb-95da-fe3ed11b6770,7,1269.1399999999999,37.0,malaga,vip,181.30571428571426
9ca57b90-fc90-403e-9d9c-c616c5b41854,9,1052.21,40.0,malaga,recurrente,116.91222222222223
9ca5bc6d-8cfb-40f5-ae00-ed12c362154c,7,514.87,51.0,sevilla,recurrente,73.55285714285715
9cb32545-6c0c-4b45-be79-74ef9872c029,5,625.35,18.0,malaga,corporativo,125.07000000000001
9cc1645f-ec33-4682-b476-beb92176b16d,4,211.35999999999999,44.0,zaragoza,recurrente,52.839999999999996
9cc1c711-55dd-4203-aa82-d53b8b01dabe,9,1494.41,34.0,granada,recurrente,166.04555555555555
9cd4e5c3-fa24-4b4f-8202-e7e316b283d1,5,722.6,40.0,bilbao,nuevo,144.52
9cde912f-42e4-4ffd-a973-a8ec01d1ac1e,4,308.5,29.0,vigo,corporativo,77.125
9ce1b10d-e719-463b-be2a-25a53741e3b7,6,774.8299999999999,40.0,vigo,recurrente,129.13833333333332
9ce57b66-6938-4182-a583-17cfc0cb0e19,10,1078.47,31.0,zaragoza,recurrente,107.84700000000001
9ce736d2-33a7-49fa-9ce4-53e462c7b9a8,3,215.55,48.0,bilbao,recurrente,71.85000000000001
9ce790ab-c597-4cb5-b2cd-34bfa36b0aee,6,672.5699999999999,35.0,granada,nuevo,112.09499999999998
9cf37750-6b61-443b-8390-981a0ebb5f9f,12,1591.79,42.0,granada,vip,132.64916666666667
9d07c330-9cad-41f5-9e09-27c988b48e7b,4,362.93,18.0,granada,nuevo,90.7325
9d0982de-235c-4ed4-99fc-a5a7a48e37d0,9,1015.8600000000001,43.0,vigo,recurrente,112.87333333333335
9d0c6fc5-bd4d-4790-9e08-3118619c0580,5,397.70000000000005,40.0,barcelona,nuevo,79.54
9d0d17fc-991c-4fc0-bcea-f3617c92bfe8,11,988.79,43.0,madrid,nuevo,89.89
9d0ea826-ea34-43c3-a505-9c2efe16012c,6,583.33,40.0,vigo,vip,97.22166666666668
9d16964f-e3b9-4195-bf33-bd89ae38cde9,10,1124.74,32.0,malaga,recurrente,112.474
9d1884fb-ef4c-4d43-80f2-ac7183463d48,3,479.81,35.0,madrid,nuevo,159.93666666666667
9d22a3c3-15cb-4b8b-9b1f-39a6e27a13ed,6,370.96000000000004,42.0,vigo,nuevo,61.826666666666675
9d22c165-fe72-4b8c-bcfb-8259fb7d1c21,10,1115.24,42.0,granada,nuevo,111.524
9d2e4c38-d791-41aa-a296-f5577c68b2ac,7,296.77,36.0,murcia,nuevo,42.395714285714284
9d301e14-4378-4fb4-a7bb-5d93231dbaf2,3,221.03,43.0,zaragoza,nuevo,73.67666666666666
9d34ae40-e0aa-4256-872f-bf45d44d9691,5,326.34000000000003,29.0,barcelona,recurrente,65.268
9d366cf9-6882-4a50-bb7b-f56527045d58,11,1604.1200000000001,65.0,madrid,corporativo,145.82909090909092
9d37bb57-ac86-4af0-a465-fb558fc3079a,3,106.18,25.0,sevilla,recurrente,35.39333333333334
9d3e0f7e-d017-4c82-8a60-4eab94ac3dad,6,979.45,34.0,madrid,recurrente,163.24166666666667
9d459743-8a3f-4728-8fd9-d9bce2ae58b8,5,393.99,41.0,barcelona,nuevo,78.798
9d4b1436-0593-4584-8d3b-1922cb4bd578,5,908.36,53.0,madrid,recurrente,181.672
9d4d50cb-2f5f-415e-b695-201779bfc563,5,627.0,31.0,zaragoza,recurrente,125.4
9d5be56d-9837-404f-948e-e50b8ce19d42,6,612.03,44.0,malaga,corporativo,102.005
9d65e90f-758d-488c-b154-f19d9c1a25fe,4,285.12,47.0,bilbao,nuevo,71.28
9d733f96-c861-46aa-b98a-d87e2db7978e,4,591.84,20.0,sevilla,nuevo,147.96
9d79a372-a7c0-4f57-a840-66ea8be7d3d4,5,195.14000000000001,66.0,madrid,nuevo,39.028000000000006
9d82a968-0609-4825-a8cf-6f7d1495fc4d,5,609.7099999999999,21.0,sevilla,nuevo,121.94199999999998
9d8492bb-7ad4-45f4-b197-703cf3e0d387,6,408.97,55.0,granada,recurrente,68.16166666666668
9d95b55e-eb37-4ef4-a3a9-3c0d715324a5,7,457.47,58.0,malaga,recurrente,65.35285714285715
9d9b8580-1c54-4146-b4db-57ba0ec008db,5,1001.1009000000003,40.0,valencia,corporativo,200.22018000000006
9d9bf2d5-28c2-4ee4-88fe-82f7970b653b,7,771.9200000000001,46.0,barcelona,vip,110.27428571428572
9dc2de5e-e044-4238-ae7a-03678b4e6cb6,11,794.82,27.0,valencia,nuevo,72.25636363636364
9dc3a64c-9810-489a-9873-cb0d2cb4070f,7,591.0,38.0,valencia,vip,84.42857142857143
9dcbbdc2-da10-4069-bb29-dd9472ddf279,6,616.3,48.0,granada,nuevo,102.71666666666665
9dcd6349-fc91-4713-a28d-923b00f2de61,10,651.3,50.0,bilbao,nuevo,65.13
9dce7388-e53e-4639-aae7-6997dc62805d,6,611.64,44.0,murcia,recurrente,101.94
9dd08f92-e124-4874-a176-c686b1b89021,7,709.27,32.0,sevilla,recurrente,101.32428571428571
9dd2ea88-0c73-461b-8dfd-9bc8d0a771e9,9,611.49,56.0,bilbao,recurrente,67.94333333333333
9de0bfca-9a3f-4299-8bd3-34409218164a,10,1102.8500000000001,21.0,zaragoza,vip,110.28500000000001
9de1a712-635c-46b9-bb62-817dae136cc6,5,238.89,48.0,malaga,nuevo,47.778
9de6fedb-4227-4c54-b745-814428ac1cbf,5,848.6009000000001,47.0,murcia,recurrente,169.72018000000003
9deb70d9-1d51-4f52-be3d-1803d04ff635,7,789.6700000000001,41.0,granada,recurrente,112.81000000000002
9df050c6-ca1f-430c-8e07-84b52f59dd76,11,1128.74,71.0,sevilla,vip,102.61272727272727
9df4fd59-03a6-42dd-972c-a9e832ab1b1f,13,1335.33,22.0,sevilla,recurrente,102.7176923076923
9dfd9ea1-ec08-4f93-9588-ed3f02d13e27,8,1365.9809000000002,34.0,malaga,nuevo,170.74761250000003
9e144f77-0321-44c3-9c2a-915b09b0db81,10,994.66,35.0,vigo,nuevo,99.466
9e151f76-2031-4a3f-a876-45daadccfd4e,3,243.22,29.0,malaga,nuevo,81.07333333333334
9e21f407-6c39-4e0e-ae40-8ed1ba54a364,3,411.26000000000005,38.0,barcelona,recurrente,137.08666666666667
9e233f5d-9176-4d45-adad-8f924ce6c361,5,327.79,53.0,valencia,nuevo,65.558
9e242a72-2a88-464b-a642-a83b48781e4b,6,444.33,40.0,malaga,nuevo,74.05499999999999
9e2d0d5d-ce58-453c-a90c-96548b8c6bec,2,130.63,65.0,granada,recurrente,65.315
9e307b37-e1bb-48a2-9389-b97228af15cd,9,644.4699999999999,73.0,madrid,recurrente,71.60777777777777
9e3150f0-094b-4c6e-8026-da218234a4c3,8,1014.8399999999999,29.0,madrid,vip,126.85499999999999
9e399f94-22c7-40b3-922e-f4a5f13974c6,5,710.6600000000001,43.0,malaga,nuevo,142.132
9e3a6c24-25ba-440f-bdfe-2465c7bd5923,3,451.72,37.0,zaragoza,recurrente,150.57333333333335
9e44e44d-67e0-457f-84e9-e7d3121d7070,8,968.03,40.0,zaragoza,recurrente,121.00375
9e4b2754-0ac8-4ce1-ba0f-ba89ff767f0e,6,902.0609000000002,39.0,malaga,recurrente,150.34348333333335
9e587ea3-323f-4435-92eb-d23995996953,3,890.3509000000001,54.0,bilbao,nuevo,296.7836333333334
9e5f665b-bbf9-480f-bf9f-f818b1f1d690,6,497.63000000000005,40.0,murcia,corporativo,82.93833333333335
9e624a39-9947-4b74-8740-4246d7fed077,10,800.8299999999999,44.0,granada,nuevo,80.083
9e639c4d-a5e7-4f1e-a160-bc501497225a,4,693.48,35.0,zaragoza,recurrente,173.37
9e747687-2133-47b0-8cc5-55920ea562ef,3,227.39,40.0,zaragoza,nuevo,75.79666666666667
9e772422-4154-4b14-aa96-16c44252dad7,7,362.5,38.0,barcelona,nuevo,51.785714285714285
9e7932b0-b086-41b4-b8b3-1981c7b93296,4,391.51,40.0,granada,nuevo,97.8775
9e7b8cdd-d58c-4afa-a2f1-08f4356cd703,8,795.67,55.0,zaragoza,recurrente,99.45875
9e8f2065-c4b5-4aa7-91c8-e0e4cb12d93e,11,1660.79,27.0,valencia,recurrente,150.98090909090908
9e943f7e-0502-4abd-93bc-8c06fa9f801d,7,808.66,26.0,zaragoza,recurrente,115.52285714285713
9e9519be-618d-4922-b186-ee59748ce4c9,6,529.27,37.0,bilbao,nuevo,88.21166666666666
9eb1c0a1-b909-41ab-838c-7e0de4b2f7ee,4,186.4,44.0,barcelona,recurrente,46.6
9eb93f50-921e-4f2b-a2b4-7176ce8c1899,6,621.61,41.0,sevilla,nuevo,103.60166666666667
9ec3b1d9-4b52-4f0d-ad82-1603c8cecd75,5,687.43,55.0,barcelona,nuevo,137.486
9ec72499-8077-45c7-92e8-73496b65df46,5,364.83,40.0,sevilla,recurrente,72.966
9ecfe1d3-599d-4680-a506-4b54d5f2dc3b,2,189.20999999999998,56.0,valencia,recurrente,94.60499999999999
9eddc1c8-12e7-4943-978f-49047847983a,5,198.4,26.0,malaga,corporativo,39.68
9ede982e-b14e-4b92-abb8-eb69ca0e991b,9,831.2,63.0,barcelona,nuevo,92.35555555555555
9eea8d89-8319-4136-9ee1-868c6762f399,11,843.98,47.0,zaragoza,recurrente,76.72545454545455
9ef0210e-8756-4618-b630-66b6444b255d,12,943.8,47.0,vigo,recurrente,78.64999999999999
9f020084-731a-421c-8e82-ea22190940ca,9,989.0699999999999,41.0,vigo,nuevo,109.89666666666666
9f0516e1-b42c-4000-a86e-97b267c85485,5,274.96,42.0,vigo,nuevo,54.992
9f0ee4ea-46c6-437d-8574-51ccdad8ae92,8,813.22,47.0,zaragoza,vip,101.6525
9f150f7f-b1ea-4c01-b8fa-64530a0a4d7a,5,515.97,36.0,zaragoza,nuevo,103.194
9f195045-7878-4802-8670-646bdca31113,3,692.4,39.0,murcia,recurrente,230.79999999999998
9f2a4a1e-ab14-421f-ab86-5440b08d319c,7,603.88,37.0,sevilla,corporativo,86.26857142857143
9f2ab30b-4226-4630-89ca-b25e1f99408e,5,565.8,47.0,malaga,nuevo,113.16
9f2baf62-a1ce-4cda-99ff-4b0c7cfec4d5,8,461.56,48.0,bilbao,recurrente,57.695
9f2d7fdc-7cbd-4b6d-a6bf-4e4694501837,3,130.47,50.0,murcia,vip,43.49
9f3b735c-9ae7-44a9-916b-7409c2c4a647,7,848.85,43.0,barcelona,vip,121.26428571428572
9f44119c-edf3-43c7-a573-25caf009fd13,4,623.06,27.0,murcia,nuevo,155.765
9f64f02b-5077-4224-a008-074f3ed2623e,7,524.36,56.0,murcia,nuevo,74.90857142857143
9f665f7e-537b-4cc6-9ca8-4b4c4336cfd7,9,720.68,36.0,vigo,nuevo,80.07555555555555
9f68f3af-25f5-4ca9-88c6-550f6c484d84,6,1514.2009000000003,26.0,zaragoza,recurrente,252.36681666666672
9f8c527a-6a6a-4fdb-a86e-a077905c990c,7,318.13,30.0,valencia,recurrente,45.44714285714286
9f8d2769-8f04-4639-825d-192ab08f022d,5,670.64,47.0,zaragoza,nuevo,134.128
9fa2f30a-b837-4450-ac61-b937e4780b44,6,533.99,35.0,vigo,recurrente,88.99833333333333
9fa51ddb-50b2-4bb3-bca0-f9a1ae05d8cc,16,1464.26,28.0,murcia,corporativo,91.51625
9fa8797a-7a50-4988-afb5-f3d3e7765389,5,557.56,64.0,granada,nuevo,111.51199999999999
9fa93e51-53c3-49b6-963f-cd75e24f14a0,6,582.0,72.0,madrid,recurrente,97.0
9fbca5f2-0472-4cbf-a855-fa3e061c32b6,11,892.97,43.0,malaga,nuevo,81.17909090909092
9fdba93d-1155-4156-ad8b-2d7323f79d24,6,1022.4300000000001,46.0,vigo,recurrente,170.405
9ff57ba9-f5b2-4cc6-8a1b-71a52f733309,4,555.33,49.0,malaga,nuevo,138.8325
9ffb495b-f39e-4ff9-9125-57a983ff4c97,8,546.33,44.0,malaga,corporativo,68.29125
9ffeed45-3a2b-47eb-b036-db5b2533ea8c,11,956.45,38.0,sevilla,nuevo,86.95
a00b29da-3c04-4f31-b985-35a1bcb46082,10,864.9,52.0,malaga,vip,86.49
a01cd30e-1e90-4c86-afee-9018d358a678,7,988.33,36.0,malaga,vip,141.19
a0200158-653d-4256-b88b-91d4d69391c5,3,100.1,32.0,granada,nuevo,33.36666666666667
a02df1da-e202-4842-bba0-f35df40342e2,6,515.91,33.0,bilbao,recurrente,85.985
a0364186-21ac-4d05-bc7f-ee2af91cf1ac,6,377.94,41.0,vigo,nuevo,62.99
a037829b-a431-424e-b84b-de6df4d5fdfa,8,491.15999999999997,71.0,sevilla,nuevo,61.394999999999996
a0405fee-512d-4499-b087-c5799fd75158,4,656.09,32.0,madrid,recurrente,164.0225
a0504fa3-4471-4dff-a91a-d344e62ec920,6,354.91,66.0,madrid,recurrente,59.15166666666667
a0654d37-2b8e-4033-81ea-91d904ebc11d,7,540.11,40.0,malaga,vip,77.15857142857143
a06df4bc-b4e9-4345-afcd-6cc626c81cad,9,781.72,46.0,malaga,recurrente,86.85777777777778
a077f2eb-692b-4016-8641-db99d4d0f000,6,525.38,40.0,barcelona,nuevo,87.56333333333333
a07909e2-27cd-4ad0-bcda-8da8196331d6,8,585.47,36.0,vigo,recurrente,73.18375
a08a7118-20a5-4c1d-90ae-6d590c97641b,3,252.0,36.0,malaga,corporativo,84.0
a0935825-2540-43c5-aa0c-7b0012f79e6d,3,520.62,49.0,vigo,recurrente,173.54
a0a3c574-67fe-4c1c-947e-33a4ad5364ff,5,498.25,39.0,valencia,recurrente,99.65
a0b19214-7270-40a5-b9d4-5ee49b9be4e2,11,999.74,55.0,murcia,recurrente,90.88545454545455
a0b6b586-2b01-44b3-97e2-dfa5e575bddd,7,841.5,37.0,vigo,nuevo,120.21428571428571
a0b723ae-4264-45df-b949-c863e99ddb34,6,421.59000000000003,42.0,vigo,vip,70.265
a0c4446f-ce07-4d79-9b37-f6800af67349,7,1114.91,44.0,valencia,recurrente,159.27285714285716
a0d60c2d-2332-4417-be07-1780b37d609c,9,1276.1409000000003,42.0,vigo,recurrente,141.79343333333338
a0d62fb2-76a9-477e-bb5d-9d6a0bf8c754,10,1181.05,18.0,murcia,nuevo,118.10499999999999
a0df0a1a-57e2-40bd-af50-b49f21198d3d,13,1965.85,40.0,zaragoza,nuevo,151.21923076923076
a0e890ee-0685-4a77-bf88-7f3a4dddaae1,6,274.78000000000003,35.0,valencia,nuevo,45.796666666666674
a0ef2089-e1f9-46e1-ad79-5787727d44c6,4,311.25,27.0,zaragoza,recurrente,77.8125
a0fefd02-ed20-4580-99c4-883921a9ba33,8,836.68,27.0,murcia,corporativo,104.585
a106b723-d59a-4594-906b-270960602a0f,6,549.19,38.0,valencia,recurrente,91.53166666666668
a1197351-8267-472a-9319-f107a1a70211,9,554.14,26.0,granada,recurrente,61.57111111111111
a11c950a-0045-4f01-ae57-fbeb8624575b,6,464.3,24.0,zaragoza,vip,77.38333333333334
a11e6508-0368-436d-a54f-32c89c4520b5,7,805.87,48.0,vigo,vip,115.12428571428572
a1216dff-b005-4921-9dfd-a4a614d78296,5,570.6700000000001,42.0,sevilla,recurrente,114.13400000000001
a122b71c-7ffb-4855-90ff-4bd279bd241f,6,313.94,25.0,barcelona,nuevo,52.32333333333333
a12c93bc-553a-4c2b-8710-37f0d88ac03d,6,548.73,18.0,madrid,corporativo,91.455
a132bcb2-e206-4bc2-b74f-cc1d3e4afe40,3,329.63,35.0,zaragoza,nuevo,109.87666666666667
a13bf8a3-7c2e-4044-baeb-da59da7e1a8e,7,523.64,18.0,madrid,nuevo,74.80571428571429
a13c2239-b84d-4762-9560-51cbc6376de9,5,406.05,58.0,granada,recurrente,81.21000000000001
a1583d4f-9e02-41bd-bd63-42b88624681a,4,253.51,27.0,valencia,recurrente,63.3775
a15e849f-ca65-4ca1-a055-98a793c3e63b,8,827.56,31.0,malaga,recurrente,103.445
a16031dd-6c68-41d3-9cfe-459adfe86e0c,12,937.95,37.0,barcelona,recurrente,78.16250000000001
a1637d19-4e29-4e6a-a860-24002a31e44d,9,1289.92,31.0,murcia,recurrente,143.32444444444445
a163dd0c-92c0-42c5-9385-2b8c108d82c2,9,820.9499999999999,34.0,valencia,recurrente,91.21666666666665
a16f2b01-1f48-40ce-9127-4f11c3b0181b,6,507.66999999999996,63.0,murcia,nuevo,84.61166666666666
a179d6f2-22de-4ad4-a1ba-4317968f321e,9,713.73,41.0,barcelona,nuevo,79.30333333333334
a17b614c-70c9-4c23-ad65-561dc4534e75,8,610.72,54.0,zaragoza,recurrente,76.34
a17f4cff-91dc-4674-90bc-de5330306536,8,539.24,41.0,valencia,corporativo,67.405
a181ae51-fdc1-4194-b134-6541ef443073,8,969.1800000000001,30.0,madrid,nuevo,121.14750000000001
a187774a-5935-45d4-8f74-1b58749e6ad4,6,1197.1,37.0,barcelona,recurrente,199.51666666666665
a18b6fa5-2529-4bef-9cd7-5b2faf376504,6,670.4,44.0,barcelona,recurrente,111.73333333333333
a1a35b2f-82fd-4973-84dd-30fbf7deddaa,2,56.36,45.0,valencia,nuevo,28.18
a1adeff9-7bf9-4e5b-9c5b-a42a02f37b22,5,877.38,44.0,malaga,recurrente,175.476
a1be2ed9-9477-44b7-bba2-fe6288147a05,9,957.36,24.0,madrid,nuevo,106.37333333333333
a1c58798-02cb-4077-8188-673f8f4d3a29,8,794.9200000000001,41.0,zaragoza,recurrente,99.36500000000001
a1cb7701-12f1-4ade-b044-87d3fbe18ebb,4,281.21000000000004,35.0,granada,vip,70.30250000000001
a1d8156f-843f-461c-a157-7f4b98f9891e,7,345.81,26.0,murcia,recurrente,49.401428571428575
a1dd9717-6701-4b5e-9321-5e8ca32b24dd,5,396.73,18.0,bilbao,corporativo,79.346
a1e90aa9-c29b-4c5c-89a4-d7c385dd0649,8,820.11,35.0,vigo,corporativo,102.51375
a1f0fb7b-392d-4744-90f7-5e1553128254,4,287.61,22.0,bilbao,vip,71.9025
a1faf80f-d139-4d4b-80c7-ed8c0c411154,8,650.48,26.0,madrid,nuevo,81.31
a20d99e0-3483-481b-85f7-3ff605bb6050,8,1185.5209000000002,26.0,zaragoza,recurrente,148.19011250000003
a21245dc-ef89-4b03-83da-e4bef4c3364e,7,800.77,45.0,malaga,nuevo,114.39571428571428
a215fc06-0883-4f45-a040-23267a650384,7,711.13,40.0,vigo,recurrente,101.59
a216d32d-1dce-40b6-98b8-5081e8876fd6,6,341.03,18.0,madrid,nuevo,56.83833333333333
a218c881-4195-463a-b004-ab1ef778a721,5,324.82000000000005,48.0,madrid,nuevo,64.96400000000001
a21c64dc-2447-480f-a81a-eecae1c54677,6,1210.86,28.0,bilbao,nuevo,201.80999999999997
a227037a-27ec-499c-80f4-bb28c01ed01c,9,1119.84,27.0,madrid,recurrente,124.42666666666666
a2338528-e0ef-4ae0-9990-bb5a1a099e71,4,212.66,60.0,barcelona,nuevo,53.165
a23b3465-750a-40c7-8f1d-565f7cd2c628,6,709.03,32.0,zaragoza,recurrente,118.17166666666667
a23e64f9-3843-46ca-9855-858eb5309916,6,1178.41,52.0,zaragoza,vip,196.40166666666667
a240b67f-79ec-4318-9bc4-89104093a6fe,4,146.52,32.0,vigo,vip,36.63
a24ab33d-52af-4aee-8083-24f7b227b9af,9,718.87,20.0,barcelona,recurrente,79.87444444444445
a24c6de3-6bcb-453f-9367-9d071a600ff5,9,944.32,39.0,zaragoza,recurrente,104.92444444444445
a256b278-eb88-41dc-963a-c82fc0678c12,10,904.83,46.0,zaragoza,recurrente,90.483
a262cc38-3128-4807-a3b5-df78d4b2be9e,7,375.28000000000003,42.0,madrid,nuevo,53.611428571428576
a26b2577-420c-4aba-b95d-42f1f792a244,7,1254.43,40.0,bilbao,recurrente,179.20428571428573
a26f2983-22c2-42ae-ba31-f0161e140432,11,1033.1,48.0,vigo,nuevo,93.91818181818181
a2806389-1a05-43fb-811d-99396682b91d,10,587.47,40.0,murcia,recurrente,58.747
a294d801-2234-4e46-ad44-520d0704aa3d,1,240.54,35.0,bilbao,nuevo,240.54
a29aff34-f1d5-4386-972d-e62e6632e375,7,593.32,31.0,vigo,recurrente,84.76
a29b6e7c-8ff2-4e59-b3fa-ff76dc457271,5,117.88,45.0,madrid,nuevo,23.576
a29b9693-835c-47c9-a223-056781b54fa7,8,553.79,38.0,granada,corporativo,69.22375
a2a571c4-0443-40ba-aa25-58e9a245c939,4,518.3199999999999,18.0,malaga,recurrente,129.57999999999998
a2ac3f58-5992-43fa-b448-a86e0b067087,6,527.7,27.0,bilbao,recurrente,87.95
a2ad790d-68f7-42b4-84f1-4521be9bdd8f,12,1246.24,24.0,vigo,recurrente,103.85333333333334
a2add11d-9466-43db-8605-afd55126431c,8,449.26,33.0,madrid,recurrente,56.1575
a2ae63d8-cd0d-4918-a952-34bcdaf92225,6,724.49,53.0,bilbao,recurrente,120.74833333333333
a2b9619f-30ec-4e0e-ae75-5cb40a9aebcf,8,1169.5309000000002,52.0,vigo,nuevo,146.19136250000003
a2c065fe-0874-454d-88e2-adf1d23cb1d5,5,153.19,41.0,vigo,recurrente,30.637999999999998
a2c74a7d-d115-4c50-b951-1b195d4ce089,3,172.75,26.0,madrid,nuevo,57.583333333333336
a2c96a1c-63ed-423f-924f-ef1d11998e80,9,949.37,30.0,sevilla,nuevo,105.48555555555555
a2cbd4a0-0181-4e4d-9933-2c53196369b1,6,661.2800000000001,20.0,bilbao,nuevo,110.21333333333335
a2d27da3-ea5c-4e4e-a673-bc3d05883fdf,7,374.89,33.0,madrid,nuevo,53.55571428571428
a2d8970b-0a76-482b-bd6b-bb3d85b5842a,5,774.93,35.0,murcia,recurrente,154.986
a2d8f297-6588-4413-bb92-f55319e0d0bb,10,826.89,47.0,zaragoza,recurrente,82.689
a2e4dcbe-562d-4100-b0d2-3e972b813f23,5,1069.0209000000002,28.0,zaragoza,vip,213.80418000000003
a2ea77b8-d6ce-41ad-9eec-2045c44ab69e,4,1159.83,18.0,madrid,nuevo,289.9575
a2eda037-f3e8-4a36-a42c-272c793fef6e,6,357.77,24.0,barcelona,corporativo,59.62833333333333
a2eff5f1-a286-4b63-a199-0749054d6f3c,5,344.24,45.0,madrid,nuevo,68.848
a2f4aff5-5eac-4949-a32a-120a4ac11a34,6,528.24,36.0,barcelona,nuevo,88.04
a301c250-dd01-48d5-a1c3-8e8fdb66465b,9,1480.3209000000002,67.0,madrid,corporativo,164.48010000000002
a3148498-791b-490e-aca0-f79a7db83cb8,8,557.25,63.0,malaga,nuevo,69.65625
a323236d-d7ff-4cdf-a240-3796fc3a7f52,5,691.73,41.0,malaga,corporativo,138.346
a3309a42-b3d0-47e2-ad14-1047e8ece378,5,752.23,30.0,malaga,nuevo,150.446
a3380525-bfe9-408f-86cb-fd13d263b0b9,6,1277.8709000000001,39.0,granada,vip,212.97848333333334
a33b9804-edb1-48a8-9dc7-61cab1903c37,4,310.75,41.0,valencia,vip,77.6875
a35908fe-0036-40b0-8ec8-65b54dc14a0b,8,707.63,40.0,vigo,nuevo,88.45375
a37070d7-d259-4ff1-991e-73711f0f97c4,8,464.97,52.0,madrid,recurrente,58.12125
a37b7c2a-53a7-4cec-9659-300ede0fbf74,7,571.1700000000001,20.0,madrid,nuevo,81.5957142857143
a37fb94b-cd41-4693-bb73-fcddfbdff864,5,588.61,22.0,madrid,nuevo,117.72200000000001
a3802286-a5bb-4c6b-b24c-2806e1192850,10,1168.27,44.0,zaragoza,nuevo,116.827
a38049fe-aecb-4a61-8bb1-f4336343e4c3,2,217.73,30.0,bilbao,nuevo,108.865
a38c304d-0f55-4db8-89d5-f444134014c3,8,1074.78,59.0,barcelona,nuevo,134.3475
a38cb6dc-d776-4fa8-9899-f2059981a71a,10,645.46,25.0,bilbao,recurrente,64.546
a38e971f-41be-45de-b6bc-418687808142,5,644.89,18.0,bilbao,nuevo,128.978
a3903b91-014d-4c55-b28f-a302d486e468,5,394.48,37.0,malaga,corporativo,78.896
a3987b73-f90c-4f93-802e-ba8044f28b05,9,1363.74,46.0,murcia,nuevo,151.52666666666667
a3b1cc3a-262b-4f4b-8898-03b79ee03560,6,756.14,46.0,sevilla,recurrente,126.02333333333333
a3b36ecd-1611-488f-be03-48e4185cd7c5,9,957.1899999999999,51.0,granada,recurrente,106.35444444444444
a3ba1a8c-a285-4970-ab7d-2437a1ee06a2,6,471.68,37.0,barcelona,nuevo,78.61333333333333
a3bc71f4-1e7d-4b02-85e3-6bb1670955a9,11,937.25,41.0,bilbao,vip,85.20454545454545
a3bcdf37-21b0-4b2d-9b2b-49ccdb81b5ba,5,384.26,20.0,malaga,recurrente,76.852
a3bf868f-c663-4fa4-a048-952df2755eec,7,665.1899999999999,25.0,sevilla,recurrente,95.02714285714285
a3c342b9-9548-4f1e-ac1d-d11c5babdd2f,4,411.66999999999996,22.0,malaga,recurrente,102.91749999999999
a3c7f296-c253-41ba-b34b-fcbb5872976d,5,841.68,18.0,malaga,nuevo,168.33599999999998
a3cd35d0-7d90-4842-b59a-0418692e15ce,9,640.14,29.0,granada,recurrente,71.12666666666667
a3cffbd7-a058-4cec-93b7-271fdbd432a3,4,924.03,33.0,valencia,recurrente,231.0075
a3d06dbe-3bfe-4c4f-bf93-d2c68264a48c,5,445.46999999999997,47.0,bilbao,recurrente,89.094
a3f7d151-047e-4f18-95c6-3cfa9e0fa6fc,3,433.76,19.0,barcelona,corporativo,144.58666666666667
a40602f7-03df-4408-bd0e-95fac85acd26,5,496.16,30.0,vigo,recurrente,99.232
a41c7813-96b8-45c4-b122-42b2649dd4c6,8,505.62,51.0,zaragoza,recurrente,63.2025
a4283da1-7242-439f-92d1-fcdd0aeb586f,6,864.93,33.0,valencia,recurrente,144.155
a42ab321-40a0-4752-b36a-f1d684674f5d,11,1279.46,47.0,zaragoza,nuevo,116.31454545454545
a437798c-5445-4dff-8a03-9c154e75e94e,6,732.12,40.0,zaragoza,nuevo,122.02
a443c1ea-463a-41f2-b37b-8b74ebbc4c12,5,436.94,18.0,vigo,recurrente,87.388
a443d113-675b-4fbe-9f61-4ead1449a25c,4,175.63,30.0,vigo,vip,43.9075
a44705ba-6371-41f4-a7d0-417a52f362cd,5,643.6,54.0,zaragoza,recurrente,128.72
a4477e79-9c66-4a99-85cb-a9cbc3030b0b,4,317.75,45.0,bilbao,recurrente,79.4375
a451185a-bad8-4e14-b7bd-85a790aa5180,9,993.45,51.0,granada,recurrente,110.38333333333334
a454b47e-115f-4bac-baf3-b363a450eb47,5,572.12,40.0,barcelona,vip,114.424
a4580037-49f1-4142-a83e-1b18dcfa6ee9,5,1038.6,23.0,granada,corporativo,207.71999999999997
a45f3b04-4fe9-4c7e-83f5-c13b395eb5cd,9,430.09000000000003,42.0,vigo,recurrente,47.787777777777784
a469d5ea-acff-4df0-9621-9ccf8a017b1b,8,805.6,41.0,malaga,recurrente,100.7
a46eb9e7-624a-445b-89a7-1f8fc8e49f41,8,690.71,41.0,sevilla,recurrente,86.33875
a4744b44-eccd-4495-9d12-213724be6524,4,397.85999999999996,39.0,zaragoza,recurrente,99.46499999999999
a481ce1b-1c4d-4f9f-945b-af69aa7b7755,8,1042.03,45.0,granada,recurrente,130.25375
a493125d-77d6-413f-9d6a-289316157b1a,12,693.76,42.0,malaga,nuevo,57.81333333333333
a494deee-e81f-4ee4-9409-ec3110d9fea6,6,814.19,51.0,malaga,nuevo,135.69833333333335
a49b1c7c-f7d2-4f1b-a1d7-9b200b27a2fb,12,1334.71,18.0,granada,recurrente,111.22583333333334
a49b244e-1e53-4074-8ac6-4bf0a42888f8,2,113.13,18.0,bilbao,recurrente,56.565
a4a392d4-60b3-42b5-b3a5-a5d517663a05,6,450.91,31.0,granada,nuevo,75.15166666666667
a4a858f2-cf0b-491e-81c2-fedd797ddb8f,4,566.52,40.0,vigo,vip,141.63
a4b8875c-f3ea-4a85-8dfb-a382c681291f,7,760.8,43.0,madrid,nuevo,108.68571428571428
a4b92d13-fa5e-4ab7-a4a6-c4bf82f2e0b4,13,1490.97,30.0,vigo,nuevo,114.69
a4ca33cb-2593-4eba-88a4-013772ac969e,8,771.29,43.0,bilbao,recurrente,96.41125
a4cb7762-2660-453d-893d-1acb84b5b1aa,7,793.09,38.0,bilbao,vip,113.29857142857144
a4cc9087-f99a-4fe2-aa1f-dc4aee145007,6,504.36,18.0,madrid,nuevo,84.06
a4d0c6c5-5af0-4a5a-a150-25ae81aed30a,10,938.78,32.0,barcelona,recurrente,93.878
a4d182bd-7e44-4320-8cbd-d2cd5d114e27,5,305.70000000000005,76.0,bilbao,recurrente,61.14000000000001
a4df361c-68c6-4c67-a86b-29e33bd468fe,10,1033.0,46.0,barcelona,nuevo,103.3
a4edc5b4-b6ce-40f1-b28a-70bf1a768b03,8,687.21,40.0,barcelona,recurrente,85.90125
a4fd20d1-1be2-477a-9890-19cbf5e2f91e,9,918.06,59.0,malaga,recurrente,102.00666666666666
a4fe0e01-aec7-4150-bdd0-2400a18a0303,11,864.39,18.0,barcelona,recurrente,78.58090909090909
a505c8a8-d53d-48aa-a66a-fa6f71504d16,8,724.15,51.0,madrid,vip,90.51875
a50c5b8e-4450-4784-bbe7-d24d7140fb22,3,178.07999999999998,40.0,barcelona,recurrente,59.35999999999999
a5111377-cd69-4312-8a62-b223f836b108,8,738.41,48.0,zaragoza,vip,92.30125
a5113e61-22bd-4ebe-9ad1-697411580e06,7,1079.98,39.0,vigo,vip,154.28285714285715
a52a0d66-038e-450e-ad8d-bf1dad88cc79,10,1420.53,40.0,valencia,recurrente,142.053
a5347952-8922-4a1a-b944-6af3703175e2,9,1570.82,30.0,madrid,nuevo,174.53555555555556
a535ed3e-7d68-4ad3-a630-85c160aae68a,12,1430.0109000000002,18.0,valencia,corporativo,119.16757500000001
a543de0d-05a6-46d2-88af-1bf13ed74049,5,236.82999999999998,40.0,vigo,recurrente,47.366
a54896da-84b8-4094-b1f5-f7c29061a09b,12,808.03,43.0,barcelona,recurrente,67.33583333333333
a551f831-7d39-440a-b034-367a690b6cec,9,1171.86,46.0,murcia,recurrente,130.20666666666665
a5633971-029c-4abc-9ce2-88d892986655,5,641.38,41.0,zaragoza,nuevo,128.276
a56f3b82-87f8-4787-8077-42ccfb1a6b6a,10,898.12,50.0,zaragoza,corporativo,89.812
a5781076-f6c2-4331-82c9-214706864551,7,784.86,23.0,zaragoza,recurrente,112.12285714285714
a58d03fa-4ed0-4424-ae67-427775f652b3,11,1138.56,40.0,sevilla,recurrente,103.50545454545454
a59bd400-12c2-49e1-96d3-b58701813180,4,272.96000000000004,38.0,valencia,nuevo,68.24000000000001
a5b60600-8698-4fb7-9de1-47caa0d3b503,10,819.51,49.0,barcelona,recurrente,81.951
a5bdc248-ad3c-4fae-a6ed-64c743941304,6,751.79,41.0,malaga,nuevo,125.29833333333333
a5be1c30-cc10-41cd-979f-1e2f043e0a81,9,721.56,30.0,murcia,vip,80.17333333333333
a5c7a151-e1aa-4c24-9b25-1f499a3eeef7,12,1189.15,32.0,bilbao,nuevo,99.09583333333335
a5d11a37-f5fe-4f7f-bd29-25088a5fc7a8,11,766.26,40.0,murcia,corporativo,69.66
a5d2d2e3-2c80-46c4-943d-65141bf50f2b,8,1019.6600000000001,74.0,malaga,nuevo,127.45750000000001
a5d81637-13a1-4a6d-87c6-8f3787c6bd70,8,570.84,64.0,bilbao,nuevo,71.355
a5e253ba-39c4-4508-935a-26a17d77be01,8,790.12,33.0,bilbao,recurrente,98.765
a5e91f3f-70c5-43d0-b901-ba18ed6f0e8a,6,247.29999999999998,51.0,granada,nuevo,41.21666666666666
a5f72aa6-d0bf-4df6-8026-211d480c94f6,3,213.17,58.0,barcelona,nuevo,71.05666666666666
a5f9e053-0723-4a4c-a685-0419bb16c889,4,235.37,45.0,vigo,corporativo,58.8425
a613045a-aa14-4c46-9abd-b511492b0862,9,645.71,26.0,valencia,nuevo,71.74555555555555
a61462e0-49a7-479a-9a8e-d3e1a5f92793,7,573.6,41.0,valencia,nuevo,81.94285714285715
a635d738-cb6d-4705-acf3-6c3b17a8eb8c,7,599.58,33.0,sevilla,recurrente,85.65428571428572
a635f669-da84-41bf-bc1f-b206cf7a4eac,6,791.39,27.0,barcelona,nuevo,131.89833333333334
a638c346-bfd6-433e-bc16-274872fd5bf9,7,672.8000000000001,47.0,malaga,nuevo,96.11428571428573
a63eee42-961b-46c9-9fbb-1d8c7cc05ae4,4,192.51999999999998,60.0,granada,recurrente,48.129999999999995
a6436d63-d3e8-42ec-83c6-69f99d484a8f,9,1011.3000000000001,18.0,bilbao,recurrente,112.36666666666667
a6483dc3-10db-4ca1-9568-812328ab6b7c,9,1040.93,43.0,zaragoza,recurrente,115.6588888888889
a6642e76-312e-4afa-ab9d-6d92df44f556,3,369.16999999999996,23.0,granada,corporativo,123.05666666666666
a66bd6b0-0dab-4b69-a28f-eb4a898417e3,3,608.56,40.0,zaragoza,recurrente,202.85333333333332
a66d4d36-685a-4b5c-8c65-92518e1ca3fe,6,391.28999999999996,49.0,malaga,recurrente,65.21499999999999
a66e762e-e4ca-45af-84e5-3e94867aedf2,4,689.38,53.0,vigo,vip,172.345
a66f304f-c8d4-4287-9acb-e8ec1fc9a48d,8,372.11,21.0,zaragoza,recurrente,46.51375
a6768c7e-706c-4be9-a933-6b9d2021db71,7,870.78,51.0,malaga,nuevo,124.39714285714285
a67ddf16-8f98-4c33-afda-1843ea441bc0,4,97.58000000000001,18.0,zaragoza,recurrente,24.395000000000003
a68409b6-c495-4c46-8051-0b2054109a88,10,940.5,32.0,madrid,vip,94.05
a6901c0d-85d5-4960-a86f-d69cfd8fb288,4,302.21000000000004,48.0,malaga,recurrente,75.55250000000001
a691f4b6-91d2-453b-aed1-912fbf68587b,3,171.43,31.0,bilbao,vip,57.14333333333334
a6a26989-41ce-4c1c-98de-25cded3b7fe6,6,462.47,30.0,vigo,nuevo,77.07833333333333
a6b13963-4a42-4453-89ce-ec3964414a20,11,1486.8799999999999,49.0,malaga,nuevo,135.17090909090908
a6b42c29-0206-4956-898e-dcd8d1b4a405,5,471.59000000000003,40.0,barcelona,nuevo,94.31800000000001
a6b5ec78-3db5-45e5-b1e2-93017d1d1700,10,1156.25,46.0,granada,recurrente,115.625
a6b7a91a-7a7d-4506-9e7e-461a521a5ee1,7,707.4699999999999,31.0,vigo,recurrente,101.06714285714284
a6bfd307-524e-4cc3-9f23-554c30a02b5e,7,672.51,34.0,valencia,vip,96.07285714285715
a6c39ebe-1b40-4571-ae22-8929b88e7030,12,1226.38,42.0,valencia,vip,102.19833333333334
a6c58e1e-ede4-411f-a790-2db64033bc22,6,790.6,50.0,valencia,nuevo,131.76666666666668
a6c6be14-a566-4b2d-8042-b042bfebe943,9,1067.42,50.0,vigo,recurrente,118.60222222222222
a6d5842e-8c33-49d4-bbb5-02e620bae2ff,8,412.44,18.0,zaragoza,nuevo,51.555
a6d6cd87-89d2-4003-a39b-d16372e497c1,3,181.82999999999998,31.0,malaga,vip,60.60999999999999
a6db2fe7-6f41-4bf8-8c91-37cc70b51f8c,8,1093.15,33.0,granada,recurrente,136.64375
a6deb0cd-77bc-4f1f-9c52-78aacbdb3aa5,5,749.66,59.0,murcia,nuevo,149.932
a6decc6e-19ea-4b1a-925e-5fddd8afeb75,7,894.76,39.0,madrid,recurrente,127.82285714285715
a6e6ffc3-1478-4779-8e78-81c0b751e997,7,1577.07,40.0,madrid,recurrente,225.29571428571427
a6f7a19a-69f7-460f-98d7-af73939c355a,6,580.74,78.0,murcia,recurrente,96.79
a70e7e0c-1529-478e-baa0-f7ba0d708a04,11,1972.1299999999999,55.0,madrid,vip,179.28454545454545
a710a8e8-19e4-49b6-b327-78687aabaadf,6,481.84,49.0,valencia,corporativo,80.30666666666666
a71c9076-f55d-4564-9b69-5ad38d020da6,8,644.09,45.0,murcia,recurrente,80.51125
a721f825-0a74-4145-b42b-e4c5b4dce14e,6,358.05,31.0,zaragoza,vip,59.675000000000004
a7274e67-baeb-4990-9fcf-57420977372c,2,555.6309000000002,55.0,granada,recurrente,277.8154500000001
a729d8e8-027e-400d-be51-41761f1a2bdf,6,407.35,38.0,granada,recurrente,67.89166666666667
a73392b1-ef02-41ec-8af3-5c1b40a3c417,5,838.4609000000002,22.0,malaga,vip,167.69218000000004
a736a553-3c9a-41d4-96d7-e7fca02c2b76,10,1365.56,24.0,barcelona,corporativo,136.55599999999998
a73d6976-61f2-4c4e-a3ac-77a983787b02,7,489.90999999999997,23.0,vigo,recurrente,69.98714285714286
a7410261-4860-41e0-9c9a-5c730d4c92b9,6,480.17,43.0,granada,nuevo,80.02833333333334
a741448c-54b1-4ab4-aeb5-66592f7e86f6,3,527.01,29.0,madrid,recurrente,175.67
a744d70e-6c35-4dbf-99e6-cdda2253827c,4,245.58,57.0,sevilla,recurrente,61.395
a7453d83-f237-4635-9de1-206292ab79f8,3,420.19,54.0,madrid,nuevo,140.06333333333333
a74fde2d-8bc3-441e-b3cc-28b94996973f,13,1226.3899999999999,27.0,bilbao,corporativo,94.3376923076923
a755716f-23de-4548-82c7-ff88d77c4c96,12,1755.26,33.0,madrid,nuevo,146.27166666666668
a755adda-a4c2-4eae-b393-2bd706417062,6,371.27,35.0,granada,nuevo,61.87833333333333
a7644ccf-4c4b-4033-9b36-73074187c226,2,238.85999999999999,55.0,murcia,nuevo,119.42999999999999
a766635f-6d2e-4542-a9aa-67fdf4e1bdfb,5,627.5,39.0,madrid,recurrente,125.5
a7686203-d23c-4cf1-9728-1792849fe6b4,9,1094.85,43.0,valencia,recurrente,121.64999999999999
a76ada04-911e-4dbc-82be-1eabf6a074a6,8,666.8199999999999,44.0,valencia,recurrente,83.35249999999999
a77093cc-cceb-41b4-aaf3-d40aee1f8172,4,340.45000000000005,28.0,valencia,nuevo,85.11250000000001
a7743e62-7279-4adc-aa55-b05387f98b84,5,163.76,44.0,barcelona,nuevo,32.751999999999995
a77c9e33-4f4e-47e8-80de-ec54ee163c11,9,558.13,50.0,barcelona,recurrente,62.01444444444444
a7864a6a-6a29-40ab-83d8-3a7665ea7282,7,1288.96,40.0,murcia,nuevo,184.13714285714286
a7864fd5-e100-4970-9ff7-ed0d54393484,6,441.87,56.0,valencia,recurrente,73.645
a7909574-9622-4450-aa86-fad18812189a,8,785.8399999999999,18.0,granada,vip,98.22999999999999
a795ee70-81f2-44df-b9f7-7d239db02c4b,5,124.74000000000001,23.0,bilbao,recurrente,24.948
a7b3ae3c-8e0c-49c9-8bc6-06a2447d3548,7,602.75,51.0,murcia,recurrente,86.10714285714286
a7b76ac4-dfc2-47ea-a320-eaaa150bfdbc,6,799.27,43.0,sevilla,nuevo,133.21166666666667
a7cf549b-0c93-42f9-a2cd-000fa4a0eb70,2,56.74,34.0,valencia,nuevo,28.37
a7d31fb5-ad34-4300-b7bb-3aa242118b5e,9,1153.52,38.0,valencia,nuevo,128.1688888888889
a7d9a7a9-7552-4545-b5a7-70c7a94bb22d,10,1232.37,58.0,madrid,nuevo,123.237
a7dec817-14bf-42a8-b4b6-85a18af88e19,3,196.04,35.0,granada,recurrente,65.34666666666666
a7e4afb3-1dca-4b3c-bc3e-22f979428408,10,844.49,74.0,bilbao,nuevo,84.449
a7e9cbbd-14b8-4f51-b24e-1c04f3046274,9,955.39,28.0,madrid,recurrente,106.15444444444444
a7ed0f32-ddcf-479e-9391-bf6c80b984d5,11,1288.39,40.0,madrid,recurrente,117.12636363636365
a7edfe6d-2190-459c-a9e7-421b63e6b4b1,8,738.19,46.0,zaragoza,recurrente,92.27375
a8084a99-c896-4dd8-b764-e4a4c5e09562,7,832.1800000000001,25.0,granada,nuevo,118.88285714285715
a80cef5f-782a-4cde-9f0b-0c09e1d7d2b6,5,899.5309000000002,53.0,murcia,vip,179.90618000000003
a80e36d7-6052-4a58-9c4d-0bdfd7a178f0,7,631.3,28.0,malaga,recurrente,90.18571428571428
a813944a-7529-46b3-ae25-8ccb647fc365,9,906.4409000000002,40.0,valencia,nuevo,100.71565555555557
a8221072-846b-4909-9e3f-bc97e48643b1,9,1368.8609000000001,52.0,malaga,corporativo,152.09565555555557
a8232850-e3e3-41d4-82ba-e0a528cc4045,3,328.09999999999997,40.0,barcelona,recurrente,109.36666666666666
a8292658-0c5e-4433-b57b-2bb59cc8ff36,4,332.67,51.0,vigo,nuevo,83.1675
a82a7f5f-0922-4692-901b-369d59e4e515,4,183.38,50.0,valencia,corporativo,45.845
a82e3e0e-3c10-4b74-a2bd-505770f1c542,8,577.47,36.0,barcelona,nuevo,72.18375
a82fa6b9-b132-4a84-bee5-b571fac4ff65,6,344.46000000000004,40.0,sevilla,recurrente,57.410000000000004
a8338e28-bdf7-4221-a1a6-9694d12fd1cc,8,937.1899999999999,46.0,valencia,vip,117.14874999999999
a83e69e2-2be6-406c-92d9-6cf647f73a3b,2,160.54000000000002,47.0,vigo,recurrente,80.27000000000001
a861017f-bd00-40fa-a3b3-64a1745920d8,4,1192.56,40.0,sevilla,vip,298.14
a8620319-0791-4fa7-8c32-4b17bda606a4,3,225.49,32.0,malaga,recurrente,75.16333333333334
a86351a2-5a48-4f43-82d5-6dc68b0942fe,6,1078.81,63.0,valencia,corporativo,179.80166666666665
a8759c46-0613-4625-93e3-977251fc7324,8,1607.5309000000002,26.0,murcia,recurrente,200.94136250000003
a88f927e-360e-4dca-adf2-decb11cb1d66,9,711.11,40.0,barcelona,recurrente,79.01222222222222
a89095ed-5ee7-4550-8a3e-c0ef244bfbb0,4,254.82,47.0,granada,nuevo,63.705
a8a23a76-0f02-4a22-8ff0-bf939143d107,9,598.65,21.0,bilbao,nuevo,66.51666666666667
a8a9bf6b-537b-4846-9dc7-832b063f9e01,5,587.81,45.0,malaga,nuevo,117.56199999999998
a8abfd20-b1d4-4151-8b0c-2017b49bf765,4,453.51,33.0,barcelona,vip,113.3775
a8b2dc42-b0d7-4981-a7d4-e928814e2305,9,839.02,45.0,sevilla,nuevo,93.22444444444444
a8ba2b69-1213-47bc-8a99-ca280e5f5a33,12,769.49,31.0,vigo,nuevo,64.12416666666667
a8bd376a-3e0e-4704-afb3-63431957f4e4,12,1093.62,40.0,zaragoza,nuevo,91.13499999999999
a8c9cd95-03ee-488f-a489-38d278c809d6,6,391.95,34.0,murcia,corporativo,65.325
a8e2301d-464f-4222-8fec-f3499e9462e8,8,646.22,30.0,madrid,corporativo,80.7775
a8e436c6-187d-4de3-9b26-75d904bc863f,2,188.01000000000002,40.0,vigo,nuevo,94.00500000000001
a8e7bc05-f062-4e73-8d5a-cf3c8c3a8b13,2,433.06,37.0,barcelona,recurrente,216.53
a8f364ff-ba72-41a7-90e1-2062cb71faf7,12,1197.6299999999999,40.0,valencia,nuevo,99.8025
a8fa6622-cb6e-48bf-9ead-fcbb985a5ce5,4,345.74,54.0,bilbao,nuevo,86.435
a900f01a-26c0-4db7-af86-d077684d6497,5,1062.08,49.0,barcelona,recurrente,212.416
a903faef-efa3-4627-ac36-f412e3765646,10,1301.08,18.0,madrid,recurrente,130.108
a909b120-ed63-46fd-9a3d-5a261ef5dad2,4,580.24,45.0,madrid,recurrente,145.06
a90d9bd7-9a81-4dcc-bedd-4a4393df8c35,9,1013.8499999999999,43.0,barcelona,nuevo,112.64999999999999
a90f817d-cb15-4a31-a48d-24daa13f802e,10,672.35,37.0,bilbao,nuevo,67.235
a918b5f7-17e3-4676-be94-e119bec9f801,8,648.73,50.0,sevilla,recurrente,81.09125
a9198ed9-2814-4d58-9267-4b9df5a901e6,9,1645.9809,50.0,madrid,nuevo,182.88676666666666
a9211015-7b88-4045-be59-9ecb5d644b5e,5,434.36,25.0,sevilla,nuevo,86.872
a9231cdd-176e-4f92-a405-c1c2e1e8b996,6,698.98,63.0,vigo,recurrente,116.49666666666667
a92d84c9-39c5-4163-9365-970ceb8d302d,5,770.75,32.0,zaragoza,nuevo,154.15
a93ea076-d94e-4c03-81b6-ae5d73a5afde,10,1162.52,64.0,granada,nuevo,116.252
a93efcb0-14ab-4592-8649-da57aef94c0f,15,1567.55,18.0,bilbao,recurrente,104.50333333333333
a9497acd-54f0-4835-968a-00072e0f7c56,5,578.6,38.0,sevilla,vip,115.72
a956b740-05e5-47e8-8fbb-5ef18cad7c5e,10,1048.3,46.0,granada,nuevo,104.83
a95ef398-7be6-4e6a-abb2-d0a6b335a160,8,353.37,33.0,barcelona,vip,44.17125
a96c7b6a-0dbc-4612-bf6f-0e2a802e1d1e,3,398.34,51.0,valencia,recurrente,132.78
a981907c-c6ed-460b-af4c-8fde60cd9910,5,399.91999999999996,21.0,barcelona,nuevo,79.984
a98312e1-16c2-489f-ae36-9e5413a571eb,9,773.17,41.0,granada,recurrente,85.90777777777777
a9960e4d-e0fa-4b92-83ab-63cac5875389,3,183.4,39.0,vigo,vip,61.13333333333333
a99bd301-afeb-4440-ad79-1702a324c120,12,1274.53,40.0,murcia,vip,106.21083333333333
a9a04756-a94b-4b28-9dd7-2635ebc6c9e9,6,417.65000000000003,71.0,zaragoza,corporativo,69.60833333333333
a9b40778-ce73-4db5-97e5-54507d956d8d,6,436.54,33.0,zaragoza,nuevo,72.75666666666667
a9c1c5ce-ac45-4f89-8a4e-93f695671168,6,547.37,49.0,bilbao,recurrente,91.22833333333334
a9ca2134-9533-4100-9ee3-da87a8498b1e,15,1283.18,56.0,sevilla,recurrente,85.54533333333333
a9d08faa-8e0b-4502-a26c-493e702d5f8b,6,711.31,26.0,malaga,nuevo,118.55166666666666
a9e5a309-ffa8-40a3-90ea-9ab49648d599,7,889.9309000000002,47.0,zaragoza,recurrente,127.13298571428574
a9ef4ab2-a65b-4ebc-b1c1-8f19c1355265,7,899.65,28.0,bilbao,corporativo,128.52142857142857
a9f5c11f-2531-4869-930c-8093c9798620,5,268.0,57.0,sevilla,nuevo,53.6
aa111bad-9cb9-4ed4-ba9a-6bab67011d9e,4,631.9100000000001,37.0,barcelona,vip,157.97750000000002
aa15f212-0e14-418c-b4c1-3d2ca50cabb4,8,1036.1100000000001,29.0,zaragoza,corporativo,129.51375000000002
aa2da6a4-c103-41f8-a894-fc7e9a75d9c9,2,552.9509000000002,54.0,granada,recurrente,276.4754500000001
aa3832b8-ef9d-4d59-bb66-bb96fa9d6180,5,955.47,38.0,murcia,nuevo,191.094
aa467b46-34c0-4fa4-bcf1-51cfa28f1ae6,4,259.21,40.0,malaga,nuevo,64.8025
aa4c1156-ff8a-4f2a-9164-53f37c351ab2,11,1159.84,26.0,barcelona,recurrente,105.44
aa4ea2ca-8f1b-400d-b4a0-a9e3e31acf15,3,159.16,40.0,valencia,recurrente,53.053333333333335
aa56dd04-cafa-445a-8a85-c69bccbcb225,8,643.02,43.0,granada,recurrente,80.3775
aa5f72b1-b6a4-4cb8-a9a6-695ec01ce2c8,7,533.22,18.0,granada,nuevo,76.17428571428572
aa621243-b4f8-4798-a032-c6161caacacf,8,551.3000000000001,50.0,granada,corporativo,68.91250000000001
aa6726f7-c5e3-48f6-ad6f-7565129d380b,8,893.84,50.0,barcelona,recurrente,111.73
aa6ae61d-83a0-4104-85cb-10d35fdcfae4,6,643.31,36.0,madrid,recurrente,107.21833333333332
aa70390f-a69f-438a-962c-df0a57e159dd,4,681.95,54.0,barcelona,nuevo,170.4875
aa743eb6-ef07-4d04-9bf6-342d5d867da0,3,532.93,27.0,barcelona,corporativo,177.64333333333332
aa78446d-cadb-442f-8507-018793c4ec93,8,1172.24,46.0,sevilla,vip,146.53
aa8bc77a-e911-4079-b8a5-adbb4c5fa456,7,645.86,40.0,vigo,corporativo,92.26571428571428
aaa10c4c-e03e-4780-a34c-53d68eb51249,1,98.66,68.0,bilbao,nuevo,98.66
aaa391d1-d0b5-4308-8eda-36f1d7a73185,8,683.19,39.0,barcelona,nuevo,85.39875
aaa54f66-f34f-4550-888c-1ff13547738b,7,716.22,41.0,bilbao,nuevo,102.31714285714285
aab1886b-454e-4b87-a62f-0a0daac1a260,3,225.58999999999997,47.0,valencia,vip,75.19666666666666
aab52877-2d79-4c80-8e71-7a738418f779,5,1094.7409000000002,18.0,vigo,nuevo,218.94818000000004
aab57a11-415d-4469-b24a-65765f23bea4,7,544.03,40.0,bilbao,vip,77.71857142857142
aabafc70-baf4-40f0-9d8a-813008316ae7,8,1047.8500000000001,46.0,granada,corporativo,130.98125000000002
aada6ab7-9ea8-4c2b-9732-a01111af55b0,4,715.54,35.0,vigo,recurrente,178.885
aada8957-e619-4bca-a4f9-501f05e11b35,10,1019.2,20.0,sevilla,recurrente,101.92
aade5f13-6693-456a-b067-26d67f0b4531,6,998.3609000000001,51.0,bilbao,recurrente,166.39348333333336
aae93122-e3a2-498c-baf6-a58a8bbb0c69,6,863.8809000000002,61.0,valencia,vip,143.98015000000004
aaec8cef-0964-48ce-989f-06b9a5d88940,6,437.17,25.0,granada,nuevo,72.86166666666666
aaf88609-7278-4d75-9859-600672ad0c8c,3,440.39,24.0,zaragoza,nuevo,146.79666666666665
ab0848be-d2c9-491e-bdcc-a26b03ddcb80,7,723.96,36.0,sevilla,recurrente,103.42285714285715
ab0c0e5c-2e7d-4160-b095-b8908afb5ead,4,334.33,29.0,vigo,recurrente,83.5825
ab196a59-194e-41e9-87cb-89613d731285,8,1705.42,21.0,malaga,nuevo,213.1775
ab1edc2a-57a7-4a2f-b8ab-556b498a158e,4,434.95,30.0,bilbao,nuevo,108.7375
ab2e8722-7e72-445d-ac7c-a52147e753ac,8,813.81,41.0,barcelona,recurrente,101.72625
ab351d5f-8f55-4aea-bf61-6dc6e80b9fb1,9,1169.21,38.0,malaga,recurrente,129.91222222222223
ab3700dd-69d9-4641-a2ca-0f9e28c811dc,3,187.51,45.0,barcelona,corporativo,62.50333333333333
ab427da2-296e-4415-b7c2-b97dd3298c86,8,561.1899999999999,26.0,valencia,recurrente,70.14874999999999
ab451ebc-90fb-4f69-ac0f-6b7db2396861,7,951.99,46.0,murcia,corporativo,135.99857142857144
ab476411-15b5-4edd-acc3-b564bc89b80b,3,156.54,55.0,sevilla,nuevo,52.18
ab49a49d-83ab-4738-b647-b4baa83db42b,3,241.06,35.0,vigo,nuevo,80.35333333333334
ab4f6151-3374-4557-b891-916cf154b7af,8,457.46,37.0,malaga,recurrente,57.1825
ab4f61f8-5b4e-4357-b228-45e3ace9cbe6,7,697.17,40.0,madrid,nuevo,99.59571428571428
ab5d778c-8c37-47c4-b62f-00fc518f6053,3,161.43,40.0,malaga,recurrente,53.81
ab6113c4-53e0-4683-ae62-5ed972f2919b,3,288.03,37.0,zaragoza,recurrente,96.00999999999999
ab638587-31ec-49ec-9317-13ded700d8d2,4,324.53,18.0,zaragoza,nuevo,81.1325
ab7bc66f-4b5a-4444-b8a5-9eccd806e4be,7,533.2,47.0,murcia,nuevo,76.17142857142858
ab81855a-a7fd-4f56-8eda-3e4efa006649,4,307.96999999999997,40.0,murcia,recurrente,76.99249999999999
ab935a47-a963-4017-b611-05ae62505732,6,605.49,26.0,murcia,vip,100.915
ab999d96-da21-417c-aa67-90757a56ca76,11,1569.36,29.0,barcelona,nuevo,142.6690909090909
ab9a7568-a5c9-41da-a9a1-d6e86dd648cb,9,1246.52,18.0,madrid,corporativo,138.50222222222223
ab9d11f9-f04e-4847-99c5-17019cddd1a3,10,1368.3,37.0,madrid,recurrente,136.82999999999998
ab9f4118-2069-468f-8e6c-f18f41e840fd,4,316.99,40.0,murcia,recurrente,79.2475
aba29d57-6450-4d66-918b-6b182b9c1380,5,417.65,57.0,malaga,nuevo,83.53
aba57b58-1b4d-4811-88e1-daa098e1301b,11,1403.6809000000003,28.0,zaragoza,corporativo,127.60735454545457
abaa9344-263e-4c76-8cca-6a5a7065957c,2,249.56,36.0,murcia,nuevo,124.78
abaec8fa-acdd-43a5-88ff-bf87991ee549,6,661.19,46.0,bilbao,recurrente,110.19833333333334
abaf2169-9595-4968-8719-a1e6e7c90b79,9,1301.86,23.0,madrid,nuevo,144.6511111111111
abb9b321-213a-43c3-ad0e-32f0b008d296,6,321.87,36.0,sevilla,nuevo,53.645
abbdb61a-5f22-4760-9325-d4835fa6faed,4,910.4609000000002,40.0,zaragoza,recurrente,227.61522500000004
abbf0b6b-5a41-4596-bb08-2538606fb0e1,5,646.81,18.0,malaga,vip,129.362
abc56624-037b-4928-b3ff-37ff678c1dc4,7,725.5899999999999,54.0,madrid,vip,103.65571428571427
abca972f-d548-42c6-8190-4358c113fe4d,7,643.62,46.0,zaragoza,nuevo,91.94571428571429
abcc12e9-4a8f-4737-8e94-a3027ebb5f0a,3,515.8,38.0,murcia,recurrente,171.9333333333333
abce20b0-ab08-4053-8342-e8a509a4c76e,6,742.51,40.0,sevilla,recurrente,123.75166666666667
abe98d82-0712-42e2-8685-1b4cf1996e76,3,410.32,35.0,granada,vip,136.77333333333334
abfa2923-2c42-401d-828a-6975252dfe6a,7,909.37,60.0,sevilla,recurrente,129.91
abfc9673-ea9f-4935-8926-a766fd267991,4,335.84999999999997,46.0,granada,recurrente,83.96249999999999
abfd9fa5-b160-4574-90f9-6e5b5a8d39b8,9,648.84,29.0,granada,recurrente,72.09333333333333
ac00e66f-bad6-436e-ab5b-741bbd7c5755,4,419.65999999999997,41.0,sevilla,nuevo,104.91499999999999
ac054b04-8ca7-4442-839e-83e709bd1ab5,9,1198.27,18.0,madrid,nuevo,133.14111111111112
ac069480-9ac9-4d61-80a2-3c63a65913cc,3,323.06,22.0,barcelona,nuevo,107.68666666666667
ac09f775-f0e2-4622-b39f-a6870eecda6f,4,561.57,39.0,malaga,recurrente,140.3925
ac113dc0-95f8-4684-922b-f544c58e969e,13,1260.58,45.0,granada,recurrente,96.9676923076923
ac17429e-f657-4f8d-be51-83545d54fd51,10,1186.89,32.0,valencia,nuevo,118.68900000000001
ac186e00-a585-443e-b630-7dfb6a3c6970,4,263.05,45.0,murcia,nuevo,65.7625
ac1aacbb-32c2-417b-bc09-057acd6fcdc9,4,394.51,43.0,zaragoza,recurrente,98.6275
ac2051a0-c595-4aa2-9964-ff7a9d387cc1,6,646.81,44.0,murcia,nuevo,107.80166666666666
ac248373-153f-4d34-9089-5274148479f5,7,860.33,40.0,murcia,recurrente,122.90428571428572
ac2b3a20-4db0-48b9-9895-514829b5704f,4,976.0609000000002,59.0,madrid,nuevo,244.01522500000004
ac2c39c5-5c48-457e-93ab-8767c49bd94f,9,600.01,25.0,valencia,nuevo,66.66777777777777
ac2c9468-c62c-44cb-ba21-22e8276acc9f,5,693.6600000000001,29.0,murcia,nuevo,138.73200000000003
ac2d6b43-a209-44ce-9d1f-a51a5ca0be03,3,245.19,26.0,vigo,recurrente,81.73
ac2e50ef-e4e8-440a-8cff-7de83e4d8d98,7,765.3299999999999,18.0,valencia,recurrente,109.33285714285714
ac426d12-683d-4c86-a3fe-a2a044b17fa8,7,888.3299999999999,27.0,granada,nuevo,126.9042857142857
ac4637fc-5964-4304-b83b-654f70bd94c1,8,600.76,23.0,vigo,recurrente,75.095
ac5a0705-a70a-45b1-9ea6-530e511cc618,4,415.1,29.0,granada,nuevo,103.775
ac5ab989-4b81-4b83-8b09-5842b10bacc4,10,1253.8109000000002,52.0,malaga,nuevo,125.38109000000001
ac628e76-377d-46ba-850a-2b6e1b4c3c61,2,325.67999999999995,39.0,zaragoza,nuevo,162.83999999999997
ac6798ab-0fca-473b-b10e-1c9cb8ce8a57,9,790.6899999999999,42.0,murcia,nuevo,87.85444444444444
ac783fcf-0615-4c2f-b0f2-a53252ed9dfa,7,408.63,32.0,bilbao,corporativo,58.37571428571429
ac84c184-44d1-4939-bb95-d99a03adc9eb,8,767.12,43.0,sevilla,corporativo,95.89
ac8a28a0-883d-48e5-af9f-aa9e05275387,4,366.03,43.0,murcia,recurrente,91.5075
ac8d51da-231c-4c05-ac1d-f05122ebd758,5,508.39000000000004,35.0,vigo,nuevo,101.67800000000001
ac8d5486-09d6-4990-8048-6d34bee9e4fa,11,773.57,44.0,valencia,nuevo,70.32454545454546
ac97a1bd-d4f1-49fe-9b83-eda9867d65c5,8,1014.5699999999999,36.0,zaragoza,vip,126.82124999999999
ac9f337d-c223-4529-a98c-c8b307e91c71,3,160.88,30.0,zaragoza,nuevo,53.626666666666665
aca3be35-5dd7-48a4-ac64-ce9c722cc302,5,548.0699999999999,21.0,bilbao,recurrente,109.61399999999999
aca726a8-5824-42ce-ba2b-43d834abeaf2,4,350.88,46.0,bilbao,recurrente,87.72
acac4a80-9527-4499-89ed-0526f1f03903,5,486.18,33.0,granada,nuevo,97.236
acb2dd0d-42fb-426c-b065-68749ea0b6cb,12,954.09,49.0,zaragoza,vip,79.50750000000001
acb5a8c8-aa76-4575-bf6f-06c5aad48fea,3,173.6,23.0,sevilla,recurrente,57.86666666666667
acb8d92c-ac62-4fd7-a9e1-95adf370a3dd,5,445.37,42.0,granada,recurrente,89.074
acc65430-3616-44b6-8214-81ceb3ba39c4,8,587.07,63.0,zaragoza,vip,73.38375
acc85b6b-a0e7-4f18-ba58-3d26f222a699,5,797.4300000000001,25.0,barcelona,recurrente,159.48600000000002
acdc5508-a3e7-4d5f-94ce-33c7d43c4cae,7,864.75,40.0,vigo,recurrente,123.53571428571429
acdf2b73-456d-4283-86f9-829edf75627b,5,328.86,30.0,zaragoza,recurrente,65.772
ad07c220-26e6-4fba-a8eb-03d0e14d17b8,8,559.35,53.0,zaragoza,vip,69.91875
ad215ad2-8ba9-4bef-a538-d965971eddb2,5,255.72,39.0,sevilla,recurrente,51.144
ad26ebca-94cf-4d6d-8d69-108cd147fbad,8,930.39,44.0,valencia,nuevo,116.29875
ad2c9539-42d0-47ab-b39b-c4940e3af92f,3,335.90000000000003,40.0,barcelona,nuevo,111.96666666666668
ad3f7784-da2f-4c51-a71c-c548eb328c14,9,715.88,31.0,sevilla,corporativo,79.54222222222222
ad425e4f-4452-43f7-b87a-19bb41ee8975,6,1267.0809000000002,41.0,sevilla,corporativo,211.18015000000003
ad426800-a4d5-4172-b24e-741ee1ff52fb,8,794.36,28.0,murcia,corporativo,99.295
ad486a47-870e-4096-a5e0-b066af17bac7,10,1457.12,52.0,vigo,nuevo,145.712
ad4954e6-29a0-4fa0-a1c0-b9dc2556993f,4,297.01,38.0,zaragoza,nuevo,74.2525
ad57ab53-d658-4ad1-a72a-3e34e14c6e13,7,811.0699999999999,40.0,valencia,nuevo,115.86714285714285
ad5ddd75-1ec5-4894-a76a-ee946627bdd3,4,238.21,45.0,vigo,vip,59.5525
ad60e69c-db40-420c-a523-dac7fa8c89f7,5,972.29,40.0,sevilla,nuevo,194.458
ad6590b6-4dee-4c3e-a114-89591167c4bb,7,786.1999999999999,40.0,barcelona,nuevo,112.3142857142857
ad6f4f3b-939f-4100-a9fb-f4528c7ead2e,6,840.3199999999999,30.0,vigo,recurrente,140.0533333333333
ad755932-f0d1-4343-865a-f29589928062,10,897.21,50.0,bilbao,recurrente,89.721
ad893e73-292a-45fc-9a9f-17e451013ac9,6,635.96,29.0,malaga,recurrente,105.99333333333334
ad9ca4a5-bc7f-46d6-9732-cf5f5277ca09,7,931.27,37.0,murcia,nuevo,133.03857142857143
adadbfc0-45a7-4199-b541-e71436198ed2,7,754.49,43.0,sevilla,nuevo,107.78428571428572
adae51f5-f0d8-4d1c-8f6a-dc6281803f74,4,581.1800000000001,34.0,vigo,nuevo,145.29500000000002
adae60f2-bd7e-4aed-ba4c-c39c334d8f1e,4,537.86,80.0,valencia,corporativo,134.465
adb72c65-1b9c-44bf-8dbe-e51f7ca09750,9,887.81,33.0,granada,recurrente,98.64555555555555
adb86974-e2bb-47da-b0ce-b284d63ac54a,8,1428.76,42.0,barcelona,vip,178.595
add2e9d0-d676-490f-846d-ce704b151532,5,325.18,49.0,sevilla,recurrente,65.036
add6840c-ce0b-4f78-9b4e-c15aee81e209,10,1055.51,50.0,murcia,recurrente,105.551
add79e5f-a373-49f5-869d-941c07b3fca2,4,303.31,34.0,valencia,recurrente,75.8275
add7d078-38a6-42a8-943f-ee4ec1d89138,9,880.3299999999999,18.0,murcia,vip,97.81444444444443
addd1b54-9f38-4aa4-a921-2e1c794e861b,6,430.01,40.0,valencia,recurrente,71.66833333333334
ade8c8f9-8887-4a3e-8321-cc89bc9998db,6,411.96,39.0,granada,recurrente,68.66
adeea048-dd77-40dd-b8c5-06a79a5801dc,9,919.1800000000001,54.0,zaragoza,nuevo,102.13111111111112
adef40bc-5dd3-4a83-b28a-7d29494f8606,6,834.52,55.0,madrid,recurrente,139.08666666666667
adf36cf9-cfb9-4fc4-86fc-b8b07212f820,8,721.76,30.0,zaragoza,recurrente,90.22
adfb0338-8459-4335-bcc2-244d5895a053,11,1523.8899999999999,38.0,valencia,recurrente,138.53545454545454
ae0635d5-7a66-4273-accc-b347d978e1f0,5,651.79,52.0,sevilla,recurrente,130.358
ae09f34d-66f0-42f3-9bcf-d6d835ddf9b5,7,627.16,55.0,bilbao,recurrente,89.5942857142857
ae124dc0-6553-44d7-a591-346a1d7c41ae,3,145.58999999999997,30.0,barcelona,recurrente,48.529999999999994
ae152538-05e8-4bd8-b822-708052663edf,9,785.21,47.0,sevilla,recurrente,87.24555555555555
ae1b3756-25eb-4149-8cfe-39f81cdf5665,4,404.27,26.0,madrid,nuevo,101.0675
ae24202b-bc10-4e90-9f8f-c4409ab91ea1,9,1314.7109,26.0,barcelona,nuevo,146.0789888888889
ae28beef-c0c8-4419-bc07-d158ff6cc4bd,8,743.26,47.0,vigo,recurrente,92.9075
ae5573df-a145-4e81-a20d-b0fca0c0d46f,4,502.88,53.0,granada,recurrente,125.72
ae64b9d6-cb2c-4c5d-a82e-f7b1641e075a,6,482.88,35.0,granada,recurrente,80.48
ae664892-2920-4a70-b7ba-b40340659f90,4,315.26,42.0,murcia,recurrente,78.815
ae6bfd7f-d2cb-440a-ad2e-21e298a97934,10,897.01,29.0,barcelona,vip,89.701
ae6d84b7-9465-4206-957b-4a8baaa0cecd,4,412.75,59.0,granada,recurrente,103.1875
ae7ee95c-3164-4e30-bcb1-41c6a49c4dfe,6,1396.46,31.0,malaga,nuevo,232.74333333333334
ae9be535-8997-4b7f-b151-d7bd47c84db8,8,1023.31,60.0,barcelona,recurrente,127.91375
ae9da2f3-bdb6-4385-b74b-1de34588c161,6,1084.13,30.0,zaragoza,vip,180.68833333333336
ae9fcfd0-aae8-42d3-a59b-3fd8ce9ff87b,3,147.63,28.0,vigo,recurrente,49.21
aea42b12-454b-4b16-8deb-5b38d369110d,5,423.90999999999997,40.0,murcia,recurrente,84.782
aeadb4f4-b974-4664-9906-de6b8611d66e,8,596.1600000000001,50.0,murcia,corporativo,74.52000000000001
aeb3d849-6281-4c3f-ad77-ee84971c6cd0,6,653.87,18.0,malaga,nuevo,108.97833333333334
aeb46c3a-c482-4072-8978-c680023f3f31,9,752.44,54.0,murcia,nuevo,83.60444444444445
aebb389e-43b9-42be-94a2-5634dd01c93a,7,570.1800000000001,45.0,zaragoza,nuevo,81.45428571428572
aec9c73e-0244-4651-8649-95ef368c9ea5,5,497.84,37.0,barcelona,nuevo,99.568
aed4036f-b701-46b1-a591-a363e30fa63d,8,585.13,29.0,bilbao,recurrente,73.14125
aedad742-457a-4f4b-8cb2-69410d39e315,7,532.86,59.0,murcia,vip,76.12285714285714
aee3c18f-c55e-4912-8cc2-9a880090e859,11,740.05,21.0,granada,corporativo,67.27727272727272
aee9956d-f9d8-4f2e-b708-c004ebee80a5,4,425.82,18.0,sevilla,nuevo,106.455
aef796ae-32ce-4305-959e-8601961445b0,8,602.98,26.0,barcelona,recurrente,75.3725
aeff53c8-e634-4105-8a11-baa9209b9ea3,6,355.05,43.0,vigo,nuevo,59.175000000000004
af01be0f-fc4c-4472-8c70-bdb9087b6f58,12,1163.69,27.0,sevilla,vip,96.97416666666668
af044284-8663-4c24-b009-d1a3b4a9cff9,3,709.9809000000002,35.0,granada,nuevo,236.6603000000001
af0c0cfa-39fd-4a7d-a520-f51c6857c1d9,7,1058.16,46.0,madrid,recurrente,151.1657142857143
af18d892-ad15-4c9f-8139-6cd021b755a7,5,386.13,57.0,sevilla,recurrente,77.226
af19cd3b-eb66-46ed-ad63-9d110f996e93,6,448.21,40.0,bilbao,recurrente,74.70166666666667
af221b4d-c17a-4917-8e1b-05b8afe0829b,5,340.95,32.0,malaga,corporativo,68.19
af29a7a7-4746-473f-8785-e2d8862b13c4,7,804.3000000000001,30.0,barcelona,nuevo,114.9
af2c8555-c8b5-4fcb-a211-94c67cf6c031,6,791.69,29.0,malaga,vip,131.94833333333335
af34d39d-6fa7-499c-859d-93a8f2654095,10,1094.92,54.0,granada,corporativo,109.492
af3561a9-e637-46f7-8df6-175e1ede43ca,4,375.66,37.0,murcia,vip,93.915
af399746-bc6f-41c7-b007-b0c6739b5e7f,4,167.71,42.0,vigo,recurrente,41.9275
af3bffa8-2c8f-4378-9d40-3e04a5a6109c,5,615.59,35.0,vigo,recurrente,123.11800000000001
af4b5a7b-9110-4f9f-8201-6f714c3cf5ed,9,1151.3500000000001,62.0,madrid,recurrente,127.92777777777779
af4e4d80-39a5-4a98-af23-98363c167b6f,8,478.16999999999996,51.0,bilbao,recurrente,59.771249999999995
af54bcc4-1517-4e2d-b668-bbf7e9eba281,3,590.56,52.0,bilbao,nuevo,196.85333333333332
af5ab523-b0ac-4e2c-9493-016bf390f663,9,993.2,61.0,vigo,recurrente,110.35555555555555
af631560-ec0b-42f0-9ce9-ae98778011e6,4,347.55,29.0,malaga,vip,86.8875
af73dfad-fd20-46d7-b8a8-f0ddd5deffd0,9,1117.85,50.0,bilbao,nuevo,124.20555555555555
af74be35-19d9-4a76-be7c-3804d3f50710,6,1186.7909000000002,33.0,madrid,vip,197.79848333333337
af7fcd8f-c011-4ead-a3e6-beecc4be4777,6,491.67,56.0,valencia,recurrente,81.94500000000001
af83cb1c-798d-4d74-adb7-6d98d38e95aa,6,534.5899999999999,22.0,valencia,recurrente,89.09833333333331
af84ff35-8863-4850-97dd-a02d33ff0e2d,8,573.67,38.0,granada,nuevo,71.70875
af89a6ee-3d59-48ce-a525-fb1b28d69e60,4,268.11,18.0,sevilla,corporativo,67.0275
af9b2971-f9ec-46bd-8202-62cb34a6a6bf,7,771.49,45.0,malaga,recurrente,110.21285714285715
afa733b8-9b8a-43fb-8677-e19d89f67f85,2,107.08,41.0,murcia,vip,53.54
afc07aca-4830-4489-8b20-10de132e5060,9,838.6800000000001,52.0,barcelona,recurrente,93.18666666666667
afc17369-f3aa-4782-bc61-7c327ad29699,7,659.62,40.0,zaragoza,nuevo,94.23142857142857
afd1fd41-d5e8-48bc-b4cf-988611fc1006,5,509.44,30.0,sevilla,nuevo,101.888
afdd56a2-824b-4b00-ba24-7367af2b0a03,5,680.54,35.0,malaga,recurrente,136.108
afec08fe-f961-4537-a95e-67f27029e36c,7,812.87,18.0,zaragoza,corporativo,116.12428571428572
aff58ba0-b2f1-43f1-9ef5-e699c83d754f,9,958.71,64.0,murcia,nuevo,106.52333333333334
aff6ca7d-5b0b-4e09-8ef0-c1484ed8a111,3,545.52,35.0,valencia,nuevo,181.84
aff788d4-12d3-46b2-bec8-33eea0d029a3,8,859.62,50.0,malaga,recurrente,107.4525
aff87772-a7fe-464b-852f-5a066b17fbe3,6,629.72,47.0,zaragoza,recurrente,104.95333333333333
b004ad19-d191-4b3c-bc4e-beed2225cb43,8,845.62,56.0,granada,nuevo,105.7025
b00a680a-023e-4a59-bf59-eb8515df9dec,5,416.04,24.0,granada,nuevo,83.208
b00decdb-074a-40ce-8ca2-034a5dda8eb7,7,386.92,31.0,murcia,recurrente,55.27428571428572
b01ca7fc-dc25-421e-9f56-da9d08f153ff,7,732.71,45.0,barcelona,nuevo,104.67285714285715
b01d50eb-73e4-44a9-ac57-49d3e4fe97e9,7,782.8199999999999,43.0,vigo,vip,111.83142857142856
b027b094-d3b4-4c37-a373-53f7279cf4dd,4,706.03,63.0,murcia,recurrente,176.5075
b02dca02-c71b-4be9-b699-0b0b0c1dc4d2,8,1312.45,33.0,valencia,recurrente,164.05625
b036ba5c-42c8-42a1-a0fe-ca0c5874b618,6,545.26,39.0,murcia,corporativo,90.87666666666667
b03eb255-a44f-4815-b0a8-2ec0a295ff51,2,110.89,42.0,valencia,recurrente,55.445
b0528c40-6909-42d0-9757-0e5ce8ca794f,9,1469.35,51.0,malaga,recurrente,163.2611111111111
b075445d-ceaa-47ab-96b7-de7edec182c5,7,912.5,24.0,sevilla,recurrente,130.35714285714286
b08d9712-cebb-49de-8e20-e89fea061eb9,6,515.72,26.0,bilbao,recurrente,85.95333333333333
b09818b3-72a4-4ca2-8194-bf323dd553a6,8,774.06,51.0,valencia,vip,96.7575
b0a3b5ff-cf80-4e80-b284-11e91f3aa07b,5,725.9309000000002,32.0,sevilla,corporativo,145.18618000000004
b0a50e2a-7a5f-4495-8942-bdfbd253e780,9,1106.72,45.0,madrid,nuevo,122.9688888888889
b0a83561-9ff1-4842-bf45-e2902a3c622b,5,474.95,36.0,barcelona,recurrente,94.99
b0a9e605-e04c-49b7-9f91-e19a4e8a77dc,10,1141.82,43.0,valencia,recurrente,114.18199999999999
b0a9f8a3-77e1-477b-b742-f560f43cf758,3,264.17,33.0,bilbao,vip,88.05666666666667
b0aad3f2-2ee4-421d-9447-cbee821c7454,8,1377.9618000000003,25.0,granada,nuevo,172.24522500000003
b0b00a16-64a7-4375-930a-59187e4f672b,7,765.88,18.0,bilbao,recurrente,109.41142857142857
b0b8a6f4-6534-4500-a7cd-3b3e758f6c64,4,546.09,54.0,sevilla,nuevo,136.5225
b0bf042d-a779-4ec8-8adb-2261786ba2ab,10,1237.2609000000002,46.0,zaragoza,nuevo,123.72609000000003
b0c257d4-08df-4e3e-b2ba-be755ca47d34,6,1108.17,27.0,malaga,recurrente,184.69500000000002
b0e9fcb4-14c6-477f-9d7c-4928dd242827,8,444.21000000000004,61.0,barcelona,corporativo,55.526250000000005
b0ed8bba-80c7-4c9b-b9ca-1795786c9776,5,327.47999999999996,37.0,sevilla,recurrente,65.496
b0f4c53c-85ad-4c3e-b17f-0a0ca690c2be,5,490.09000000000003,41.0,granada,recurrente,98.018
b104f151-1855-4266-bbdb-2e784cb4c94a,4,317.66,36.0,barcelona,nuevo,79.415
b10bd5c8-dc6f-408f-937f-ca72c61bb6a5,11,1360.79,56.0,bilbao,recurrente,123.70818181818181
b11b347c-930a-45a9-973e-8285537eaaf2,7,416.2,33.0,madrid,recurrente,59.457142857142856
b1251bb8-0461-420b-8253-f6441bbc6dac,9,854.84,61.0,zaragoza,nuevo,94.98222222222222
b12cc5fb-b46b-42f1-a8d1-65a3d04ac62f,4,193.56,40.0,valencia,vip,48.39
b132b7c6-54e2-4d84-8095-edb3d3c82458,5,433.59000000000003,51.0,malaga,recurrente,86.718
b136d47f-4d2f-4a8b-a0da-91218f2966b3,5,905.8009000000002,47.0,malaga,vip,181.16018000000003
b13713a8-866b-469d-8a98-e571e23b25ce,10,1310.28,40.0,murcia,vip,131.028
b1373945-3dbe-4128-b823-f010de70fdb1,6,730.78,18.0,murcia,recurrente,121.79666666666667
b13afc9e-729e-4170-b095-809fdbc5c8de,7,732.95,23.0,madrid,nuevo,104.70714285714287
b13ecd3e-f702-4209-8c00-1f8de26210bf,8,789.35,40.0,barcelona,corporativo,98.66875
b1792d9c-db0f-4d39-b084-466b3ee4de4f,6,1095.33,18.0,murcia,nuevo,182.55499999999998
b181b4da-2bdb-4570-bc67-1041f9beaf39,5,324.78,22.0,murcia,recurrente,64.95599999999999
b18d505b-5643-4e57-a615-318df63912cf,4,463.53,51.0,barcelona,nuevo,115.8825
b1922d40-99f6-4072-9ad4-4bb893ea2321,4,537.34,40.0,vigo,corporativo,134.335
b197b971-e3ba-49d6-bc52-ebd07095f78f,7,857.19,39.0,bilbao,recurrente,122.4557142857143
b199e81e-b64f-4653-9174-76a5a7b30301,4,183.78,54.0,malaga,vip,45.945
b19c1c47-18af-46fb-99af-95a9b36054c7,7,511.67,51.0,granada,recurrente,73.0957142857143
b1a7b55d-8608-4679-8c66-93ae6a642053,6,789.99,56.0,malaga,nuevo,131.665
b1a95b2b-f882-4db7-8ab8-ea66d62bd855,2,149.26,21.0,bilbao,nuevo,74.63
b1bc9056-be98-4676-81d6-3b6162775176,8,791.2099999999999,34.0,zaragoza,recurrente,98.90124999999999
b1bea299-2961-4e36-aaf3-c85db1350c8d,13,1252.1399999999999,32.0,bilbao,nuevo,96.31846153846153
b1c23035-129e-4178-a889-9ad4ef892d9a,5,1001.4009000000002,58.0,murcia,vip,200.28018000000003
b1ceb6ac-0256-4cb5-90ec-31bb54101c6a,4,527.07,39.0,vigo,recurrente,131.7675
b1cedfc6-ad63-4e8c-b9c2-4c1ad2e0caa8,5,393.64,48.0,vigo,corporativo,78.728
b1cf9732-02b8-45f1-b57f-1e9b97b7f05e,7,391.18,37.0,valencia,nuevo,55.88285714285714
b1d1b05a-2f01-4ccc-98b8-b85dbdb81b93,6,801.9409000000002,18.0,murcia,nuevo,133.65681666666669
b1da8b33-8d18-4c09-a5e3-c54ebc5c8541,11,964.45,50.0,sevilla,recurrente,87.67727272727274
b1e27c9e-c3e8-4d5e-acf1-03fac93a21c2,14,1654.13,69.0,madrid,vip,118.15214285714286
b1f12001-57b3-47fa-834d-c302c926ae6c,6,481.59000000000003,19.0,malaga,recurrente,80.265
b20be55f-e642-44da-be29-be0151a8cc87,9,639.43,58.0,granada,nuevo,71.04777777777777
b21af034-d037-4f80-b343-23d21eb2017e,5,651.08,30.0,vigo,nuevo,130.216
b230a2d4-095c-4939-8366-24c1c510b71a,5,691.1700000000001,42.0,madrid,nuevo,138.234
b231a6c5-a5e8-46f6-8191-5ace60cb8893,7,965.4809000000002,43.0,madrid,nuevo,137.9258428571429
b234d49d-55f3-41f8-a3c0-e8c94f7114a0,10,1064.33,49.0,valencia,vip,106.43299999999999
b244305b-0605-427d-b02b-a94a2b394010,5,406.88,40.0,madrid,nuevo,81.376
b24723c0-6ed1-4bfd-a856-76428b60fa03,7,1227.27,18.0,murcia,vip,175.3242857142857
b24dce72-00b3-48fd-bb59-6f591cb5b9f2,8,659.88,50.0,bilbao,nuevo,82.485
b24fba4b-4db5-4558-ba56-b120f229ec8d,10,697.42,63.0,zaragoza,nuevo,69.74199999999999
b253beb5-a56d-4759-bebf-2a9995cae935,6,410.6,46.0,zaragoza,recurrente,68.43333333333334
b25c8194-63c1-4cd2-ab5d-4d47e8ec7ac3,3,194.76,32.0,granada,nuevo,64.92
b25d402a-86a0-418a-bd9d-de98b2fcb264,5,662.6,32.0,murcia,recurrente,132.52
b2639027-a35b-4874-ba48-f092d46cc2b0,6,653.38,36.0,vigo,nuevo,108.89666666666666
b280e9fd-e495-47af-bd5a-2dcaf9479864,11,1329.71,50.0,valencia,recurrente,120.88272727272728
b282a903-dd20-45ee-bb2f-a78c7d4e0cc8,7,1517.21,40.0,murcia,nuevo,216.74428571428572
b28b8eea-99e7-416c-b048-4c278299a799,7,1080.9,49.0,madrid,nuevo,154.41428571428574
b298d5ba-8370-4a02-b9e5-a4b5f0877cf6,7,797.29,37.0,bilbao,recurrente,113.89857142857143
b29fd8f8-bb16-4a37-b30d-a5873c312e19,2,252.96999999999997,28.0,madrid,vip,126.48499999999999
b2a14cde-411a-4394-9f9d-bebe72ee30f0,6,720.58,35.0,sevilla,nuevo,120.09666666666668
b2ac7431-0188-4f5c-8092-b2d086cc4576,8,671.8299999999999,22.0,bilbao,vip,83.97874999999999
b2ac8328-4a82-47ec-a695-bfd105ae6faa,7,740.05,34.0,barcelona,vip,105.72142857142856
b2af31e1-94a1-49eb-96f5-73b9ac2e24c2,12,1374.97,26.0,sevilla,recurrente,114.58083333333333
b2b772f1-b963-4ed2-b1e9-093b57e1841c,9,1009.49,26.0,valencia,nuevo,112.16555555555556
b2bebe16-6abb-4146-a759-8f76fd1316c2,10,835.03,69.0,granada,nuevo,83.503
b2bf42f7-459d-443f-b54d-f2b3db5c6dd1,6,566.24,45.0,madrid,nuevo,94.37333333333333
b2c33188-1d51-4051-a19a-24abd49df4ad,5,942.81,35.0,valencia,recurrente,188.56199999999998
b2c68f12-9d3a-450c-9ed7-7a20198e693e,9,732.16,40.0,barcelona,vip,81.35111111111111
b2cb86ac-0ad4-4183-913c-5842765636cb,4,196.44,45.0,granada,vip,49.11
b2cc96f4-463e-49b0-98da-8472e108b505,3,220.28,81.0,zaragoza,recurrente,73.42666666666666
b2e2617f-153a-4462-a96d-d12640ada40c,5,243.71,40.0,madrid,vip,48.742000000000004
b2e4b581-c1b7-4eb7-a687-ac1ed87a44c0,7,485.79,52.0,valencia,recurrente,69.39857142857143
b2e84e4d-43d1-44a4-b239-aed435eabde3,6,328.45,61.0,zaragoza,recurrente,54.74166666666667
b2edfdb0-1c9c-495b-ac43-352c39115ed3,5,381.0,18.0,murcia,recurrente,76.2
b2f2d9bb-6256-4fd6-92e2-8a4548312b14,5,503.56,34.0,bilbao,recurrente,100.712
b30e1c39-1961-48a6-84c3-6bd3cc90a4cb,5,414.25,61.0,zaragoza,recurrente,82.85
b311d642-1443-4397-9a68-b25eb201dda8,6,973.95,34.0,vigo,recurrente,162.32500000000002
b3193130-dabd-4ec2-9fff-a0efe4615c58,5,373.56,38.0,barcelona,recurrente,74.712
b32ca393-4c04-43c0-94a3-f86f57c14bd1,8,486.93,38.0,malaga,recurrente,60.86625
b332ea3e-9be2-46db-9556-6efa179e2a1e,7,805.53,41.0,malaga,nuevo,115.07571428571428
b337d63f-334c-44fb-a937-c0737ec9895e,3,103.35,35.0,barcelona,corporativo,34.449999999999996
b342a504-801e-4aa7-965d-d4687ec63906,8,1206.2,32.0,granada,vip,150.775
b34e0bab-a220-4072-a159-8d33c33089f5,9,921.0,66.0,sevilla,recurrente,102.33333333333333
b35abcc2-3a7f-4e2f-bf3a-629ce217e866,3,364.65,40.0,bilbao,nuevo,121.55
b35afb25-25bc-4918-94d0-c4ea0299e40e,5,245.57999999999998,20.0,valencia,nuevo,49.116
b35bfa78-6226-4de9-a27d-9661fa51847a,4,494.21000000000004,26.0,malaga,recurrente,123.55250000000001
b36c182d-29bc-4447-8b1e-ad1e00043120,1,196.76,30.0,barcelona,corporativo,196.76
b36cf91c-0c89-43b0-8a82-f310b50e7fa0,8,793.07,20.0,granada,recurrente,99.13375
b3755843-54f1-4302-bed7-797c4a691d5d,4,197.87,43.0,granada,corporativo,49.4675
b376dad3-4ed4-4ba6-9a9a-137ea04fb94e,7,734.78,37.0,barcelona,corporativo,104.96857142857142
b37cbe81-87a6-4373-a6a7-be7dcec80dc8,6,340.35,19.0,barcelona,nuevo,56.725
b3808de3-7b7c-48e4-bf8a-aaa4487f3a66,6,240.88,32.0,murcia,vip,40.14666666666667
b3a1df7c-5b46-480f-acd5-c6c6513b1349,3,185.71,30.0,valencia,recurrente,61.903333333333336
b3a564dd-0084-4c4e-b2c5-feebf83a10f5,7,537.32,33.0,madrid,recurrente,76.76
b3ae4d8f-7c50-4cb3-9220-89bfc7ccb7e4,7,544.4,22.0,murcia,nuevo,77.77142857142857
b3af2332-e0f0-4d79-bc9f-1d753660edf4,9,942.9200000000001,37.0,zaragoza,recurrente,104.7688888888889
b3b2c3d5-66c9-4726-868d-8524653d17ae,7,875.9100000000001,29.0,sevilla,vip,125.13000000000001
b3bf34e2-376b-4443-91cd-3c871b4a8ad5,11,1297.84,20.0,sevilla,recurrente,117.98545454545454
b3ce139b-7a8f-49c7-9677-b81e30e8a7cc,10,840.79,32.0,vigo,corporativo,84.079
b3d5f318-6b68-4071-b92b-b189e6cb49ff,3,454.27,47.0,sevilla,recurrente,151.42333333333332
b3db0ed8-0617-440a-93c1-653fc63dc65c,5,450.34999999999997,30.0,granada,recurrente,90.07
b3e8366b-f24f-44f6-9e47-a3bc80e60b12,10,1560.3899999999999,24.0,madrid,nuevo,156.039
b3e9922b-4269-4ef8-a353-f31fa12d463a,4,271.45,40.0,valencia,vip,67.8625
b3f776c8-4eb9-4756-9344-3b4105573f60,1,37.32,40.0,vigo,nuevo,37.32
b3fa040e-302f-4b92-88d9-3a40ec242bd1,4,251.15,40.0,zaragoza,vip,62.7875
b3fa3d76-cb1f-4371-932a-8cb747b735b3,4,312.56,18.0,zaragoza,nuevo,78.14
b3fc3f82-c77b-4f98-8728-d82f905b4c7e,7,1756.3409000000001,33.0,granada,vip,250.9058428571429
b40824cf-9f94-451c-82ab-f2baa46bd2d1,5,513.05,38.0,bilbao,vip,102.60999999999999
b42678a7-c6e8-4fbe-9248-3be0f4e487f4,9,581.01,26.0,vigo,recurrente,64.55666666666667
b43315be-7dfc-481b-b074-8d767185d2d7,3,310.85,54.0,bilbao,vip,103.61666666666667
b43cb88d-e840-4896-adef-55ad23b5a1e5,7,977.65,41.0,vigo,vip,139.6642857142857
b44e550a-a477-498e-a6cb-6cd95e910f9a,4,681.97,26.0,granada,vip,170.4925
b4525543-c518-4540-ab54-f7ba6044725d,8,920.0999999999999,36.0,barcelona,recurrente,115.01249999999999
b45ba5ea-aecf-4ff6-8157-2b266e6a952c,5,395.62,43.0,valencia,corporativo,79.124
b46b5150-474e-4ef9-981c-7146ec3599ff,7,588.38,30.0,sevilla,nuevo,84.05428571428571
b46c6d6c-b9ba-49de-88c5-bbc39856b743,9,712.8399999999999,38.0,malaga,recurrente,79.20444444444443
b48dbcac-cf37-4d15-a556-6ca90a4f5f86,6,352.84,49.0,vigo,nuevo,58.806666666666665
b48e7c39-3b73-485c-aa83-bde2c257de51,9,520.09,45.0,granada,nuevo,57.787777777777784
b496b172-7fcb-4b1f-ab04-928b8aad2352,7,882.6999999999999,50.0,bilbao,recurrente,126.1
b4994175-2a53-47c3-97bf-fcc6261c055f,7,522.03,23.0,valencia,recurrente,74.57571428571428
b4abea0a-392f-4dc4-a947-b27ca48cfc9a,9,750.5799999999999,45.0,granada,recurrente,83.39777777777778
b4d0c24e-d5ae-441e-bf3b-483593cb1ded,7,669.27,56.0,sevilla,recurrente,95.61
b4ded1b0-5ad7-422f-add5-5a3c8e5cb6e0,3,237.68,40.0,granada,nuevo,79.22666666666667
b4e78c41-0e32-41ae-8bbd-7d3bc86682d4,5,383.5,58.0,vigo,vip,76.7
b4ecd723-5353-466e-930d-e67b0ff21e20,8,1109.0709000000002,52.0,murcia,nuevo,138.63386250000002
b4ef4f72-f1fe-45ab-b62d-1a73b152f921,9,745.6,27.0,vigo,recurrente,82.84444444444445
b4f98587-286d-4087-ab56-1889ad4aa142,7,825.0699999999999,39.0,sevilla,nuevo,117.86714285714285
b4fa2f4f-fafa-49bd-bfde-813511d776a6,9,1199.79,44.0,vigo,corporativo,133.31
b50588ad-2134-46a1-bd6e-3efb2d9d241d,11,1528.8809,36.0,barcelona,recurrente,138.98917272727275
b5070a67-b695-4f5a-a574-45d7e76a19d8,10,604.6999999999999,47.0,sevilla,recurrente,60.46999999999999
b5165427-1c08-4daf-9740-333ca15c0eec,6,347.04999999999995,46.0,murcia,corporativo,57.84166666666666
b51a6be7-ddbc-4fd9-b26f-d168657fd2b5,3,365.32,45.0,valencia,recurrente,121.77333333333333
b530041f-8f85-492c-9d41-c5df4ac3b3a7,9,1239.75,50.0,sevilla,vip,137.75
b5327ba3-60a1-4086-85dd-190c807a1043,5,329.07000000000005,27.0,murcia,corporativo,65.81400000000001
b53d793b-d3df-42da-83b5-65962246efa1,1,104.5,63.0,vigo,recurrente,104.5
b540f9db-f25a-4fbc-a24f-4981c7180cc4,6,839.82,47.0,malaga,nuevo,139.97
b54c0c94-a5ef-4391-8bca-a037df890e6b,7,749.44,53.0,valencia,recurrente,107.06285714285715
b5552f04-6220-4a9f-9ed1-6c0b03e8f491,7,854.54,24.0,malaga,vip,122.07714285714285
b55a4c51-7912-4489-a6fe-8825a18b3b91,5,702.73,31.0,malaga,nuevo,140.546
b55a5423-b8b0-4d8e-b284-80dd9eb029d7,7,443.39,38.0,valencia,nuevo,63.34142857142857
b55df889-d4fd-414f-b426-9ad65c9687a8,5,426.22,31.0,murcia,recurrente,85.244
b5654fd5-f7c9-401e-990c-44b12e8023c0,4,671.05,55.0,malaga,recurrente,167.7625
b5671364-bc14-4261-b894-0a33473885f8,6,687.6099999999999,18.0,sevilla,nuevo,114.60166666666665
b5713b85-bfd3-4b12-9fef-a8bba1a88a0a,3,358.18,18.0,zaragoza,vip,119.39333333333333
b57cbe1f-5955-485c-a6f3-8876a1baef3a,5,404.88,44.0,zaragoza,recurrente,80.976
b585e451-81a6-44fe-b3be-68982b152f40,11,957.7,37.0,vigo,recurrente,87.06363636363636
b59b03d2-96b4-41d9-b581-3b6a29b5351b,4,930.34,34.0,madrid,recurrente,232.585
b5a81486-0dc0-4233-85bf-da5c7a2ff49c,5,252.51999999999998,33.0,murcia,vip,50.504
b5b40a05-d21b-455b-85d4-f6175403e79b,6,429.66,39.0,zaragoza,recurrente,71.61
b5c7c0db-f9a3-4f2b-97f4-d44f996b11c0,5,363.49,51.0,madrid,recurrente,72.69800000000001
b5c9e08b-6e74-4e05-bc87-c50e3a65e18d,8,584.56,30.0,madrid,nuevo,73.07
b5d6f3c3-21a9-4d4d-9f70-02896d4b852f,3,91.66,37.0,vigo,recurrente,30.55333333333333
b5da00c6-6ef0-4926-82de-652cf1891c1a,5,482.71,40.0,barcelona,recurrente,96.542
b5e04efa-2934-4c0e-b8da-6dfb4c0b63f4,6,477.64,18.0,vigo,nuevo,79.60666666666667
b5e95b7b-8a00-4125-9448-42bb3d1e8fcb,11,1433.5,33.0,murcia,nuevo,130.3181818181818
b5ed9553-bcb0-4aaf-bc91-b3c3c5161db4,16,1557.65,60.0,granada,vip,97.353125
b5f7cfd2-9943-4dfa-8117-165fb5e28af0,6,503.94000000000005,18.0,sevilla,corporativo,83.99000000000001
b601020b-145f-4f80-a496-e8e5d687250d,10,968.33,43.0,barcelona,nuevo,96.833
b61d5bde-a588-40f7-9235-9437060f7f56,3,196.94,28.0,malaga,nuevo,65.64666666666666
b62bbb9d-3cce-4221-b052-da7d94ae3a50,5,533.46,25.0,vigo,nuevo,106.69200000000001
b62d2b03-7b77-4535-9c4c-c4dfb915378b,3,141.88,53.0,zaragoza,nuevo,47.29333333333333
b634bf2b-3280-4ac2-be31-7fb466c10f88,5,371.89,31.0,madrid,recurrente,74.378
b6384112-0e6a-41c6-97e8-31e8b2db8c37,4,284.21000000000004,28.0,zaragoza,recurrente,71.05250000000001
b63d6981-60fa-4574-8a3a-e23dc459a6d0,6,543.0899999999999,47.0,barcelona,nuevo,90.51499999999999
b63ec406-0c15-4297-9e99-cc419ad779da,9,1364.6309,31.0,granada,nuevo,151.62565555555557
b63f234f-22af-42af-ab31-07bd1adb5af6,12,841.76,19.0,zaragoza,recurrente,70.14666666666666
b6417695-e637-4c64-82df-8baf3157d005,7,404.19,40.0,sevilla,nuevo,57.74142857142857
b643a19c-03ab-4ec1-a7cb-76688367e65e,9,1307.68,34.0,madrid,nuevo,145.29777777777778
b663ac60-d634-4d26-b26e-a30dacd10448,2,136.77,51.0,murcia,recurrente,68.385
b66e535d-7850-428b-bfe2-b6b6dc1a0307,7,789.3399999999999,46.0,granada,nuevo,112.76285714285713
b6724c8b-f0b8-4581-a661-1ccf5c653f04,3,155.75,35.0,zaragoza,recurrente,51.916666666666664
b6754b2a-a97d-463e-a513-d6bd4c58a782,5,739.35,43.0,zaragoza,recurrente,147.87
b6852706-22d9-435d-b5e5-49a647f7aa42,4,285.81,38.0,sevilla,nuevo,71.4525
b692bbbf-99e5-4f0e-8856-b246d97fff3d,5,1103.6209000000001,76.0,zaragoza,nuevo,220.72418000000002
b694e3dc-8774-4ed8-b598-f250dbef2659,9,1533.9509000000003,40.0,madrid,nuevo,170.43898888888893
b69b08c0-8ffd-4a93-9978-7460150a4325,8,893.33,53.0,valencia,nuevo,111.66625
b6a7a92b-ed8d-44d8-89b3-648b7495d2d7,11,1183.3700000000001,50.0,granada,recurrente,107.57909090909092
b6b64ce7-dae1-4487-820e-d221e85db73e,7,646.18,23.0,murcia,nuevo,92.31142857142856
b6bb8938-1995-441d-b703-817b4d4fc021,4,477.48,39.0,valencia,recurrente,119.37
b6c5dabe-dfe1-4150-9707-e17e1517c588,9,1178.24,55.0,barcelona,recurrente,130.91555555555556
b6ce7a8b-e9dc-4749-b2be-1923e1ca598c,8,1230.3509000000001,48.0,barcelona,nuevo,153.79386250000002
b6d8e683-ceaa-46f3-ba39-9757b7605145,7,548.78,26.0,zaragoza,nuevo,78.39714285714285
b6e3997d-59ef-440b-8f13-b778e3429690,1,32.69,39.0,malaga,nuevo,32.69
b6e7c98c-c0e6-4f43-8e8a-e30824032e0a,8,534.6,54.0,granada,recurrente,66.825
b6f3d698-d97e-46e4-9865-4e437c8d5416,5,323.74,45.0,bilbao,nuevo,64.748
b6f4580d-d60f-48e8-82cd-8d5a01a6df58,7,663.1700000000001,33.0,barcelona,nuevo,94.73857142857143
b6f97843-f728-454e-a372-676654376e50,9,938.11,39.0,zaragoza,recurrente,104.23444444444445
b6fcc5fe-1570-4532-acfb-fe0f27e052bb,5,458.8,26.0,bilbao,recurrente,91.76
b7044ecf-9e5d-40d7-acce-1492bed15451,3,115.04999999999998,46.0,malaga,vip,38.349999999999994
b70aa231-1bbe-4696-8635-ca1ef045f5c4,3,284.52,45.0,sevilla,nuevo,94.83999999999999
b70cf205-0248-44c0-9fd3-224b44ad90b5,9,517.96,37.0,barcelona,recurrente,57.55111111111111
b727494f-8ff9-4c52-96d9-8403de34cce6,12,1016.4100000000001,51.0,malaga,corporativo,84.70083333333334
b72fbbcf-93f5-49bf-8a78-8b36b9720f51,3,348.15,43.0,bilbao,nuevo,116.05
b73402e6-50d2-44f2-98a6-bcf31ebc9a28,4,562.13,47.0,vigo,nuevo,140.5325
b73a80bf-7302-4125-ab22-8b0c3eec1b6c,6,852.1109000000001,38.0,vigo,nuevo,142.01848333333336
b73b1a02-db41-4ec8-a1ca-38afd22d9026,9,1369.0509000000002,35.0,vigo,nuevo,152.11676666666668
b73e29e4-42bb-4164-8cc1-fb9808dfa2ef,2,183.03,35.0,barcelona,recurrente,91.515
b741904a-49b5-4a6a-b505-c440691877e5,4,375.87,34.0,granada,nuevo,93.9675
b748d8c6-b982-4f4e-8be8-efb8507aeea1,5,539.3,43.0,murcia,nuevo,107.85999999999999
b750a2a0-e8d7-4e8c-895a-4118b0981660,9,1119.59,33.0,granada,recurrente,124.39888888888888
b755acac-8d73-4e40-99d0-26a1865e4c29,8,800.62,38.0,valencia,recurrente,100.0775
b75bc18c-97ff-4d97-a98a-c4d912c07bcf,10,831.52,43.0,bilbao,recurrente,83.152
b75f3967-8636-42f8-b282-993787e9f4a2,2,78.7,51.0,valencia,nuevo,39.35
b7680a77-30d8-4ec2-abf6-ae43e1d183b9,6,494.94,20.0,sevilla,recurrente,82.49
b76eb427-d9fa-4351-a8a5-e7ee48afc317,4,388.38,50.0,granada,vip,97.095
b77827fc-a81c-4b89-8db6-829822579482,7,610.0500000000001,58.0,granada,recurrente,87.15
b78b6591-4e74-4613-97f0-1680a32686da,11,952.84,53.0,sevilla,recurrente,86.62181818181818
b7949435-21c0-4c85-bad2-275a6cc85b5b,7,664.39,26.0,granada,recurrente,94.91285714285713
b7996ef6-8bf0-41e9-9e9e-e9538e92e097,6,584.91,18.0,madrid,nuevo,97.485
b79a8cf6-a491-433a-b84d-61fe751b86c1,8,825.87,36.0,murcia,recurrente,103.23375
b7a2693f-dea1-42b9-8beb-69fc4da26836,4,411.55999999999995,40.0,granada,recurrente,102.88999999999999
b7a50461-a0d4-4318-b9c1-ffa207403756,4,684.9,40.0,valencia,nuevo,171.225
b7a5d74b-55ac-4333-813b-add1316340ac,5,434.87,35.0,vigo,nuevo,86.974
b7b2bdbc-ac0e-420a-a64f-acee67cd91b3,5,479.53999999999996,34.0,sevilla,recurrente,95.90799999999999
b7b50ba1-5c37-4def-ba3d-5c133c84e471,4,450.41,43.0,vigo,nuevo,112.6025
b7b8270a-d72d-4fb3-abf9-7299ddd61c51,10,736.53,41.0,malaga,recurrente,73.65299999999999
b7d8d6c5-b6ca-451f-baba-4640b58563c5,6,571.6,40.0,madrid,recurrente,95.26666666666667
b7d94bb4-c59e-4fee-a097-f062f4d0e101,8,640.92,29.0,vigo,recurrente,80.115
b7e3c1a1-6c27-44ca-a841-4fbc8a80a432,5,314.12,41.0,valencia,nuevo,62.824
b7ea1b1b-80fb-4cf1-9200-9e17bd777a10,2,71.48,43.0,barcelona,recurrente,35.74
b7f1dc0b-5de1-49ce-b869-6253f0e2570f,4,249.8,30.0,granada,corporativo,62.45
b7f42c89-0094-44d3-b89a-b2da472b657f,4,240.93,40.0,murcia,nuevo,60.2325
b80601d3-2275-42f7-8da8-3af8f77ef600,8,645.15,40.0,vigo,recurrente,80.64375
b80b1cba-fa19-412e-9375-8424da0914bd,5,381.73,38.0,sevilla,nuevo,76.346
b811e2a8-2480-49b7-9beb-90ad38211c84,11,1309.59,40.0,valencia,recurrente,119.05363636363636
b8140db0-a246-4789-b534-59b01c596544,1,118.11,45.0,granada,recurrente,118.11
b814b7d0-682b-49be-89d0-60d3cc0e088f,8,852.87,48.0,zaragoza,vip,106.60875
b81e8d26-6013-4dea-8f9d-ee2e6879c475,6,355.23,40.0,barcelona,nuevo,59.205000000000005
b81fea26-f4a6-4792-b7bb-15e863ef68f3,6,437.16999999999996,30.0,barcelona,nuevo,72.86166666666666
b832a0a8-cedc-4bc0-acf8-64ab581126f3,7,957.4,36.0,valencia,nuevo,136.77142857142857
b839cfb0-7876-439d-ba77-1632db296ab8,6,1030.21,26.0,bilbao,recurrente,171.70166666666668
b83de93a-0589-4043-bd2e-9a896cd0a2cf,13,1271.3400000000001,34.0,malaga,nuevo,97.79538461538462
b84a4b96-dfc5-45c9-8136-642aba403624,8,818.38,47.0,malaga,recurrente,102.2975
b84b3d33-4529-4efd-b227-38a33f39a008,5,400.22,35.0,barcelona,recurrente,80.04400000000001
b85db0f5-414c-4efb-b41d-15ab5ce4f243,5,249.68,45.0,madrid,nuevo,49.936
b861b59a-85ca-4e5c-9fc8-dfea5a342177,9,824.73,55.0,bilbao,recurrente,91.63666666666667
b8739714-2713-42e3-8c7d-fc44946d0c54,7,1148.38,54.0,barcelona,vip,164.05428571428573
b87ea0fb-dbee-41ee-9e37-4293b7c71b91,6,229.93,42.0,madrid,nuevo,38.321666666666665
b881cb88-bda2-475b-bd04-47941e2daa80,5,530.5699999999999,51.0,madrid,nuevo,106.11399999999999
b89091df-791c-46b5-b904-b8238024a66c,7,771.4499999999999,55.0,valencia,recurrente,110.20714285714284
b897aeb0-46ff-4090-82ee-be1e10a211fe,3,263.32,44.0,bilbao,nuevo,87.77333333333333
b8a64498-0ab6-4d5d-8508-f10594e95087,7,1088.55,38.0,zaragoza,corporativo,155.50714285714284
b8ae5e63-40dc-4220-adad-5a7b41587196,12,1393.2,42.0,valencia,recurrente,116.10000000000001
b8b6e2c9-818a-45c9-a1ee-c199f3761948,12,801.75,54.0,sevilla,nuevo,66.8125
b8b869af-3c32-4cd9-828b-2494abd4d5a5,6,809.4409000000002,51.0,sevilla,nuevo,134.90681666666669
b8c398c4-1342-4ed9-924a-77afa8dc9366,7,612.66,38.0,zaragoza,nuevo,87.52285714285713
b8c4e17e-5a68-447f-a09f-b7a9560979f6,5,1014.7509000000002,27.0,granada,recurrente,202.95018000000005
b90363b8-a521-455b-9b56-0aab2c95541b,7,833.9309000000002,37.0,sevilla,recurrente,119.13298571428574
b9088daa-276e-4e34-863f-832001bd5383,3,328.34,40.0,madrid,nuevo,109.44666666666666
b90b1b3d-0b97-4e80-be4a-e868fc9a13d7,11,625.4399999999999,31.0,granada,recurrente,56.85818181818181
b9386688-fb4e-4ade-a643-dbe1f57d969d,9,929.62,55.0,murcia,nuevo,103.2911111111111
b9399918-cf0f-4ebf-b082-e4a1142eff3d,2,111.50999999999999,37.0,granada,recurrente,55.754999999999995
b93c27e6-0eca-43e2-ba49-c8d7622f2fa6,5,731.8209000000002,47.0,valencia,nuevo,146.36418000000003
b948cd12-dcd9-456b-bde2-ddb30ad7bdfb,9,655.87,44.0,valencia,nuevo,72.87444444444445
b969a7a9-1128-4d03-a5fe-7b0c37ebf61f,5,378.94,35.0,malaga,nuevo,75.788
b96c0bb5-d5fd-4acb-a727-c1a4237ba935,8,512.38,40.0,vigo,vip,64.0475
b96ebfd2-f14b-428b-8923-38136bc094ab,3,728.5009000000001,56.0,zaragoza,vip,242.83363333333338
b98480ae-408d-4288-ba90-1e20d4d66024,10,850.95,43.0,malaga,recurrente,85.095
b98958c6-0e11-4cf3-9165-0fcfe8883d46,6,536.6500000000001,39.0,malaga,nuevo,89.44166666666668
b98fbebd-3812-437d-93fb-4782c1f5daf3,7,1124.9,39.0,zaragoza,recurrente,160.70000000000002
b99491cd-8910-4edb-9184-055e5a8dfb36,11,1421.8600000000001,39.0,vigo,nuevo,129.26000000000002
b99a8954-131f-47be-984f-a0a122cbcf62,6,223.6,39.0,murcia,recurrente,37.266666666666666
b99ce5f4-2943-4171-a18b-655240a27ba2,5,424.57,54.0,valencia,recurrente,84.914
b99e3277-29f6-4558-ad96-bc697fc80978,6,293.64,29.0,granada,nuevo,48.94
b9aa033e-c69b-44b1-a2ec-8d3ff108a6a0,6,265.9,38.0,murcia,recurrente,44.31666666666666
b9ba4e13-cbbb-4905-89ab-968319f199a0,6,698.37,37.0,madrid,nuevo,116.395
b9bad440-6bdf-434b-809e-4fc98e295ed7,5,510.57,37.0,zaragoza,recurrente,102.114
b9bd027d-b448-423e-af6e-93662e2c0bc7,9,540.48,36.0,madrid,nuevo,60.053333333333335
b9be2c2b-6b8c-4dac-868e-1beac623ca58,9,1010.63,55.0,valencia,vip,112.29222222222222
b9c47c1b-b29f-4c04-af6f-f4f109414bc0,9,1441.46,40.0,malaga,corporativo,160.16222222222223
b9c7cddb-3560-42e6-9f70-68ed622f3e3e,7,918.26,40.0,valencia,recurrente,131.18
b9d0143c-5f45-419a-b738-e4e3013fc90b,7,558.44,40.0,malaga,recurrente,79.77714285714286
b9e72bad-6474-4951-85b1-e394164ec94b,7,964.49,44.0,bilbao,nuevo,137.78428571428572
b9e805ce-fe13-4ed5-82b1-286271529391,6,668.45,44.0,barcelona,recurrente,111.40833333333335
b9ea3b4e-fc9f-4985-895c-9932135a2db0,4,683.8299999999999,27.0,granada,corporativo,170.95749999999998
b9ee42de-985a-4817-bdbe-afa1942f0f9a,8,616.5,19.0,valencia,vip,77.0625
b9f3cd8c-9f64-4fed-8fb6-fb0adb74d18e,7,828.91,25.0,vigo,recurrente,118.41571428571429
b9f7bfe0-6b32-4146-b305-14d4ffabee85,7,468.98,27.0,granada,vip,66.99714285714286
b9fb125b-950c-4c53-9611-85b49a6600a6,8,685.5400000000001,51.0,zaragoza,nuevo,85.69250000000001
b9fd2ba8-9031-48ce-ac49-3c7f9e839769,6,501.61,32.0,murcia,recurrente,83.60166666666667
ba01f723-09b0-47a3-9fda-5fdf57ed5c12,10,1178.64,66.0,murcia,nuevo,117.864
ba02d19e-49b8-488c-aa35-d1a6112553ce,5,420.48,44.0,malaga,recurrente,84.096
ba0e4ab3-9857-4b17-93b7-98453d71971f,10,1065.54,41.0,valencia,recurrente,106.554
ba18059c-d984-4010-9ad0-69b0d61c91f1,4,198.35,43.0,valencia,corporativo,49.5875
ba1a8d44-aaf8-4ac9-8031-a36233fd2e84,8,632.1,72.0,vigo,recurrente,79.0125
ba27c872-2f60-4c4c-84bb-582af34bfe0b,5,275.92,39.0,sevilla,nuevo,55.184000000000005
ba2ede66-4d0a-4fdc-82f3-ad1efc25fa17,6,1192.3709000000001,56.0,zaragoza,vip,198.72848333333334
ba3c108b-cfab-4f98-8bf3-4700db5f424b,11,833.4,38.0,barcelona,vip,75.76363636363637
ba42a077-760c-441b-b64b-2e3dbb9e40de,4,376.76,31.0,valencia,corporativo,94.19
ba4f6afa-7d1b-4efd-b118-d29f14f61262,9,961.91,39.0,valencia,corporativo,106.87888888888888
ba56f50a-a5d1-4722-8772-1301cd344a85,11,1120.26,33.0,granada,recurrente,101.84181818181818
ba76c190-1d9d-47d4-bd7a-838856b52ac6,5,396.88,40.0,valencia,vip,79.376
ba82dbe7-9445-40bc-9fcd-e99afce55bbf,5,350.69,52.0,madrid,nuevo,70.138
ba8983c6-cab3-4a3f-80c1-0539700f4646,7,907.75,28.0,sevilla,corporativo,129.67857142857142
baa4e69a-de37-4b42-8b64-611ea69fa927,4,708.53,35.0,murcia,recurrente,177.1325
bab8d12a-690d-4c69-9c12-488d0f9311e3,7,619.85,29.0,barcelona,vip,88.55
bab8d384-4a4e-43e8-882f-c5f209a4aa68,10,1343.1399999999999,40.0,sevilla,nuevo,134.314
bac36b7e-3645-4dd4-98b9-26a9e955a4d9,2,348.04,32.0,valencia,nuevo,174.02
bac49f2c-a8c7-499b-a39c-282c6dabe8e0,8,934.95,54.0,zaragoza,recurrente,116.86875
bac654c4-45d9-4e35-b913-055f52ca29a7,2,140.76,43.0,valencia,recurrente,70.38
bac6a7a9-064c-4ab5-a14f-3841d99812c9,6,729.22,35.0,sevilla,nuevo,121.53666666666668
bacb8480-fbb5-4149-94bf-54fe68114581,4,291.33,49.0,bilbao,recurrente,72.8325
badd42d7-362b-4684-8b39-f3a82424427c,5,618.49,51.0,granada,vip,123.69800000000001
bae907ec-9e16-42f3-9025-af14232c51e7,5,588.15,45.0,vigo,nuevo,117.63
baeaa467-6ddf-4d90-9496-1995fc2660ba,4,366.7,38.0,valencia,recurrente,91.675
baf7ed32-04ae-469d-a786-000fd79d64af,8,663.41,46.0,zaragoza,nuevo,82.92625
baf98ee8-e9cc-424f-8161-873d760ea87e,8,1023.3900000000001,37.0,bilbao,nuevo,127.92375000000001
bb033c5d-f51c-4f7f-889e-282b31ea98c7,3,375.93,29.0,bilbao,nuevo,125.31
bb044f3d-89b4-479c-a139-8c6c9eb37cbb,4,339.86,39.0,granada,corporativo,84.965
bb0996f9-0c68-4441-8a0c-31ca527b6b85,7,654.26,38.0,sevilla,recurrente,93.46571428571428
bb11dfd8-7152-4e25-835c-9fc00beb9d8e,12,871.09,45.0,sevilla,corporativo,72.59083333333334
bb141a01-4085-429e-97ff-840eb9605005,6,858.46,37.0,madrid,recurrente,143.07666666666668
bb1ce111-8875-4378-9f01-43a47035477a,7,1000.69,40.0,granada,nuevo,142.9557142857143
bb34278f-a55f-446f-a2c4-3a8b64a2f6d4,6,329.24,57.0,granada,nuevo,54.873333333333335
bb3f37d5-65fe-437c-8d74-dabbbf18b8c9,8,1144.0700000000002,31.0,valencia,recurrente,143.00875000000002
bb3f86c3-d857-4e7f-b16c-82130e55898e,6,625.01,40.0,sevilla,corporativo,104.16833333333334
bb41ff5c-8fc4-46fb-a810-168c032662cc,8,1066.0209000000002,30.0,valencia,corporativo,133.25261250000003
bb45d4ed-3b7c-43c0-97eb-066d45cf18ff,7,803.95,28.0,granada,recurrente,114.85000000000001
bb45f687-605a-4935-bf74-f8a774e98232,7,698.25,55.0,malaga,nuevo,99.75
bb4edd91-bb5a-4b03-bd2b-36678f14b968,7,872.3,38.0,vigo,vip,124.61428571428571
bb59bb0a-f120-4543-9636-d696a53005a2,5,580.25,47.0,sevilla,nuevo,116.05
bb66afe4-5cfc-4377-b28e-7e6ee08547bb,7,741.53,44.0,bilbao,recurrente,105.93285714285715
bb68763c-a1a3-4694-a7be-63d9f9208576,9,854.65,41.0,malaga,recurrente,94.96111111111111
bb6a3be0-7547-4448-8031-e775fe26e260,3,216.76,60.0,zaragoza,vip,72.25333333333333
bb765865-152e-44d5-91b8-bde4850a3204,11,1501.9009,46.0,madrid,nuevo,136.53644545454546
bb83193d-c287-4a9a-b004-9e5b32272d09,5,428.90000000000003,22.0,madrid,recurrente,85.78
bb86a3bd-821e-4624-a0a0-f781ad34cb80,6,776.78,53.0,zaragoza,recurrente,129.46333333333334
bb8d6560-8c49-459d-8760-443ebcf94e0a,8,907.28,36.0,sevilla,corporativo,113.41
bb98f111-465a-4b73-a559-4ab832f3f865,5,621.6,37.0,madrid,nuevo,124.32000000000001
bba525b2-356f-4725-9ed0-bcbe8f22d3c6,1,56.73,26.0,madrid,vip,56.73
bba82b04-cc0c-4fa4-97fa-c4b5758a3901,6,375.19999999999993,32.0,valencia,vip,62.533333333333324
bbaf5024-1091-4612-bae2-a326bce7c7e5,7,702.0,38.0,sevilla,recurrente,100.28571428571429
bbc04745-2baf-4b9f-b13a-077763de197e,5,574.72,40.0,valencia,recurrente,114.944
bbc17756-6087-4bb1-809a-2606d6b37241,3,524.3699999999999,44.0,sevilla,recurrente,174.78999999999996
bbd3c78b-757f-4fd4-825f-b8a284b79346,10,630.08,49.0,sevilla,recurrente,63.008
bbd50c5a-1237-4457-95d8-66fcbf5bf023,5,267.98,47.0,madrid,vip,53.596000000000004
bbdcd37d-f881-4d0f-8895-946eecfcd24a,7,794.28,35.0,murcia,recurrente,113.46857142857142
bbecb777-0cf5-4744-959b-7b6ac95bb352,5,413.32,39.0,valencia,nuevo,82.664
bbedccfc-334a-4a65-8930-f99f5f19f469,5,559.01,37.0,vigo,nuevo,111.80199999999999
bbfecdc7-2adc-4e81-99d7-ddc3a21ef326,11,1282.83,18.0,madrid,recurrente,116.62090909090908
bc1bf36a-4bf3-42f8-9d63-7949cf644939,11,856.8,63.0,bilbao,corporativo,77.89090909090909
bc25b840-6095-4e0e-a9a9-f200aa5474f6,9,1244.28,41.0,zaragoza,recurrente,138.25333333333333
bc307c39-a72b-4322-92ed-adf484d09190,4,251.63,50.0,zaragoza,recurrente,62.9075
bc347319-ffef-4f30-9310-3f2918a926c8,6,583.51,51.0,vigo,vip,97.25166666666667
bc3d7976-00e2-41c9-b3c3-262a07ceb590,3,388.68,18.0,bilbao,recurrente,129.56
bc494e72-6722-431c-92da-7ba73650c802,4,324.58,41.0,sevilla,recurrente,81.145
bc4c4446-b02d-4416-b207-e4e5bbb8509b,5,248.37,28.0,valencia,nuevo,49.674
bc550d1f-e309-41cd-b246-d91861db366b,7,545.55,40.0,malaga,recurrente,77.93571428571428
bc5a9e00-c39c-405e-974e-42004d5e5872,4,615.26,58.0,granada,recurrente,153.815
bc668750-cadd-4881-b434-b2aee985166e,10,1569.4909000000002,32.0,vigo,vip,156.94909
bc801bd7-a48b-4bd1-a222-48b293d2c24b,3,537.95,22.0,madrid,nuevo,179.3166666666667
bc838f43-1cbe-42e4-93e3-d6a111ce93dc,7,340.18,32.0,sevilla,recurrente,48.597142857142856
bc856603-167a-4ae1-bc6a-c795d2ae2e39,7,682.59,67.0,sevilla,recurrente,97.51285714285714
bc900ee6-cb48-48dd-9e5f-960cfcc04e14,9,1170.58,18.0,sevilla,corporativo,130.06444444444443
bc94475b-3be2-44b6-a0c3-b0b6a52984be,4,305.26,37.0,valencia,recurrente,76.315
bc984e7d-0d96-42aa-bcbf-d136b619b504,7,1045.72,43.0,vigo,recurrente,149.38857142857142
bca7f55a-4ebe-4396-9476-056ac17eef9c,7,855.8,48.0,malaga,vip,122.25714285714285
bca8254f-9d7f-4f96-8256-22df954fd2ab,4,549.31,47.0,zaragoza,nuevo,137.3275
bcb6d637-ae8a-4686-83db-be42912da384,8,852.08,47.0,madrid,nuevo,106.51
bcc4bc83-f4fc-413f-a95c-c1be67be9354,5,404.5,40.0,malaga,recurrente,80.9
bcc64761-b06a-4c72-866d-e5272f8c4fa8,7,553.98,73.0,bilbao,vip,79.14
bcc681e0-bd42-49de-89af-c9ed2ec5d595,9,808.29,56.0,malaga,recurrente,89.81
bcdc6d70-65c7-4bc1-bbb9-86fceaf53fc2,4,608.13,18.0,granada,corporativo,152.0325
bce0a725-a146-405a-afec-b8736c6319f1,9,663.6,56.0,vigo,nuevo,73.73333333333333
bce4b107-4758-4b47-ad73-8b2a9c354977,2,89.48,37.0,zaragoza,nuevo,44.74
bce664e6-99da-4ebc-8b1d-7224c85c770c,10,816.68,40.0,granada,nuevo,81.66799999999999
bceb813d-5aac-4636-bce8-9d2c0e6db5df,6,502.81,23.0,malaga,vip,83.80166666666666
bcecadc1-fdbc-492c-8e5c-c9ff93292d88,9,1303.57,47.0,granada,recurrente,144.8411111111111
bcf8cf21-d87b-4fd9-bb84-800539d01506,9,833.55,50.0,madrid,recurrente,92.61666666666666
bd11c581-801c-43cc-9d80-bb2eebbe2d04,8,743.25,24.0,madrid,nuevo,92.90625
bd192b13-e587-4361-99f8-cddb58959c16,5,1045.34,33.0,barcelona,vip,209.06799999999998
bd26d6e8-45e2-4912-b14e-8515f3c78e73,8,969.43,26.0,murcia,recurrente,121.17875
bd29c1d5-49e5-44f8-bfc8-5163a40de7d1,8,1016.82,33.0,malaga,nuevo,127.1025
bd303003-6491-4763-b532-00a1ea4d6751,7,1302.01,60.0,vigo,recurrente,186.00142857142856
bd30e0a2-c07e-4e0a-a755-dc48663840c7,5,508.38,79.0,sevilla,vip,101.676
bd48d969-161b-4b78-86f4-59d25e52e8a1,8,605.9300000000001,42.0,zaragoza,nuevo,75.74125000000001
bd4ecf06-0255-436d-929d-92108f20812c,10,1020.68,29.0,barcelona,recurrente,102.068
bd50d32c-4e00-4da0-ac4f-104577fde2b8,5,381.62,18.0,vigo,recurrente,76.324
bd5121e1-98e0-49da-89eb-17cf5e4861bb,12,995.15,27.0,madrid,recurrente,82.92916666666666
bd60c652-570e-4b8c-afc5-1f32c5efd8e8,7,992.22,19.0,murcia,vip,141.74571428571429
bd6e440a-ce4a-41d7-bea5-a5c599f4b077,7,863.05,49.0,barcelona,recurrente,123.29285714285713
bd6f92c6-3e2b-4aba-b84a-40c967a0451b,4,364.56,35.0,barcelona,recurrente,91.14
bd789c8d-1f8e-4496-89dc-3c87d3e8c803,10,1042.75,31.0,madrid,nuevo,104.275
bd7cae5a-5fc1-4443-a17d-a84d49a9ab54,6,550.17,43.0,vigo,recurrente,91.695
bd7f6990-cd46-4e55-98bc-015d6cbabc04,4,381.03999999999996,62.0,malaga,nuevo,95.25999999999999
bd82832c-5630-4807-9ba3-d20831b24463,5,625.81,61.0,madrid,nuevo,125.16199999999999
bd8809e9-9ceb-480a-b8ad-d6273a03d1e8,6,566.41,38.0,madrid,nuevo,94.40166666666666
bd89bdda-9625-4eb1-9ff7-be80dcadc55a,4,912.81,39.0,barcelona,nuevo,228.2025
bd8a1ed0-3012-4506-be99-32aa0958ce14,3,467.78,40.0,barcelona,nuevo,155.92666666666665
bd8a5f1a-f0a5-4891-b29a-a49bd8dd8938,8,964.8600000000001,50.0,vigo,corporativo,120.60750000000002
bdb3cb95-e526-4cba-9647-bc9849748049,6,509.98,53.0,valencia,corporativo,84.99666666666667
bdc43ca4-00eb-4068-aba2-e4f05a23f82a,7,718.9100000000001,32.0,sevilla,recurrente,102.70142857142858
bdccf0e6-8145-4b48-8e0e-757cd4ae7f39,7,467.39,40.0,zaragoza,recurrente,66.77
bdcfffcf-3c6c-465a-952f-7b4d6b435282,6,430.04999999999995,21.0,malaga,nuevo,71.675
be19df55-6cf8-4a56-9190-2980f4d8d7c9,2,228.46,30.0,malaga,recurrente,114.23
be1cc0f2-b0ad-4a3a-93a6-e2f9a298eae9,7,954.6809000000002,41.0,granada,corporativo,136.38298571428575
be1fdbee-d6c9-4d35-9b4b-312ecac6ad9a,4,218.41,53.0,zaragoza,nuevo,54.6025
be2a8696-8561-480f-9e0f-0b8cff5eb199,7,584.44,23.0,madrid,recurrente,83.49142857142859
be2f6b57-e006-41fc-b115-02dfba8d9921,7,862.87,52.0,barcelona,recurrente,123.26714285714286
be31133a-154a-4bb5-ab79-eb53bdfe959d,8,971.01,49.0,sevilla,nuevo,121.37625
be4cb370-47cf-4425-bdb1-153e1771e417,8,1089.41,50.0,granada,recurrente,136.17625
be4e7f2a-f2d8-4ddd-aa27-b79ba2615c0d,3,81.93,68.0,barcelona,nuevo,27.310000000000002
be58da57-e002-4756-8c75-44868d98d028,5,927.06,28.0,vigo,recurrente,185.41199999999998
be5ca3e3-5f58-4fa1-8fe1-26ed09733acb,6,516.14,57.0,madrid,recurrente,86.02333333333333
be5df147-49a4-4188-aca0-6b42d903207b,9,997.3,43.0,vigo,recurrente,110.8111111111111
be675888-0695-4b67-9137-e27f495d3648,6,1134.0,29.0,madrid,nuevo,189.0
be6dc0da-b02a-4bf7-b9ad-dbf6fb12887f,9,1131.46,45.0,granada,recurrente,125.71777777777778
be741ea3-0064-4072-b19a-d1e8385bee0a,10,1090.85,40.0,barcelona,nuevo,109.085
be8515b6-6927-43f6-8b07-de3349051da1,1,60.68,39.0,zaragoza,vip,60.68
be871ece-8fcb-4f20-add2-d63273820eb7,6,1143.11,58.0,zaragoza,recurrente,190.51833333333332
be8bbe5a-cf08-4b3d-81c7-b25d4a9e42a6,4,518.01,52.0,vigo,recurrente,129.5025
be9a7cc1-7889-4e41-ad1c-6386de7ff83e,7,376.72,41.0,granada,nuevo,53.81714285714286
be9c253b-f8b0-4e2e-9e6f-5a51996cd34b,5,771.79,40.0,murcia,nuevo,154.358
bebd86ab-f065-4fe5-96a3-9eabebe6899f,6,518.95,56.0,madrid,vip,86.49166666666667
bebe93e0-f766-4049-9adb-4a86dc7e3ff3,8,1089.0209000000002,20.0,murcia,nuevo,136.12761250000003
bec6c3f2-02dc-4acf-8146-fa556cc6dc77,5,525.13,28.0,bilbao,recurrente,105.026
becb6f12-9666-4670-81a1-249bf535ac9c,8,421.92,29.0,zaragoza,recurrente,52.74
bed92609-1efc-4b21-9a31-8dc6445b4cca,5,456.35999999999996,55.0,bilbao,nuevo,91.27199999999999
bee01800-697d-4993-8bba-77ff865a2332,6,726.98,45.0,granada,recurrente,121.16333333333334
bee7f0eb-e247-4aa2-b2bf-15d190f77387,5,849.0909000000001,42.0,bilbao,vip,169.81818000000004
beef274d-402b-4426-aa63-6368556456eb,11,1917.51,45.0,barcelona,corporativo,174.3190909090909
bef8fc32-feba-4382-a53f-61047ca44ded,7,689.57,48.0,malaga,nuevo,98.51
befe4a8c-8810-4004-a1b2-fdf511dff567,10,977.49,41.0,valencia,recurrente,97.749
bf0d9bac-850f-4d1b-989e-adc9ec04af31,3,426.21000000000004,52.0,malaga,recurrente,142.07000000000002
bf179f14-bc70-475c-b633-fb585db1bc67,4,606.62,36.0,murcia,nuevo,151.655
bf18f928-6e16-46d1-90f2-ab7755d1636e,5,581.1899999999999,42.0,valencia,nuevo,116.23799999999999
bf3662a6-2be9-456a-aa08-40476eaf11b4,7,517.35,34.0,barcelona,recurrente,73.90714285714286
bf3f87b7-7223-4ce8-8a94-fde5ea1bd795,6,514.3399999999999,44.0,zaragoza,corporativo,85.72333333333331
bf499c4a-9b53-4719-94a0-cd9c9b57fd2d,5,389.71999999999997,41.0,murcia,recurrente,77.94399999999999
bf4a81dd-5e97-4eae-bf8f-0218f520a134,9,1008.84,43.0,valencia,vip,112.09333333333333
bf4d4966-2ae6-4c46-8248-842f9db08f6c,6,491.51,23.0,barcelona,recurrente,81.91833333333334
bf5316bf-5c0f-4179-b747-e7916ac23f42,9,847.88,28.0,granada,recurrente,94.2088888888889
bf5e8e8f-7fa6-493c-8d5d-5bc6aeca848e,2,210.51999999999998,40.0,zaragoza,nuevo,105.25999999999999
bf6a3561-2825-4eb2-b255-658446aa932b,5,625.1899999999999,40.0,barcelona,nuevo,125.03799999999998
bf6a9ce9-b55a-4bdb-9bf2-5ad5aa35a023,7,1014.8709000000001,45.0,sevilla,vip,144.98155714285716
bf787f19-9a6e-416e-b6d0-9a69701fbb09,3,255.92000000000002,37.0,valencia,recurrente,85.30666666666667
bf8ddab6-2de5-4742-ab8a-2943a810c870,2,445.08000000000004,29.0,granada,recurrente,222.54000000000002
bf94ae38-52ee-4cf1-b686-a8d1ec6b58a8,6,634.59,18.0,valencia,corporativo,105.765
bf98e488-e6ec-4e66-8354-023d48506b24,4,146.54,43.0,sevilla,nuevo,36.635
bfa80aab-8954-487a-90af-e205013c9adc,7,709.35,51.0,zaragoza,corporativo,101.33571428571429
bfb96ca6-3210-4d9f-8faf-c5c66b0406db,4,382.24,26.0,malaga,vip,95.56
bfbbb845-ba24-428a-9d5a-380aaab2b052,2,233.39999999999998,40.0,murcia,nuevo,116.69999999999999
bfc0d371-cc5a-4564-854a-4a405e006bea,6,775.17,41.0,madrid,recurrente,129.195
bfc24556-4f37-42ed-8a0b-113661d20b14,9,658.55,26.0,madrid,recurrente,73.17222222222222
bfc338e0-7125-4a6c-ba9e-cc07bbf0ed47,6,675.89,31.0,granada,recurrente,112.64833333333333
bfc4e3cf-69bf-44fa-b0bd-7b119ad77f1a,9,616.15,39.0,valencia,recurrente,68.46111111111111
bfcf35e5-b6d3-437b-a34a-bbbf390a673e,4,345.45,62.0,malaga,recurrente,86.3625
bfe29994-9dfd-46e0-b4b5-aedf4e9b0055,6,717.51,53.0,vigo,nuevo,119.585
bfe4de80-8528-401b-9c49-40681f8f5728,6,455.96000000000004,31.0,sevilla,recurrente,75.99333333333334
bfe8fcd2-fc70-4511-92b7-eea32e011f11,6,554.52,25.0,barcelona,vip,92.42
bfea257b-f9eb-41c9-a85c-ea07e832d9e6,3,627.0899999999999,40.0,granada,vip,209.02999999999997
bfeac2a4-74ed-4abf-b0e7-3d7e96b59fdf,5,629.63,43.0,vigo,vip,125.926
bfeb5510-c048-4819-8faf-7cf32cf85dc1,5,375.21,56.0,valencia,nuevo,75.042
bff1aa4d-6e89-42e1-b26e-550ef00c3d0f,3,668.9709000000001,27.0,valencia,nuevo,222.99030000000005
bff73fbf-8b35-4c5a-aabb-4a8f494f5b7e,2,210.75,60.0,murcia,recurrente,105.375
bff85ac3-e051-4a6a-b019-3251f3e24f45,9,1261.26,36.0,zaragoza,nuevo,140.14
bff9fbe7-8464-4223-9ea5-0e134a159c9e,9,984.13,55.0,sevilla,nuevo,109.34777777777778
bffed9f5-e300-4550-b3cc-196a28ee3139,9,1817.8700000000001,30.0,bilbao,vip,201.98555555555558
c00612b1-64c1-4dc4-8ca5-e60d3360d49a,8,615.63,29.0,bilbao,recurrente,76.95375
c008b003-e576-4b7e-9997-de080200ecb3,6,579.76,32.0,sevilla,recurrente,96.62666666666667
c0120709-8e17-4035-8b32-dd1d30cf9336,7,492.23,32.0,malaga,recurrente,70.31857142857143
c01477b7-59ea-4874-aee6-d60fdfcb242a,6,516.94,18.0,vigo,recurrente,86.15666666666668
c01a8c09-3434-424a-a002-9be8ba80819e,10,822.23,36.0,zaragoza,corporativo,82.223
c020cccd-74c7-404b-9954-34a4493af87d,3,519.3,18.0,vigo,recurrente,173.1
c020e215-1bdc-47a8-acf5-3365208dd68a,3,766.45,27.0,bilbao,nuevo,255.48333333333335
c024c431-de52-42cf-a2b5-771c4cee3128,5,518.9300000000001,61.0,malaga,vip,103.78600000000002
c026f4f6-e4c5-42f1-84ec-42717a37a30f,9,834.01,40.0,sevilla,nuevo,92.66777777777777
c031b1c1-3d3a-4216-94d5-b100befea196,2,530.46,23.0,malaga,corporativo,265.23
c03238a0-3796-4220-9a2c-9c442ecbd828,6,667.12,54.0,valencia,recurrente,111.18666666666667
c0356dd2-000e-4669-bb89-89aaa6f4c1a2,3,504.31,32.0,malaga,corporativo,168.10333333333332
c03cbf16-6195-45d6-90ca-daf55303a31e,10,938.16,48.0,valencia,recurrente,93.816
c03e8b9a-e86f-476e-bdfb-d8be9f2c412b,11,1529.3500000000001,41.0,valencia,recurrente,139.03181818181818
c040546d-ceb5-46a0-9298-1e855c1fb423,4,368.63,18.0,malaga,nuevo,92.1575
c04a9e5c-d4c9-4b77-9c5a-da448fbf3e55,14,2082.86,52.0,barcelona,nuevo,148.7757142857143
c04f41e3-c716-4899-9c50-418a5c90acdf,5,480.73,59.0,bilbao,nuevo,96.146
c0507115-4214-4315-9672-41c2cfcd8438,9,765.73,76.0,bilbao,nuevo,85.08111111111111
c05f96a4-f671-40c7-a44d-38cdf2bb4537,9,1461.93,18.0,madrid,vip,162.43666666666667
c063b623-0549-4bfb-bbfb-0f174df0873e,8,845.33,48.0,barcelona,nuevo,105.66625
c06b6bfe-fd3f-4bcc-85f7-d617fd5f80d7,6,468.97,37.0,valencia,recurrente,78.16166666666668
c0721e3e-dac4-4f2a-8aaa-ada32a21f6cd,5,243.72,32.0,barcelona,nuevo,48.744
c0759c71-b7a4-4c2f-99e1-823379bae81b,8,830.15,34.0,bilbao,corporativo,103.76875
c07d3876-7076-4446-9370-48319816c21a,7,689.1800000000001,40.0,malaga,corporativo,98.45428571428572
c09120c7-b423-4c65-91fd-2a77bb8d3958,4,346.09000000000003,37.0,bilbao,nuevo,86.52250000000001
c09ef9c7-6e62-4c6b-88ea-3f6d21b84b17,2,72.48,39.0,murcia,recurrente,36.24
c0b471b1-73bb-488d-bfdb-ee08a1d6e777,4,348.53000000000003,41.0,sevilla,vip,87.13250000000001
c0b76f84-642d-4bb2-9956-de95efb91865,6,479.53,28.0,sevilla,recurrente,79.92166666666667
c0c10db0-ea86-45fb-be61-98e72f543aad,4,289.06,52.0,valencia,recurrente,72.265
c0c2017c-04a0-46eb-96a4-b755fcc06b26,5,363.65,49.0,granada,vip,72.72999999999999
c0c2517e-027f-48b1-972a-991f42c7e2e9,3,239.3,26.0,malaga,nuevo,79.76666666666667
c0e75f2c-3221-428e-b19c-6859be3231ca,5,649.2,33.0,vigo,nuevo,129.84
c0ea97fb-91ab-44d5-bf3f-f255ee5b5336,3,350.51,29.0,zaragoza,nuevo,116.83666666666666
c0fcd9a7-9975-4b3d-8eea-820f98f76521,3,336.14,40.0,sevilla,recurrente,112.04666666666667
c1083369-43c2-4c54-a652-2a121e7bb6ee,8,824.65,39.0,sevilla,recurrente,103.08125
c10bb3a6-7dc4-41ca-8af6-5d0a58dca6a5,9,713.5999999999999,57.0,vigo,recurrente,79.28888888888888
c114865b-4dad-43e6-bbbb-bbd5852201a4,7,520.68,43.0,murcia,nuevo,74.38285714285713
c11f579a-6506-4ac4-90ab-59a115a8ad7c,7,1010.24,22.0,vigo,nuevo,144.32
c13d1968-c2aa-486d-bc29-53a2bc37082e,11,823.73,18.0,barcelona,nuevo,74.88454545454546
c14a31a9-8914-46a6-962a-18d93a6e3551,7,406.43,54.0,madrid,nuevo,58.06142857142857
c154304d-709e-4542-9295-63077059e776,10,727.77,49.0,granada,vip,72.777
c1584be0-94f7-4e5b-b293-eacfe44df54d,4,580.11,36.0,madrid,recurrente,145.0275
c15c513d-fced-4472-96ec-2bd3fd8ae989,5,563.84,37.0,sevilla,nuevo,112.768
c15f1a8c-1abe-4fbd-8fe9-2decc5859303,8,344.33000000000004,48.0,barcelona,vip,43.041250000000005
c15f84fc-4283-498b-99c5-31764f5a5603,4,485.7,50.0,bilbao,nuevo,121.425
c17d4532-a37d-4153-8b96-221f0a46203d,11,960.05,40.0,murcia,nuevo,87.27727272727272
c17e4f58-c7bd-482f-a062-7249199bed92,7,668.38,34.0,malaga,corporativo,95.48285714285714
c195b455-67e7-4110-9112-cff5417d2c15,8,871.71,67.0,sevilla,recurrente,108.96375
c1981bc3-be33-4d68-810d-f787f8248fbb,7,601.3100000000001,51.0,bilbao,nuevo,85.90142857142858
c19acebf-e8ec-4509-bf19-5f5f6acc6461,3,311.41999999999996,35.0,valencia,vip,103.80666666666666
c1a898b1-45c4-4ebb-9016-4e10ec3dc7ea,10,919.73,55.0,zaragoza,nuevo,91.973
c1aa09cd-0372-436d-957e-c74ccd56c995,5,386.62,45.0,vigo,nuevo,77.324
c1b87e28-22bc-47b3-9bdf-c8b0d6f718ed,7,457.09000000000003,45.0,bilbao,nuevo,65.29857142857144
c1d5d987-b8e2-4fee-928b-c60f82c6cbde,6,965.43,33.0,barcelona,nuevo,160.905
c1d697aa-9d16-45ae-a90d-ca143af814c9,8,710.68,48.0,madrid,corporativo,88.835
c1da0ca8-13cb-4671-aa1d-5e4d0654f104,4,765.1800000000001,47.0,bilbao,corporativo,191.29500000000002
c1dda281-1f5f-4796-9446-1e999b3415a2,6,444.29999999999995,22.0,sevilla,recurrente,74.05
c1e63342-7cb5-40aa-9401-177775d0af7e,4,593.75,60.0,valencia,recurrente,148.4375
c1e63590-c628-4652-a78e-8449f2425daf,7,1443.26,56.0,malaga,corporativo,206.18
c1f79b5a-ab8b-4b7c-94cd-17ab0cbdb400,6,829.89,60.0,malaga,recurrente,138.315
c2045f24-5a55-4e89-9bd3-d00f154f8324,6,345.42,42.0,malaga,nuevo,57.57
c207d378-3182-47f2-8c39-b11ec35db86c,6,459.78999999999996,57.0,vigo,nuevo,76.63166666666666
c2217417-b909-4614-9eba-407fb25257c7,3,454.17999999999995,48.0,sevilla,recurrente,151.39333333333332
c222b294-cba3-47c7-b59a-f484b0875865,2,203.79,40.0,bilbao,nuevo,101.895
c2276010-800b-4de4-b156-cb269f5811c9,7,864.01,21.0,madrid,recurrente,123.42999999999999
c2284cd8-31c9-4c77-bed3-9da3b226a105,7,760.64,49.0,madrid,vip,108.66285714285713
c2335041-9dd2-4438-afbc-368d4fe386a9,5,616.23,22.0,bilbao,recurrente,123.24600000000001
c2371d55-8bfe-40a2-bbb6-844e06a1abf0,7,742.46,60.0,vigo,corporativo,106.0657142857143
c237d0be-f4a9-4fca-9b4e-6a61fb7e0b3e,11,1227.73,40.0,zaragoza,vip,111.61181818181818
c23f97f3-08c8-4c1b-a62f-eecd91c07600,6,764.55,48.0,malaga,vip,127.425
c242e275-8b95-46c0-8b51-51d43104baa0,5,545.16,22.0,bilbao,nuevo,109.032
c2449d05-a9b8-4d27-927b-6c64c1b2fc18,2,124.4,39.0,madrid,vip,62.2
c25075ce-421d-403f-aebc-c1659dd810fb,8,704.22,23.0,valencia,nuevo,88.0275
c25c2b17-2e86-4234-b661-6b9744cbe159,5,592.72,40.0,malaga,corporativo,118.54400000000001
c2633b13-fcc5-4c13-9c96-184281240155,7,638.2,45.0,granada,nuevo,91.17142857142858
c273bbfa-d9e8-42c9-974d-c9295b3372b3,8,824.61,25.0,bilbao,corporativo,103.07625
c27add1a-6430-4f07-b874-d4e6ffd5ad26,10,1466.84,42.0,valencia,recurrente,146.684
c28260f1-b4dd-40d2-80ee-26b49cd7d6e2,5,485.83000000000004,31.0,bilbao,vip,97.16600000000001
c290f917-9dca-46cd-83b7-a0e62c669eba,4,176.42,28.0,valencia,recurrente,44.105
c293e8ee-1972-4739-b004-63b03120f631,4,801.08,48.0,vigo,recurrente,200.27
c29fcd8b-bc68-4853-b104-eb117a966b7d,4,849.79,40.0,bilbao,nuevo,212.4475
c2a510e4-43d5-4427-a7f9-e1751303c015,7,620.49,46.0,valencia,recurrente,88.64142857142858
c2a75ec8-d873-4fc1-8a73-5d608ca739b6,7,527.64,40.0,murcia,corporativo,75.37714285714286
c2a985fe-d250-42d5-9c4c-b50ac3bd8323,5,429.07,55.0,zaragoza,recurrente,85.814
c2ac2602-b31f-4c6c-813f-395d4f3d3a0b,5,618.78,46.0,granada,nuevo,123.756
c2b863e5-2af1-43e6-a2a2-fe89489b22da,5,579.0999999999999,55.0,zaragoza,nuevo,115.81999999999998
c2b8cb21-f195-4c53-aefc-e7badccaacac,2,234.15999999999997,46.0,malaga,recurrente,117.07999999999998
c2cb8a1f-5039-4b05-87ae-12375d8e40c5,6,408.03999999999996,43.0,vigo,nuevo,68.00666666666666
c2d35924-536b-4795-8afe-cb0e3f808c9c,6,730.3399999999999,46.0,bilbao,vip,121.72333333333331
c2d85097-c97d-4743-8a8c-aacb4d133864,6,601.82,25.0,barcelona,corporativo,100.30333333333334
c2e9eaeb-9fc1-4efe-8d9a-5f46994dc55a,7,697.9799999999999,42.0,murcia,vip,99.71142857142856
c2fc353d-15cf-420c-90bc-88aa5b7eb934,8,1247.8809,34.0,valencia,nuevo,155.9851125
c308f171-080f-4945-8462-8d1574a66b3d,4,370.75,21.0,zaragoza,nuevo,92.6875
c309e2bc-65d6-4331-ae32-68e70c6f9265,5,369.43,55.0,valencia,recurrente,73.886
c31a856c-2480-492d-b2ac-f0e8fdfdad8c,8,594.98,32.0,bilbao,nuevo,74.3725
c322d365-5688-4860-910e-e1a0e2a9821b,5,522.86,41.0,granada,recurrente,104.572
c32a5f16-0607-453f-a510-0c1870c81933,7,634.45,36.0,malaga,nuevo,90.63571428571429
c3403ec4-4b7a-438f-aa1a-223a6e6790cd,7,716.41,38.0,zaragoza,recurrente,102.3442857142857
c345d10d-d9bd-45b6-9885-7fe8300f9e5a,4,629.38,57.0,bilbao,recurrente,157.345
c3491ade-7b25-414d-a0c8-9fa0dfddc32c,4,346.87,64.0,barcelona,vip,86.7175
c353a4d9-3ad9-41f1-a17d-10f2f062edb6,11,1268.75,31.0,zaragoza,vip,115.3409090909091
c35701bb-3990-4f5a-8e9d-3926b1874a26,10,686.99,49.0,madrid,vip,68.699
c367e1b1-5999-4f71-a4ec-2ee152ce5d45,5,496.17,59.0,sevilla,recurrente,99.23400000000001
c37099da-e881-4861-98a6-942b5c5f9765,2,21.58,68.0,madrid,recurrente,10.79
c374c898-4a3f-4bd8-ab15-0a104c740d6a,7,595.0500000000001,43.0,bilbao,nuevo,85.00714285714287
c375f377-94f3-4991-9a25-c07899492079,11,1037.15,42.0,barcelona,recurrente,94.28636363636365
c37ed687-5300-45fb-8755-bdf2e0dd0066,1,106.0,29.0,malaga,recurrente,106.0
c3a13119-2eed-47cb-aa96-adb2ec18dbfa,6,467.31999999999994,43.0,zaragoza,vip,77.88666666666666
c3a7239b-70f2-4897-9540-5ca3e00f61a6,8,949.57,53.0,madrid,recurrente,118.69625
c3b18cef-644e-45e5-844a-d5c7360710d0,8,558.05,18.0,malaga,vip,69.75625
c3baabb1-0963-40d4-af16-f732d7d73e17,9,894.5009000000002,26.0,sevilla,vip,99.38898888888892
c3bcc33d-459b-426b-89ea-f8f69c57bff7,8,1227.65,43.0,malaga,recurrente,153.45625
c3bf454a-8aab-4eb5-8984-0853103d152f,2,544.5699999999999,50.0,vigo,recurrente,272.28499999999997
c3d286d4-00ed-490e-a227-191e5131db14,5,610.78,32.0,barcelona,recurrente,122.15599999999999
c3d88dd5-8326-4a3f-bf57-4fc6f97d9d76,5,366.56,50.0,madrid,recurrente,73.312
c3f24273-6e2a-4841-b35a-361def1e1004,4,442.99,40.0,bilbao,recurrente,110.7475
c3f56800-4729-4d3f-89b4-9ef1b8015869,8,795.11,39.0,granada,recurrente,99.38875
c3f991b4-9f88-4377-ba89-ef8006111467,5,250.31,34.0,granada,nuevo,50.062
c405cf6d-30ab-4dfe-8e8a-ef8b3ceea697,7,517.89,19.0,granada,recurrente,73.98428571428572
c4082713-62aa-459a-a8ae-ae75ca2f228e,7,601.46,42.0,murcia,nuevo,85.92285714285715
c41d4040-b037-4741-a92c-6cb67fbbd7e0,3,264.53999999999996,48.0,granada,nuevo,88.17999999999999
c42535d3-80c4-4796-8c49-bf0be859b907,8,1029.9,26.0,sevilla,recurrente,128.7375
c44046d8-8499-4d98-b9b6-d206c1594235,5,420.59999999999997,37.0,bilbao,recurrente,84.11999999999999
c444e9fd-098d-421f-8baf-6576f6de821b,4,763.12,48.0,granada,recurrente,190.78
c44e03ba-e7f7-4f8d-9095-6c2f5c35558d,4,396.65999999999997,27.0,valencia,nuevo,99.16499999999999
c451857a-6415-4438-b950-71a574330217,9,630.3199999999999,22.0,murcia,recurrente,70.03555555555555
c451a7db-61ee-433c-bd96-35c0e52187f1,10,756.6800000000001,29.0,vigo,vip,75.668
c454084c-4e10-43f6-81e0-b9a21d79872c,5,397.77,38.0,malaga,recurrente,79.554
c456fe9f-6b68-44e9-a472-64d06f9beed5,11,1202.1000000000001,30.0,vigo,vip,109.2818181818182
c4640b6d-54ed-49da-9806-5dbe65685617,3,303.67999999999995,28.0,bilbao,nuevo,101.22666666666665
c466cf26-769b-4ff2-8410-e76a77e0152c,7,800.9200000000001,52.0,barcelona,nuevo,114.41714285714286
c46d6520-0a52-4312-be70-920f1af119fa,10,733.05,34.0,malaga,recurrente,73.30499999999999
c4775745-988a-435a-a817-acb9b239c709,4,241.47,33.0,barcelona,recurrente,60.3675
c4787908-a367-4407-8486-45a912ccceb2,8,1421.93,61.0,madrid,corporativo,177.74125
c47c7bfa-1e3d-45b4-8a31-6ccb31690907,6,1088.2909000000002,50.0,bilbao,recurrente,181.3818166666667
c48f59b6-7579-41fe-8467-833dc7d0ed80,7,1273.6309,25.0,sevilla,nuevo,181.94727142857144
c4936618-fc4b-4ee5-bf70-d72c2e73c9ad,8,682.3399999999999,54.0,zaragoza,corporativo,85.29249999999999
c4957919-1f6f-4093-9ae1-3123a1ca35d3,3,391.45,50.0,bilbao,recurrente,130.48333333333332
c4966c48-2f5a-4109-92b6-f8209cd172cf,12,912.36,46.0,malaga,recurrente,76.03
c4ab05e5-d80a-4d17-8884-ab6b7a6515c9,7,519.65,24.0,malaga,recurrente,74.23571428571428
c4b932f2-0941-41de-b1c1-f052613ef5d0,4,203.53,48.0,vigo,nuevo,50.8825
c4b9812e-cf9e-4e10-a6cc-2ca3eb2cb6f9,10,1402.7309000000002,40.0,bilbao,nuevo,140.27309000000002
c4c9a80f-e472-457f-9890-c270b73e8d5e,7,751.3909000000002,52.0,zaragoza,nuevo,107.34155714285717
c4d5d196-a3e3-4f3c-8992-a86abb61927d,3,134.57,18.0,zaragoza,recurrente,44.85666666666666
c4d88804-b777-4104-ae99-dd3f0deced7d,7,535.36,44.0,malaga,nuevo,76.48
c4d9cc4f-b255-4c6f-8c2f-4ea5604835c9,3,118.55000000000001,43.0,granada,recurrente,39.51666666666667
c4de955b-f6fb-4373-92fa-1147a66d9773,3,203.56,28.0,vigo,recurrente,67.85333333333334
c4e747f3-3c7a-4d7f-8068-d0dbbe48e3c6,6,767.8299999999999,18.0,valencia,nuevo,127.97166666666665
c4f9f365-32b0-4264-aa07-6c2d3f7a56cf,6,758.34,57.0,barcelona,nuevo,126.39
c5031123-be53-4ed4-a8a3-f6807d336fea,10,856.44,70.0,malaga,nuevo,85.644
c511701d-c75a-4d0d-afda-3f4cd4bf8ec2,6,876.2609000000002,54.0,malaga,nuevo,146.04348333333337
c51f0eab-c466-4392-903f-d6eff0cd2d55,8,478.46000000000004,47.0,valencia,nuevo,59.807500000000005
c51fe5ba-ab92-4ac3-8bc3-c75369448356,8,843.07,27.0,sevilla,nuevo,105.38375
c5264a0b-9542-4e7b-9514-9a882784c5ac,2,130.22,40.0,zaragoza,recurrente,65.11
c526a40a-8f72-41d2-943f-2d769b605686,3,210.14000000000001,50.0,vigo,nuevo,70.04666666666667
c5277301-6790-4ebf-abbd-65c0e73e7090,9,1322.51,43.0,valencia,recurrente,146.94555555555556
c53129fd-2792-4413-a3c6-62086be407c2,7,701.21,20.0,sevilla,corporativo,100.17285714285715
c54296c1-d3d9-46ef-aa6c-5168a236f564,9,970.19,44.0,vigo,vip,107.7988888888889
c544d741-6611-471b-8d90-baed2fc4c931,8,844.4499999999999,45.0,madrid,nuevo,105.55624999999999
c5468eaa-f524-4eaa-b33f-72974d7bbd05,11,1796.5609000000002,40.0,zaragoza,nuevo,163.3237181818182
c54cf620-c19c-4685-9949-8eca08be7b37,7,571.46,28.0,vigo,vip,81.63714285714286
c54f6773-8977-42a6-bd70-1951377d815b,3,120.15,30.0,sevilla,vip,40.050000000000004
c55064a6-40e1-42e3-aa2f-134b9da1bee7,8,1480.8309000000002,46.0,valencia,recurrente,185.10386250000002
c56299ad-9c2c-4072-bb74-17389891a7b9,6,315.23,20.0,sevilla,nuevo,52.538333333333334
c567a532-906a-4692-ba13-69e4d36955ad,4,201.34,21.0,bilbao,vip,50.335
c572c162-6df8-4db0-9367-fcbc7256c1c8,9,758.01,43.0,barcelona,recurrente,84.22333333333333
c57d84b0-f123-4277-a14e-21f3d7820b24,5,566.87,18.0,vigo,vip,113.374
c5abb95b-1027-4935-a7de-06f4736fc851,5,249.47,47.0,granada,vip,49.894
c5ad1860-5339-4bf2-b516-ee03549b7bd0,10,1243.33,32.0,vigo,nuevo,124.333
c5b680a2-d07c-47e8-9b5d-d78caa5f5467,5,408.31,62.0,valencia,recurrente,81.662
c5b87809-f4ef-4e77-b7b7-178a096676e1,4,268.07,48.0,vigo,recurrente,67.0175
c5bdabff-3ff9-48e6-b18e-2336ca813f4e,6,464.37,34.0,sevilla,recurrente,77.395
c5d62b7c-c526-4d7d-9ee6-35e25019938e,8,1108.2509000000002,61.0,granada,nuevo,138.53136250000003
c5d8b500-c5be-4880-a8b9-a4183df93505,6,560.1899999999999,66.0,malaga,corporativo,93.365
c5d90e6e-4879-4e0a-b6de-0d670e75fb93,8,1056.6999999999998,30.0,murcia,nuevo,132.08749999999998
c5d97c41-1b53-4fd3-8aab-d71696e11e68,10,1046.31,25.0,malaga,nuevo,104.631
c5f51d7e-1509-4b0b-bbcd-a8bb8af7c950,4,399.16999999999996,49.0,granada,recurrente,99.79249999999999
c5f935a7-d70f-4fcc-82fb-64e14161405b,10,1267.13,59.0,madrid,recurrente,126.71300000000001
c5fd26a4-ebdd-4525-8006-b6788b3a7e3e,8,692.15,40.0,barcelona,recurrente,86.51875
c6012ac9-6e3e-4875-8564-a0dfff80cf7e,10,1303.71,40.0,valencia,nuevo,130.371
c6027a12-747e-4c48-93e0-754c0571776c,8,979.47,49.0,vigo,vip,122.43375
c6056934-9c21-4698-8782-dc20a1a27ef1,8,644.1800000000001,61.0,malaga,nuevo,80.52250000000001
c608bcfb-f09b-4e00-a085-dc0960c58203,7,571.34,26.0,valencia,recurrente,81.62
c6097314-e19d-4028-a741-2aeb0e29c7e5,9,852.1,46.0,zaragoza,recurrente,94.67777777777778
c60ae92b-73e5-4e3c-9cb5-37eb55961efd,11,2311.4809,51.0,malaga,vip,210.13462727272727
c60aec65-272c-4956-a24d-b9ecb0116b6a,8,981.78,30.0,bilbao,recurrente,122.7225
c611c03a-9de5-4604-9971-0241d0375670,5,592.07,46.0,barcelona,nuevo,118.41400000000002
c61226ca-1a06-42cf-8585-bb0677a98d79,5,393.14,66.0,barcelona,recurrente,78.628
c6264fce-7f76-477f-aade-b3d086961a3b,12,1285.26,36.0,zaragoza,nuevo,107.105
c6279cac-bb9c-452a-a068-87a03207e609,10,1233.3600000000001,18.0,murcia,recurrente,123.33600000000001
c631fc21-cdb6-4f42-9d33-3a0acd3df2fa,8,753.31,52.0,bilbao,nuevo,94.16375
c6342330-d193-4234-91b6-377b51ad489d,8,1362.6009000000001,18.0,vigo,recurrente,170.32511250000002
c63b848b-8e87-479b-9cb3-8544934049b3,5,635.31,31.0,valencia,nuevo,127.06199999999998
c65578f5-e1f2-47e2-b4bf-e9c2f90df91f,3,355.93,43.0,granada,nuevo,118.64333333333333
c65a02d6-5cf0-46a9-b343-723306a0afeb,5,433.5,53.0,barcelona,nuevo,86.7
c6603b1a-56f6-43d6-a344-32517718d357,8,728.4200000000001,59.0,murcia,nuevo,91.05250000000001
c66d1176-9d9d-45f8-b3fc-82446b879fe6,8,1039.0,30.0,valencia,nuevo,129.875
c66f8204-e07e-43f3-8a89-b9b90302e53c,5,677.38,31.0,granada,vip,135.476
c6893bfa-7bee-4809-81c6-fd06b6b95c4d,7,603.4200000000001,57.0,granada,vip,86.20285714285716
c68bb0fe-4f12-4852-94fa-274286769f83,12,1130.33,29.0,bilbao,nuevo,94.19416666666666
c68c3d56-4196-47d8-9a4f-c3a4120a9be6,7,330.38,42.0,barcelona,recurrente,47.19714285714286
c691c004-e1f5-439e-a5a9-818ede7d8608,7,846.39,18.0,valencia,recurrente,120.91285714285713
c6943cf7-9460-43cf-b05d-3dad74769992,5,360.40999999999997,40.0,malaga,recurrente,72.082
c695d2cf-d4cc-40b4-be5b-bf75596dcc94,9,1157.33,44.0,bilbao,nuevo,128.5922222222222
c6a6a7b6-1f50-4f2e-9bbf-20fba1631b18,3,855.6109000000001,21.0,vigo,vip,285.20363333333336
c6a77681-a467-4572-ba2c-74a0f3cb1429,6,1048.6100000000001,43.0,granada,recurrente,174.76833333333335
c6a8ad70-dc58-4bf7-860c-2da3b9f90330,11,1287.22,23.0,valencia,nuevo,117.02
c6be15d2-6860-4b9e-9af2-a72027a68475,8,864.1,39.0,bilbao,vip,108.0125
c6c875b2-d52e-4051-ad80-96f5ccfe3acb,6,390.54999999999995,30.0,granada,vip,65.09166666666665
c6d8203e-87d9-44f1-a5b6-6ed67ab8468b,8,601.74,55.0,madrid,nuevo,75.2175
c6e81b8c-43c3-4211-8a6b-1751d314001a,3,778.9309000000002,36.0,murcia,nuevo,259.6436333333334
c6f51fc9-118e-4524-a433-d21e7a647f8b,7,385.1,40.0,zaragoza,recurrente,55.01428571428572
c7024529-1c08-4af5-b29b-f9c4a0aee609,5,497.44,46.0,murcia,recurrente,99.488
c70b5c64-4183-4428-8c4f-b4110fe52019,9,870.88,25.0,vigo,vip,96.76444444444445
c70e0824-cc32-4976-91d1-bf1a336a0128,2,58.84,18.0,vigo,vip,29.42
c716b730-61f2-4832-bfa1-79c5482f83f2,5,370.36,43.0,sevilla,recurrente,74.072
c71c48e4-dc34-412a-a262-8193d9685588,6,832.7009000000002,30.0,bilbao,nuevo,138.78348333333335
c71d9494-e5ad-4146-b500-207e8d7f4c6d,7,406.03,39.0,madrid,nuevo,58.00428571428571
c71f6fbd-ce3f-4a3e-aa7e-b95e202ba373,5,569.81,39.0,valencia,vip,113.96199999999999
c7283a49-236e-445c-9069-670da6c2366a,7,702.98,18.0,vigo,vip,100.42571428571429
c72caf45-0686-4c2f-adba-7326768965e0,10,1024.1709,59.0,barcelona,nuevo,102.41709
c731003c-0824-45d3-97ce-56b59ba768cc,3,234.64999999999998,50.0,madrid,nuevo,78.21666666666665
c73430ca-77df-4239-8515-8c9802a50800,7,398.6,37.0,barcelona,corporativo,56.94285714285714
c737573f-54c1-499f-a773-7439955bd462,3,377.16999999999996,43.0,sevilla,corporativo,125.72333333333331
c7415e61-ea0d-4227-9232-c27acad0d901,5,516.71,53.0,valencia,nuevo,103.34200000000001
c7429133-dab0-466a-aee3-a0e7e035bd26,4,215.68,40.0,valencia,recurrente,53.92
c7469277-a6fc-4074-b7b0-588ec4de1e82,8,840.37,43.0,malaga,nuevo,105.04625
c754765a-ae03-426d-b0a4-ec75253c902f,4,253.78,34.0,barcelona,recurrente,63.445
c75b9bd0-9fdb-414c-907b-b811a9c86b74,9,1086.34,31.0,valencia,nuevo,120.70444444444443
c76e2c56-9c9a-4c11-a1f1-978a5e592280,4,333.62,59.0,valencia,recurrente,83.405
c773ca00-2e2c-46c8-97e7-d1ab8b1a098a,4,327.64000000000004,32.0,malaga,recurrente,81.91000000000001
c77c144d-39ed-4fbc-b11c-07d577ff9008,7,928.0609000000002,18.0,murcia,nuevo,132.5801285714286
c7813359-752b-422b-a1ac-a995292b5420,3,491.02,48.0,madrid,recurrente,163.67333333333332
c7814e95-cbaa-4b3f-902d-43bbd09c7b84,3,490.57,58.0,murcia,nuevo,163.52333333333334
c782a397-e4d6-42e2-ac96-21356186857b,8,1114.1399999999999,51.0,murcia,nuevo,139.26749999999998
c786a5cf-1302-41e1-a38b-fdfee54a7354,5,602.03,22.0,granada,vip,120.40599999999999
c788b0a2-15fc-4e7a-8294-080d11270628,5,348.57000000000005,51.0,sevilla,recurrente,69.71400000000001
c78ad248-1045-4f3e-ac79-af59017cd043,3,148.72,23.0,malaga,recurrente,49.57333333333333
c78ef264-d0a6-4b22-9564-53515815eeac,7,733.5,18.0,madrid,vip,104.78571428571429
c792bc9c-4c66-439e-9eb2-a8d5e8d1befd,7,1021.99,30.0,zaragoza,recurrente,145.99857142857144
c79cb21b-88a9-4cec-a7b4-be6bbf4b07ce,12,1383.21,35.0,vigo,recurrente,115.2675
c7af4c33-e0bb-4357-86be-dcad8cdbc31d,4,275.16,66.0,madrid,corporativo,68.79
c7b09d24-90f0-42f5-87b3-a7f133f44a9f,5,502.78,34.0,barcelona,nuevo,100.556
c7b5a31a-02a4-4c7b-8411-957c44af503a,7,874.82,35.0,granada,recurrente,124.97428571428573
c7c184f4-8aa3-4202-9e93-6d5e9c142a5f,7,432.95,26.0,sevilla,nuevo,61.85
c7d2c0d3-291b-43dd-a7cd-8f2e6c32227c,2,275.14,32.0,bilbao,corporativo,137.57
c7d8a770-0eaa-42de-9eae-e1ef1af879f1,8,776.28,40.0,murcia,recurrente,97.035
c7da4ed7-0ef1-44c1-b90a-ce906e37133a,3,387.11,34.0,zaragoza,nuevo,129.03666666666666
c7da5157-e058-44c0-a50f-a821419bfd23,3,140.20999999999998,44.0,malaga,nuevo,46.73666666666666
c7e05a03-4036-431c-bef3-e8bb7cd1f4a2,9,1128.32,34.0,sevilla,nuevo,125.36888888888888
c7e2ab0c-bce5-433b-85ad-ee95ea416baa,6,518.65,35.0,vigo,nuevo,86.44166666666666
c7fadf74-4a7b-4213-a0a2-88e4da7b79f3,6,474.91,48.0,malaga,vip,79.15166666666667
c7fcc5b5-5441-4101-aa17-69972926a3d0,6,396.6,51.0,bilbao,nuevo,66.10000000000001
c8044bff-9331-4ec2-8c44-c937199c2f5f,6,725.23,60.0,malaga,corporativo,120.87166666666667
c806511b-f60e-45fe-ad7d-39b6453ba9b8,8,1010.25,45.0,murcia,vip,126.28125
c80f90e2-b03c-42ce-a56d-d07ef2db7210,3,141.58,40.0,malaga,nuevo,47.193333333333335
c81f7a3a-8e04-4b50-a9e4-a900bc5b051a,5,331.82,33.0,murcia,recurrente,66.364
c82941bf-217d-4900-8550-cde00418aea6,5,521.13,40.0,granada,recurrente,104.226
c82d386d-4153-4f2e-9077-0f77bfc60d4b,6,744.92,67.0,valencia,corporativo,124.15333333333332
c82fd49a-78b5-44fa-935c-2b7b8718f254,7,536.1,39.0,malaga,nuevo,76.58571428571429
c836d90a-a13e-4ae1-aa75-cf04d6a2e013,5,405.42,38.0,madrid,vip,81.084
c84edfe3-c8a8-41c2-a2b1-508f87f6df4f,10,688.24,63.0,madrid,recurrente,68.824
c85b90e2-9315-47d2-a23f-90886aba96dc,7,719.4200000000001,22.0,murcia,nuevo,102.77428571428572
c8729214-cf40-46d9-8b6e-fd0870e78336,9,673.37,47.0,sevilla,nuevo,74.81888888888889
c8770e7c-e232-4a00-804e-998c5324b821,7,575.26,56.0,bilbao,corporativo,82.17999999999999
c8801413-1ac7-4110-b8e5-d83f3f32a1c9,7,1377.8109000000002,22.0,zaragoza,recurrente,196.8301285714286
c883b042-9c6a-4e26-826a-697ad2f21755,6,1080.02,57.0,vigo,nuevo,180.00333333333333
c889d632-33f5-4d45-a930-127fa2ad57a5,11,1040.05,49.0,bilbao,nuevo,94.55
c8900a37-ee05-44fe-bdb8-b08919d6b2ef,10,749.83,26.0,vigo,vip,74.983
c8967a83-dd82-4eb8-9370-e0fc335a9d44,2,102.44999999999999,38.0,valencia,recurrente,51.224999999999994
c89e53f4-b06f-4820-bfa8-e0c3ac6c4e46,7,1144.7909000000002,38.0,murcia,recurrente,163.54155714285716
c8a0188d-39e3-4d19-9cd3-06d9a592cb85,4,460.95,31.0,valencia,nuevo,115.2375
c8a7fa6f-c2e7-4663-a43b-9e6cf81d1b1a,11,853.73,34.0,malaga,recurrente,77.61181818181818
c8b3420e-54d7-4cd5-898b-ef2c7e546e8a,6,562.59,24.0,vigo,vip,93.765
c8c9495b-191d-4212-9f13-194f0d7dec93,3,478.33,53.0,murcia,corporativo,159.44333333333333
c8e65da6-65e4-4f36-a61f-8fb93471e3ee,6,727.41,40.0,murcia,vip,121.235
c8ea5a6e-dd6e-498f-a472-c8a17fea30a1,8,969.89,42.0,sevilla,nuevo,121.23625
c8f512d2-4405-45b2-9eea-7a846b967e9b,11,1770.3909,33.0,valencia,recurrente,160.94462727272727
c8f762ad-7ce7-467a-a336-cc9e90dd4299,6,890.5109000000001,41.0,bilbao,vip,148.41848333333334
c8f856af-47ca-4536-853d-38823e1440d4,6,502.09000000000003,25.0,barcelona,nuevo,83.68166666666667
c903f010-e762-47a9-9ef3-a945c6d49e3a,7,1156.4609,41.0,murcia,nuevo,165.2087
c923e80f-8fef-4bc6-8237-7fb480dfb87d,9,1218.2609000000002,27.0,valencia,nuevo,135.36232222222225
c933a5b0-430b-402f-8260-4e202c1339b0,8,952.33,44.0,barcelona,vip,119.04125
c943d69a-b3eb-4d79-94ba-f020706fd05f,6,537.2,29.0,bilbao,vip,89.53333333333335
c9585b97-ac8b-4413-bcb7-09fed703bbbc,5,624.24,38.0,malaga,recurrente,124.848
c958d2ae-bcb0-4d5d-9ed3-176543d46213,7,662.3100000000001,49.0,bilbao,nuevo,94.61571428571429
c96032d7-48d5-4977-b785-8c45a5b314b3,7,858.12,20.0,granada,nuevo,122.58857142857143
c962c7b5-6d3a-4a7f-a30b-be3b26ea8fab,9,743.89,44.0,murcia,vip,82.65444444444444
c984d111-5585-47e1-97c5-f62dbec5d6cb,12,1568.77,39.0,madrid,recurrente,130.73083333333332
c9998cf1-78b3-4b0d-9a6d-a2236890c330,5,230.24,44.0,vigo,vip,46.048
c9b50ebf-e3f4-43cd-a121-e1372df09dfe,14,927.32,39.0,sevilla,nuevo,66.23714285714286
c9b55826-0feb-4b05-ab97-df9ff0494a2e,3,343.20000000000005,34.0,vigo,nuevo,114.40000000000002
c9b6b8c1-066f-4edc-8935-b9bee1c6e321,8,680.47,54.0,murcia,recurrente,85.05875
c9bec3d9-fa42-4eca-a064-7e0801a0d5ed,6,723.96,62.0,bilbao,vip,120.66000000000001
c9d2e1a1-e5c8-43b8-877a-efff61522066,6,552.95,26.0,valencia,nuevo,92.15833333333335
c9d34450-eae1-4d29-ae94-eb2f580be996,9,1002.4300000000001,40.0,valencia,vip,111.38111111111112
c9d7f0db-f85c-442d-b592-13b6ab959f43,9,432.28,39.0,madrid,nuevo,48.03111111111111
c9dcf812-a669-4afa-8d16-577f944f1108,8,986.68,40.0,granada,nuevo,123.335
c9f08fb5-259a-4dd9-9b53-071c310f2cd1,4,174.92000000000002,52.0,barcelona,vip,43.730000000000004
c9f409ee-e252-43e3-8c8f-3d2b07c2824d,4,372.72999999999996,26.0,murcia,recurrente,93.18249999999999
ca12ff94-3422-4c12-be5e-d982ffb45c4b,6,300.05,41.0,granada,nuevo,50.00833333333333
ca1eabdf-eb61-4a22-8c65-16d709eb3937,8,1030.92,55.0,granada,vip,128.865
ca28d6a9-74c7-40e3-a80d-d337cef058b6,9,443.75,38.0,malaga,nuevo,49.30555555555556
ca368595-552e-49a3-8b9b-fced4a392ed1,4,670.22,65.0,valencia,nuevo,167.555
ca36bf29-addb-45cf-874d-6f4cadb85a88,10,1081.85,64.0,madrid,nuevo,108.18499999999999
ca3e516a-b94c-436e-a309-ae589a217f7b,4,228.5,53.0,barcelona,recurrente,57.125
ca542c3b-f875-42ac-ad4f-67d72c841486,5,405.07,39.0,bilbao,nuevo,81.014
ca60d722-61ce-403a-9af1-1d01a44c15a2,5,571.71,18.0,sevilla,recurrente,114.34200000000001
ca62375f-b74b-4f20-8f65-f3d1df6fc7f4,4,162.14000000000001,40.0,valencia,recurrente,40.535000000000004
ca65a5e5-167a-4cc4-8566-281a169918b3,5,421.28999999999996,40.0,zaragoza,nuevo,84.258
ca67689d-d86a-4373-a0a9-552c9360a906,6,626.0,36.0,malaga,nuevo,104.33333333333333
ca6f2ac8-1a95-422c-8733-73383bb0b8db,6,847.27,44.0,malaga,recurrente,141.21166666666667
ca6f689b-4d96-423d-b138-719286d4ef8f,9,884.45,59.0,bilbao,recurrente,98.27222222222223
ca8ae1cb-f575-4ce3-a4c6-31619b892524,5,198.32,33.0,vigo,recurrente,39.664
ca8b1251-92c2-4960-aedb-e29b77cb16a2,3,404.46000000000004,27.0,sevilla,recurrente,134.82000000000002
ca8c6a18-364f-4b65-b278-63edea18ee60,4,573.54,18.0,malaga,corporativo,143.385
ca8f25be-d6a4-49d0-81cf-c64e837718d4,5,333.76,18.0,sevilla,recurrente,66.752
ca9a3275-7ea7-413e-88c3-3faa5809295f,11,1290.48,41.0,valencia,nuevo,117.31636363636363
caa55905-c25e-42e4-a943-e60802e4dc63,6,833.76,30.0,valencia,recurrente,138.96
caad2ee3-b4bf-4bef-a0e1-6ca7990f9d60,5,224.41000000000003,40.0,madrid,recurrente,44.882000000000005
cab97a75-e8df-4cbd-8ae3-381b4167128c,3,198.07,54.0,malaga,nuevo,66.02333333333333
cabc2c29-04b2-482e-8d3b-c7ca46614c37,9,724.14,37.0,madrid,recurrente,80.46
cae4a273-bebc-453b-96f5-ac2e31eec8f8,5,612.54,22.0,valencia,nuevo,122.508
caff1a97-407e-4085-9af8-ae6ede11b645,9,813.38,25.0,malaga,recurrente,90.37555555555555
cb082305-1f50-4713-b01d-4c4e5691a53e,1,46.19,47.0,murcia,recurrente,46.19
cb0c54af-6281-4541-8b7a-b586e10a94ea,6,412.61,66.0,murcia,corporativo,68.76833333333333
cb1250e7-eaec-4f8e-9a3e-52441ab38b33,2,104.47,45.0,bilbao,nuevo,52.235
cb3567a2-07af-42f7-acef-aab6d2cbf5d7,5,356.40000000000003,46.0,malaga,nuevo,71.28
cb430081-ba5c-4335-b7b2-7a39ce7b5d4d,12,1613.49,35.0,murcia,recurrente,134.4575
cb53b2a0-2d7f-4703-839d-e528267702e7,11,935.5799999999999,42.0,sevilla,recurrente,85.05272727272727
cb6e7d82-3e37-4945-93e8-96a499c1a9d9,8,901.95,34.0,malaga,corporativo,112.74375
cb6f8370-04d8-4400-bb3d-3da18c4af968,5,576.86,40.0,vigo,recurrente,115.372
cb7eab79-6d4c-41fe-8011-73ae22ef2cf1,11,717.03,47.0,granada,nuevo,65.18454545454546
cb887348-3d80-4def-b7e8-4b0aac97d891,4,179.77,42.0,malaga,corporativo,44.9425
cb90181b-cd19-4a81-a943-427fc79643c0,6,595.9300000000001,40.0,malaga,recurrente,99.32166666666667
cb91f6c5-cf20-4fab-ab62-fc0027907365,6,438.12,51.0,murcia,nuevo,73.02
cb9a9a5a-eabd-4bb6-92b4-555cd21bbbc1,4,254.41,24.0,madrid,corporativo,63.6025
cba0ffc4-f563-4e18-95c3-bf4b0519c46a,7,674.72,48.0,malaga,recurrente,96.38857142857144
cbb36f09-c211-42dc-b38f-96f0c79c3793,5,939.93,39.0,granada,recurrente,187.986
cbbd9c7a-2ac0-4793-a36f-6e0ce22fcf04,8,741.72,40.0,barcelona,recurrente,92.715
cbc36542-d8b7-4cd3-bba2-81b00a438e2a,8,1275.32,19.0,valencia,recurrente,159.415
cbcbd15c-7f2a-4bea-988c-e900adf51919,9,707.68,44.0,valencia,recurrente,78.63111111111111
cbd202a5-30fc-4d2f-8e46-cd72cd933ca4,7,631.53,40.0,murcia,nuevo,90.21857142857142
cbdc6076-70c1-4f1b-b3e1-3221d11744dd,7,801.1600000000001,18.0,granada,recurrente,114.45142857142858
cbedf7bc-4d72-490e-8170-f30eca45c57b,6,446.98,46.0,madrid,nuevo,74.49666666666667
cbef59a8-08e7-44ba-8a1c-4d52fd0acf05,5,347.06,26.0,madrid,nuevo,69.412
cbefd45a-3c81-45d5-84fa-7ad1e66e7099,3,765.54,55.0,murcia,nuevo,255.17999999999998
cbf0cd0b-7fe6-48a2-9411-6c8318008cce,8,796.55,27.0,zaragoza,recurrente,99.56875
cbfe7077-4ade-4c19-ac3b-fd1dc1625a9f,5,391.75,61.0,madrid,nuevo,78.35
cc01365f-7f9b-445c-97fd-2372883916ec,7,650.6800000000001,40.0,zaragoza,recurrente,92.95428571428572
cc03381c-dd18-4b9d-9a5f-b85f709ad65a,7,545.48,49.0,murcia,nuevo,77.92571428571429
cc0b0772-8352-42c6-8ed1-db9dca30c654,9,724.04,22.0,madrid,nuevo,80.44888888888889
cc0fb28b-da6b-45d4-9fe8-be858f607854,9,1232.3799999999999,39.0,vigo,recurrente,136.9311111111111
cc10eccf-8088-4280-b1bf-2858b6719e5e,7,771.6500000000001,66.0,granada,recurrente,110.2357142857143
cc19293e-fe6b-46c5-81bb-961699771205,4,515.3900000000001,22.0,valencia,vip,128.84750000000003
cc266618-a9d8-492b-a7c3-9aa41af85d95,4,803.95,40.0,sevilla,corporativo,200.9875
cc2c8767-90a0-413b-a5ac-6d9216b94c37,6,832.0009000000002,47.0,malaga,nuevo,138.6668166666667
cc2cdd2c-8ee9-4259-bf1d-5807141b6c20,10,2322.6009,42.0,sevilla,nuevo,232.26009
cc2f370a-b756-4945-9e64-f80ab9f9c729,5,304.03,53.0,madrid,nuevo,60.806
cc346391-eeef-477d-be6d-ed3f11eebf6e,5,491.93,18.0,murcia,recurrente,98.386
cc37d29d-7dd7-4361-a4db-d73206bc51d0,8,838.01,40.0,zaragoza,vip,104.75125
cc4b9b55-bd44-4d28-88b6-865ef5e5501d,7,1146.27,18.0,malaga,recurrente,163.75285714285715
cc4f9102-6e6d-48a0-87a0-32232d48e5c2,8,383.62,42.0,barcelona,vip,47.9525
cc6db29b-b72a-4ba6-9ed2-26cc760dc257,7,978.73,21.0,granada,nuevo,139.81857142857143
cc6ddaab-5b24-4a30-a4ac-e0daba4c3bdb,12,1533.83,22.0,barcelona,nuevo,127.81916666666666
cc71c440-c40b-4d34-98f3-66c7d24e2317,6,441.66,39.0,barcelona,nuevo,73.61
cc779e09-c9bb-44cc-8587-7fe1f29f5224,4,251.74,48.0,sevilla,corporativo,62.935
cc9be7e9-9f28-40ec-a581-1e4b98a89da2,7,638.0799999999999,34.0,granada,nuevo,91.1542857142857
cca0ae59-f20b-4fb1-a7d9-63f2a973ef15,4,147.01,41.0,malaga,recurrente,36.7525
cca22ed5-d0c4-4b06-962d-6b109d55841e,3,295.9,54.0,barcelona,recurrente,98.63333333333333
ccb2c355-fd3f-498a-a021-a06ad4b7192e,6,361.9,31.0,granada,recurrente,60.31666666666666
ccb6b571-f239-41eb-9395-f4c8a0290e5b,4,396.97,58.0,vigo,recurrente,99.2425
ccbffeb5-6d51-4ad5-9f70-c6b8c5717c5a,4,278.08000000000004,18.0,barcelona,nuevo,69.52000000000001
ccc26edf-d9e0-4450-8960-3e89b951d283,5,718.6600000000001,48.0,zaragoza,vip,143.73200000000003
cccad1a1-6b9d-4604-ad17-10fc9d3f5264,5,646.74,32.0,malaga,recurrente,129.348
ccd1ca7e-32df-4638-8dba-f51a0d9bfa05,7,736.76,34.0,bilbao,recurrente,105.25142857142858
ccd31091-3f3f-44d8-ba16-e546d74cbcde,8,633.87,40.0,vigo,corporativo,79.23375
ccd52eb1-9abe-4a4d-ab16-0ff41f16c1fb,12,969.66,44.0,bilbao,nuevo,80.80499999999999
cce973ba-6fc2-4a37-99ad-dddf5af6dff8,6,311.08,21.0,sevilla,recurrente,51.846666666666664
ccefe40d-1e68-47c1-bbaf-ccdff381130f,8,1212.86,55.0,zaragoza,nuevo,151.6075
ccf635e7-dae4-4244-992f-cf88f5121bb0,2,174.91000000000003,75.0,malaga,nuevo,87.45500000000001
ccf8c9e6-d7a8-4c1c-8c74-80d4a27de195,8,797.2,21.0,bilbao,recurrente,99.65
cd068311-64d5-498c-ab73-218d8c457a12,6,540.9200000000001,38.0,zaragoza,recurrente,90.15333333333335
cd1c7936-b0af-45b4-9903-37685d990d8f,18,1521.46,42.0,valencia,corporativo,84.52555555555556
cd20e3fe-cec2-4b99-8f5d-2b14f5c43812,5,453.03000000000003,49.0,barcelona,recurrente,90.60600000000001
cd2f2003-bec9-4571-8a65-bff3de6cb89f,3,94.15,35.0,madrid,vip,31.383333333333336
cd2fac8f-a685-463a-a060-3602f1d4fbc6,2,236.07999999999998,20.0,granada,recurrente,118.03999999999999
cd38e1d1-ec9f-4258-a926-386877d11567,6,1395.3209000000002,40.0,zaragoza,corporativo,232.55348333333336
cd3a0e04-ecec-4590-9466-7050e9d638d2,9,722.3,25.0,barcelona,recurrente,80.25555555555555
cd4f10ca-caf8-41b8-b71f-83271f87cbac,8,525.6,44.0,zaragoza,recurrente,65.7
cd4f6ccf-d278-455f-bc0b-ee9c7e77b1bd,6,504.34000000000003,37.0,barcelona,nuevo,84.05666666666667
cd5090c4-4a00-43b0-91a7-6665c09f4933,7,689.97,23.0,zaragoza,nuevo,98.56714285714285
cd523232-90dc-43b4-af00-f1dd67423b8e,3,271.42,34.0,vigo,recurrente,90.47333333333334
cd54ebea-af94-4101-a4d3-d642f37ad272,5,343.03,29.0,valencia,nuevo,68.606
cd652f6f-118f-48cf-8fed-05dc95b4ed66,8,673.72,39.0,granada,nuevo,84.215
cd6b3119-7b1b-4811-a39a-20c3b26abc9e,5,690.36,44.0,valencia,recurrente,138.072
cd802ebe-82a5-4bf5-899f-8ac547aa729b,5,435.90999999999997,28.0,murcia,nuevo,87.18199999999999
cd829759-bf54-450c-90af-35db257fc50e,5,366.3,40.0,granada,recurrente,73.26
cd8a3b81-f482-497c-a067-ca566115cc66,3,640.9209000000002,28.0,barcelona,recurrente,213.64030000000005
cd8dd4b3-3a66-42b2-ae0e-44cf631caa58,8,1338.8209000000002,51.0,malaga,nuevo,167.35261250000002
cd9aba74-1ff0-4a99-9f43-b484fae2616c,2,31.22,49.0,sevilla,recurrente,15.61
cda48bdb-e2b1-4205-95d5-a9b9a22bd3a3,7,1076.15,65.0,murcia,corporativo,153.7357142857143
cdaa6e4b-4926-4d1b-8b74-591796881fe4,6,646.91,47.0,sevilla,recurrente,107.81833333333333
cdb5f82a-128c-4d81-afa3-9671070cf7ed,4,463.19,40.0,madrid,nuevo,115.7975
cdba9519-2597-4fc8-b48e-5abe083d70bb,8,559.02,50.0,murcia,nuevo,69.8775
cdc1252d-09b5-4c03-a332-46d2a55d2950,11,984.34,46.0,madrid,nuevo,89.48545454545454
cdc7a2fc-bef4-45ab-bdb9-07100a82c625,4,550.46,27.0,sevilla,vip,137.615
cdcceddd-1144-4b6c-9635-9c6c1111cce0,5,488.53999999999996,20.0,zaragoza,recurrente,97.708
cdcf3727-3816-46f3-aa95-8175905f27f0,3,275.36,34.0,granada,vip,91.78666666666668
cde0bcb5-3234-4a58-b4f6-3c31f39f6244,7,448.11,52.0,murcia,recurrente,64.01571428571428
cde4c567-f0a9-4dea-9407-cd5d95aca520,5,1074.1909,44.0,sevilla,nuevo,214.83818000000002
cdeb9205-a7f2-4e4a-a0fe-54fbda5f794d,8,666.01,47.0,granada,corporativo,83.25125
cdf484e1-a9a7-4d21-9ec3-8fb706fae3fe,5,481.18,57.0,malaga,vip,96.236
ce009a5c-9a11-4fc8-ab42-e14343be8ac0,5,937.23,40.0,granada,recurrente,187.446
ce02b84b-b6ed-459b-b691-4485ee5b098a,8,701.45,41.0,granada,nuevo,87.68125
ce043f2e-c3fe-4f51-a030-db3b42ceb41d,9,707.22,30.0,zaragoza,vip,78.58
ce083bc7-0335-429a-b7c3-c9a5c8d19534,2,87.44,42.0,bilbao,recurrente,43.72
ce09eb24-50fa-4bdf-aea1-835ce0c53537,8,1208.09,28.0,sevilla,recurrente,151.01125
ce133cb3-cafe-452b-b1ee-dad651101f36,9,1244.74,43.0,granada,vip,138.30444444444444
ce15cf87-d21d-4653-946f-467bdfd4d7ba,6,310.93,48.0,granada,recurrente,51.821666666666665
ce1f67c3-6fb8-438f-b058-9f425ffabbd8,3,132.25,41.0,granada,recurrente,44.083333333333336
ce237096-f30a-4270-8d15-af595b6db9aa,4,379.7,32.0,barcelona,corporativo,94.925
ce2d67ec-6f92-456e-89a7-b5cc8ace672d,14,1683.96,26.0,malaga,recurrente,120.28285714285714
ce402500-525d-4c4e-bf22-4ffff34058d0,6,923.65,60.0,murcia,recurrente,153.94166666666666
ce40886a-0320-42a1-b1b7-77da89592ad2,6,464.01,53.0,zaragoza,recurrente,77.335
ce49a021-8e4c-46d4-b603-e080bbc1b228,7,717.75,20.0,murcia,vip,102.53571428571429
ce4dd3c2-3034-4f1f-a563-5ed94150571d,3,219.76,50.0,madrid,nuevo,73.25333333333333
ce511be0-6d24-4b50-bd7f-9bf3717700c2,8,1154.76,39.0,malaga,recurrente,144.345
ce54a232-1cff-4f08-83e5-2dbdd4012bc3,3,159.98,82.0,madrid,vip,53.32666666666666
ce5aa8b2-82e8-43b3-beef-d145c60ec673,6,576.16,45.0,malaga,corporativo,96.02666666666666
ce618262-3afc-472e-88a4-b9fca363dd4b,11,913.53,44.0,vigo,recurrente,83.04818181818182
ce6d5c87-b78c-4a79-a21e-749cbb327f30,6,245.0,31.0,sevilla,recurrente,40.833333333333336
ce70cb88-ea9d-4c2d-8c8d-793c57b04ba5,5,551.59,51.0,malaga,nuevo,110.31800000000001
ce77e4f4-a2f4-40f5-a6dc-0f74ce747041,10,1094.54,56.0,madrid,nuevo,109.454
ce7b1984-836d-470f-a66d-ec1f6c798396,8,1208.1200000000001,43.0,malaga,vip,151.01500000000001
ce8e022b-b832-4e7a-84ee-2959818b1131,6,403.59,40.0,zaragoza,recurrente,67.265
ce98479c-7657-4302-8581-479d51be0136,9,747.23,52.0,barcelona,vip,83.02555555555556
cea7ede1-6ff1-47c5-b988-4c373e02ad14,6,537.53,40.0,vigo,recurrente,89.58833333333332
ceb48a53-6f31-49b3-afe7-3a7292d1c8b3,6,600.6700000000001,18.0,valencia,corporativo,100.11166666666668
cec6d397-a68d-49c8-b610-37ad83c57d9a,10,684.01,41.0,vigo,nuevo,68.401
cec95385-b501-473e-a993-6322d595a8a6,3,107.5,28.0,murcia,recurrente,35.833333333333336
cecaf6e8-42c8-494b-8062-0066794b2b74,3,354.40000000000003,42.0,barcelona,nuevo,118.13333333333334
cecc7791-b259-45ee-be4a-df0cd913f934,8,721.29,51.0,bilbao,nuevo,90.16125
ced8949a-1522-4d98-8fd0-d55f95606fd5,6,580.53,36.0,zaragoza,nuevo,96.755
cee1f2e0-6bb5-46e3-8b8f-7f30f08da4c3,5,709.51,39.0,sevilla,recurrente,141.902
cefcc249-6781-4f9c-ae68-48c01344333f,4,118.9,39.0,murcia,recurrente,29.725
cf03dc6b-534a-404f-b057-7b6f0668e3af,10,415.52,25.0,valencia,recurrente,41.552
cf15f9ec-9d64-4e5b-ac4b-c92d99484577,8,1316.01,47.0,zaragoza,recurrente,164.50125
cf1672ab-cf20-45ce-9349-7d7b364a622f,5,405.54999999999995,31.0,sevilla,recurrente,81.10999999999999
cf195003-9de1-4478-9c8b-04488d6e0851,8,728.44,26.0,murcia,nuevo,91.055
cf1a5ede-30a7-4e52-b6cd-2379215f1f30,7,468.15,53.0,granada,recurrente,66.87857142857142
cf2209e3-6f0f-40a1-89ee-88933eb21e91,6,888.3100000000001,18.0,murcia,recurrente,148.05166666666668
cf23001b-0403-4690-8318-3922bbc6fce3,12,2028.6809000000003,44.0,granada,recurrente,169.05674166666668
cf2a2d25-402d-4abc-a91f-73079b7485ba,8,576.46,20.0,zaragoza,recurrente,72.0575
cf2a5531-091a-4eb8-a6cd-1e6a1233ea65,6,515.61,26.0,granada,vip,85.935
cf2c4eeb-893b-48a1-8b10-675c7d74d922,5,461.64,55.0,madrid,recurrente,92.328
cf2d1b5e-8b9e-41e4-8406-4b6de7475e38,4,379.3,49.0,barcelona,nuevo,94.825
cf2e13e6-efcc-4295-b1d7-9f2765c5c14d,9,841.16,61.0,barcelona,recurrente,93.46222222222222
cf436fea-87c6-4af9-8f85-bfdbfa9cc637,6,523.85,26.0,barcelona,nuevo,87.30833333333334
cf44ebb0-f736-43d8-80f9-62727f477541,4,449.25,43.0,murcia,corporativo,112.3125
cf4b274b-5d24-433d-a905-e1a8fe25f010,1,55.47,37.0,madrid,nuevo,55.47
cf4cafe7-645c-4ce0-afe1-59cace66e785,5,370.46,35.0,barcelona,recurrente,74.092
cf56239e-1fa6-45fe-b3f1-f5efc1fba60b,2,189.51,42.0,murcia,recurrente,94.755
cf58f8ab-75e2-4351-81bd-60d12bcdc08c,10,698.28,42.0,sevilla,vip,69.828
cf5b8efc-db4e-4f4f-b4aa-b5d61476f3f7,7,490.26,24.0,sevilla,vip,70.03714285714285
cf6ca529-7ca6-44bc-944a-b5ab8b1b6eaf,14,1588.0,47.0,granada,recurrente,113.42857142857143
cf70b90a-c867-45c3-8c66-00611e70a70d,11,897.25,43.0,bilbao,recurrente,81.56818181818181
cf71e943-5b27-4114-9918-2de3341996cb,4,330.63,62.0,barcelona,recurrente,82.6575
cf727e42-ae55-4cd1-8ced-cd9d727c28be,12,1266.36,19.0,zaragoza,recurrente,105.52999999999999
cf776d75-329e-4dd2-8f8b-a2eaac9e02b6,10,751.61,45.0,murcia,nuevo,75.161
cf7c6fa8-a1be-4be3-84d3-79e0f04511ed,6,615.31,37.0,bilbao,recurrente,102.55166666666666
cf811157-d518-44e9-975d-b867c8df9d36,7,706.3,18.0,murcia,recurrente,100.89999999999999
cf846edc-c49d-4441-92a3-d09661f187ea,4,171.12,42.0,zaragoza,vip,42.78
cf88d761-99ee-40e4-8e19-73c096d9b161,6,768.5999999999999,36.0,madrid,vip,128.1
cf8e3203-7e46-47da-8a69-38d42bb1bc54,3,366.04,40.0,bilbao,recurrente,122.01333333333334
cf9c0d0a-67c9-4339-8591-350dbb8d6386,7,715.41,39.0,granada,recurrente,102.20142857142856
cfa18287-109e-44ac-b678-86a3d2c4a3c6,9,1046.35,51.0,sevilla,nuevo,116.2611111111111
cfb4899f-4f1b-4cba-966a-3ea5061e194d,4,511.65999999999997,30.0,sevilla,nuevo,127.91499999999999
cfbb3b97-996c-4ef6-bdd2-eb4aaa100b28,4,518.19,60.0,madrid,nuevo,129.5475
cfc88eab-2dcf-4626-92c4-bc600c9c7268,9,1352.0609000000002,18.0,zaragoza,nuevo,150.22898888888892
cfd28078-e3c3-4490-932f-4f903e3fd80f,3,272.01,48.0,zaragoza,nuevo,90.67
cfd8a926-8f53-4889-bdd6-5e27da4a2d3a,2,166.62,40.0,zaragoza,nuevo,83.31
cfdc273a-df2d-4206-b199-70bcf91cc2a8,3,468.31,35.0,barcelona,corporativo,156.10333333333332
cfe05704-ec03-4b94-ba5c-94274ba394b9,3,151.29,32.0,murcia,nuevo,50.43
cfebcbdd-57da-415f-9c8f-c1694706feab,10,755.92,46.0,barcelona,nuevo,75.592
cfed257a-64e5-4c83-99a9-29db613f9bf9,9,1005.57,40.0,sevilla,recurrente,111.73
cfeeafbb-3a34-48f8-9a16-94b8bfae5db0,3,332.46000000000004,41.0,barcelona,nuevo,110.82000000000001
cff38aca-b8a1-4ba7-ad06-df9c65dc9fcc,4,456.95,31.0,sevilla,recurrente,114.2375
cff63066-e85b-44b2-8b39-0eae831c4094,6,439.56,40.0,valencia,nuevo,73.26
cff7c242-8f65-4e99-bf21-77d056adb266,6,614.62,51.0,bilbao,recurrente,102.43666666666667
cffd0da3-1044-452a-8bac-62014f74dc23,7,617.95,49.0,malaga,recurrente,88.27857142857144
cfff5132-5a90-459f-b9d5-d88c3cb428ff,8,516.7,54.0,zaragoza,nuevo,64.5875
d008e49b-af07-48f4-bffd-59182f7afc20,11,755.4,25.0,madrid,corporativo,68.67272727272727
d00aa36f-7f6a-420b-9a43-ea72f6064c35,5,517.85,51.0,malaga,corporativo,103.57000000000001
d00e76ec-4a63-4690-9d4c-9a34c3988643,9,892.1500000000001,62.0,barcelona,corporativo,99.1277777777778
d0226205-ea79-4219-a229-17dc1c3720ce,6,716.9499999999999,34.0,bilbao,nuevo,119.49166666666666
d024dd64-a5fa-4371-a956-7d69342843b1,9,1573.8500000000001,39.0,bilbao,nuevo,174.87222222222223
d0259df0-b81b-495c-97a9-a476a49a958d,5,536.13,60.0,murcia,corporativo,107.226
d0265c02-b6c9-47b7-a8a8-6daf42cd7737,2,550.9109000000002,68.0,bilbao,corporativo,275.4554500000001
d02a7d11-3884-4836-a22d-89d55ce57f75,4,444.21000000000004,35.0,madrid,corporativo,111.05250000000001
d033fcfc-3998-4d71-b4a8-e8eb9a407e92,2,114.55,24.0,zaragoza,recurrente,57.275
d03c2892-b733-4edb-91fe-558ac316c2bf,3,154.51,46.0,malaga,nuevo,51.50333333333333
d03c81ef-f8ea-4c7a-a3b8-1d18aa661ef3,7,786.3900000000001,40.0,sevilla,nuevo,112.34142857142858
d04b811c-6674-4a3e-acbd-dea56a8572d4,12,789.26,18.0,valencia,recurrente,65.77166666666666
d05362fb-1dca-4621-978a-958838e17ae7,3,452.85,28.0,malaga,corporativo,150.95000000000002
d0617d66-e5ec-4244-9901-5e7a9bc521bd,4,260.08000000000004,40.0,madrid,nuevo,65.02000000000001
d06cc304-2a69-489e-b222-8315831e7bd1,5,454.58,31.0,sevilla,vip,90.916
d079123e-5ede-4397-9f91-1592720d46d3,10,1214.7209000000003,42.0,bilbao,nuevo,121.47209000000002
d09f337c-beff-4c6d-abf4-73a6688ae822,2,214.03,48.0,murcia,nuevo,107.015
d09fd045-f9d8-4d80-8036-bdce9f4fe6ee,4,725.04,37.0,sevilla,nuevo,181.26
d0a6e2ee-36d0-47e8-85ed-0c7bbc649640,8,807.02,57.0,bilbao,nuevo,100.8775
d0aa8106-7381-485f-9cf3-c37d30c7d2f5,10,1130.65,21.0,valencia,recurrente,113.06500000000001
d0c51daa-6478-4820-b6ea-b27d8f784341,6,711.0999999999999,59.0,madrid,nuevo,118.51666666666665
d0d68385-88b0-4480-9f52-471e90040dc6,7,842.3299999999999,39.0,sevilla,vip,120.33285714285714
d0e27af1-c92c-47b9-823b-6c0d627c7778,14,1331.52,22.0,madrid,nuevo,95.10857142857142
d0e47358-a1a6-453b-a414-1626eddaabbd,7,662.64,37.0,murcia,recurrente,94.66285714285713
d0e68ace-7206-4c84-9a77-72d669cb3a02,4,352.5,40.0,zaragoza,recurrente,88.125
d0e7c02c-fa6c-48be-9299-67dd0bd71145,10,854.08,49.0,barcelona,corporativo,85.408
d0f2fd5b-9c6a-4dbf-a0a5-555f8966bf4c,5,560.21,57.0,murcia,recurrente,112.042
d0f66706-2baa-442e-9e95-671b7ae49906,10,889.4200000000001,38.0,bilbao,recurrente,88.94200000000001
d0fa928e-e9b8-44c4-92d4-49e9251e5c80,6,1262.5509000000002,49.0,malaga,recurrente,210.42515000000003
d0fab77e-2ecc-48a8-9b78-bbd481ef7901,2,96.89,23.0,sevilla,vip,48.445
d0fc3e2d-c5f9-4774-9a7e-57e89a704b87,11,1285.59,52.0,valencia,nuevo,116.87181818181817
d10c249c-9467-49bd-a835-860b942b3dcd,9,1158.8409000000001,54.0,malaga,nuevo,128.76010000000002
d115725f-ede3-4a85-81d5-acf27e53f944,9,1045.47,52.0,bilbao,recurrente,116.16333333333334
d115dba4-028f-4923-91e3-17d61e80e65d,3,138.64,48.0,barcelona,recurrente,46.21333333333333
d1162b00-f9df-48d1-87c9-2a9e51edbb3a,2,143.34,48.0,madrid,nuevo,71.67
d118ff86-74ec-482c-9771-d736d6eb206b,5,265.42,20.0,valencia,nuevo,53.084
d12f92cf-f419-4dd6-87c2-b1e424159494,3,628.25,44.0,sevilla,recurrente,209.41666666666666
d131c3b6-213f-4438-9755-d6afa3c5c2fe,6,362.75,30.0,vigo,nuevo,60.458333333333336
d1441690-baf1-4216-98aa-8d619ea52e56,4,551.88,18.0,valencia,recurrente,137.97
d147ba83-b076-4548-952a-a7804171707a,5,662.53,40.0,sevilla,vip,132.506
d1546063-2ae7-40d9-a473-4767f8ff1bf6,10,1220.03,32.0,murcia,recurrente,122.003
d15ff267-2d67-4e56-85e7-b3cecbff922c,7,874.76,31.0,zaragoza,recurrente,124.96571428571428
d17a12c4-6cb1-468f-914f-d3c2b0bdcd01,7,587.57,64.0,barcelona,corporativo,83.93857142857144
d1870fa4-23bd-4017-b3ec-11ff682e456d,9,1124.28,44.0,sevilla,nuevo,124.92
d18be95a-8023-4220-971d-69a5dbc3b45b,8,1103.6509,44.0,valencia,recurrente,137.9563625
d18ca818-96c8-4a81-813c-04c30bdff498,1,170.19,44.0,murcia,nuevo,170.19
d195666b-fd26-4dd2-ba2d-c3892d68ecd5,5,284.22,40.0,valencia,recurrente,56.84400000000001
d19bd0df-d28b-4fd7-81c8-93c0f4623ef6,4,238.93,24.0,zaragoza,vip,59.7325
d1a908a3-0c2e-482b-977d-b266e649f30d,6,715.83,38.0,sevilla,recurrente,119.305
d1a90b4d-bf1a-4c28-be1a-68be81c7868f,7,313.2,39.0,madrid,recurrente,44.74285714285714
d1ad5e63-4b83-457d-b53f-d004765d5f84,12,1111.98,35.0,malaga,recurrente,92.665
d1af8cc2-ab32-4a77-b5ba-adf07dd7486e,10,888.94,39.0,valencia,vip,88.894
d1b24c82-b37b-4540-8377-5f8b6e3271bb,1,55.87,42.0,murcia,nuevo,55.87
d1ba52f3-676a-453e-a4db-c2521e2fe547,8,601.69,18.0,zaragoza,recurrente,75.21125
d1ba7079-59ec-4d31-ad86-8ddb3f54cb30,6,559.91,52.0,sevilla,nuevo,93.31833333333333
d1de136a-c47b-48f1-aa70-05c988664c00,12,1385.21,25.0,valencia,recurrente,115.43416666666667
d1e17077-4b01-4ccb-8674-013d3a7f6eb2,5,187.86,65.0,madrid,corporativo,37.572
d1e9707c-0301-4926-bec9-37dc2aa898d1,9,1423.7009000000003,49.0,barcelona,vip,158.18898888888893
d1f13908-930a-4006-82c8-13342c9c6e13,13,1229.28,46.0,bilbao,recurrente,94.56
d1f3573d-c9ef-490d-8916-8cfc6786b800,7,607.88,26.0,bilbao,nuevo,86.84
d202b66b-318c-4969-a963-f544a8b4b9a2,5,628.9,39.0,bilbao,recurrente,125.78
d20384c8-6c09-4ef3-b03f-8800ea2339c9,6,530.0,28.0,valencia,vip,88.33333333333333
d2141e6f-9cce-4792-933c-eb5b45a8c6b5,12,1085.54,34.0,barcelona,nuevo,90.46166666666666
d223e58b-b3a7-4d62-974b-947f64ea9e86,4,584.06,40.0,malaga,nuevo,146.015
d224ce88-a4a7-434b-8888-85bb8cc4691a,4,711.93,56.0,granada,recurrente,177.9825
d22615d4-0338-4759-b1b2-a6c2e82ecbbb,6,446.32,43.0,vigo,nuevo,74.38666666666667
d23dd62c-239a-404b-884b-2ede6e1ac6c0,7,748.48,45.0,valencia,recurrente,106.92571428571429
d23eb9c1-f288-4b93-ada1-cbbb9549a9bf,11,1285.1399999999999,66.0,barcelona,nuevo,116.83090909090907
d23fc5ab-6ab1-47bc-bbac-969f32c227ab,7,852.9709000000001,45.0,sevilla,recurrente,121.85298571428574
d23fd2bc-e110-410d-b7ef-e23d8ecd0bee,6,405.65,29.0,madrid,vip,67.60833333333333
d241b3ea-91d7-4cf0-972c-d0d4c86a3be6,9,714.21,29.0,zaragoza,recurrente,79.35666666666667
d24cdb2c-787a-491a-801c-78e5e66a4e8d,4,386.14,18.0,valencia,nuevo,96.535
d253e5e1-0a7d-4f04-ad22-f59aaec47985,3,177.38,28.0,valencia,recurrente,59.126666666666665
d2585712-6d58-4940-9199-991a45225531,4,188.66,49.0,malaga,nuevo,47.165
d2632086-e515-41a2-9b0c-f96973b76def,5,788.9200000000001,28.0,valencia,corporativo,157.78400000000002
d272c82c-6b06-42c5-ad6d-a2a2639f080b,6,675.82,45.0,madrid,nuevo,112.63666666666667
d273d55b-5656-429e-a87b-1f81d4954c99,8,784.8199999999999,36.0,vigo,recurrente,98.10249999999999
d279844a-a474-4ff0-9134-c0de5e845893,5,474.69,40.0,bilbao,vip,94.938
d286de60-0c9f-412e-b489-5e85321998db,9,564.82,65.0,valencia,nuevo,62.75777777777778
d2881722-e739-40d6-ab8a-86d3dff7f9d7,6,425.29,45.0,malaga,nuevo,70.88166666666667
d289c90b-c0ff-4fac-a073-ca44e70f1dee,3,106.47,50.0,granada,corporativo,35.49
d28dd4b9-2836-43ab-8fc1-c31814161d9e,7,694.8199999999999,20.0,murcia,nuevo,99.25999999999999
d2b56a12-969c-42c9-96a9-910ceca71101,3,71.94,40.0,zaragoza,recurrente,23.98
d2b918ec-15f2-4240-87aa-e5b18a8097ae,7,666.47,28.0,zaragoza,recurrente,95.21000000000001
d2bc29db-c89d-46e6-9671-c353c878d76a,7,894.8599999999999,35.0,barcelona,recurrente,127.83714285714284
d2be98ae-ff9e-4d94-b2c8-900800eed421,13,1275.8899999999999,40.0,barcelona,vip,98.1453846153846
d2c7a574-0aa8-4768-b35a-277fd54adea4,13,1164.3109000000002,49.0,sevilla,vip,89.56237692307694
d2c7de11-0072-4ac2-824f-d237e0fb17b0,5,383.19,39.0,granada,recurrente,76.638
d2ed5674-22a6-4d6f-ae29-190d8746916e,12,1363.73,31.0,bilbao,corporativo,113.64416666666666
d2faea7e-0983-4330-95c9-390b76c6a7fc,6,534.94,34.0,granada,nuevo,89.15666666666668
d3005a82-58db-4532-b25b-aeaf3353025f,5,256.45,40.0,malaga,nuevo,51.29
d3100fe9-f5a8-4139-87a2-5595cdbf0dea,6,668.64,52.0,madrid,recurrente,111.44
d31cccb6-cab5-47da-843d-a2b2b67142ca,3,568.28,44.0,malaga,recurrente,189.42666666666665
d328454d-f1ed-43db-a953-2de156e10022,9,1544.07,52.0,bilbao,recurrente,171.56333333333333
d32a8fcb-5422-465d-b274-32e43d80f042,6,432.27,49.0,barcelona,nuevo,72.045
d32bfbd6-12e9-4870-9cb3-e3c9018b7e4b,4,770.21,54.0,murcia,nuevo,192.5525
d32fdffe-fe1a-4bed-b86f-72c3c417c985,5,449.28000000000003,35.0,vigo,nuevo,89.85600000000001
d33e0d74-36d1-427c-ad8f-31d89f3967a6,3,199.51,36.0,zaragoza,nuevo,66.50333333333333
d345f94e-548f-4402-9baf-80c158df91b5,5,958.5009000000001,35.0,granada,corporativo,191.70018000000002
d3477a10-34b0-4de6-93e6-b5d93c4e834f,4,297.02,18.0,vigo,nuevo,74.255
d34b13ce-5554-4b74-8f2b-efd11d32ec54,4,279.6,53.0,madrid,nuevo,69.9
d35a73b1-aa03-4cbb-acee-82b7d9422dd6,10,1085.35,54.0,vigo,corporativo,108.535
d35bcab4-166a-4ba0-ba88-cd758ebcde05,4,468.49,38.0,sevilla,corporativo,117.1225
d3750eba-fdfb-458d-a3c3-ab42ffd2f9ac,5,298.65999999999997,18.0,murcia,nuevo,59.73199999999999
d377b34f-a190-4142-b88c-99cbde40a6f6,8,544.7,18.0,bilbao,nuevo,68.0875
d37aa49a-227c-408c-831d-82b695b17674,3,572.31,38.0,zaragoza,recurrente,190.76999999999998
d37bf73d-a489-4a2a-bbfd-1b64d8323815,11,1691.84,55.0,malaga,recurrente,153.80363636363634
d38226ec-8ca5-4ea0-8b76-a6fa65ad01dc,10,1103.72,61.0,valencia,vip,110.372
d38d1d1c-1043-4366-a0eb-6f7ef3b5aa0c,5,643.99,40.0,sevilla,recurrente,128.798
d39425bd-3764-46c8-9480-7ef618c93d29,7,594.53,53.0,valencia,recurrente,84.93285714285715
d3985b1b-4e1d-4072-99dc-1622c60ddad0,6,729.72,48.0,bilbao,vip,121.62
d3988acf-8ab5-48c5-a1b6-fb82d3af729b,2,144.06,34.0,malaga,nuevo,72.03
d3a26243-1b4f-4002-bd01-24275a126aba,9,1036.67,35.0,vigo,vip,115.18555555555557
d3a772d9-30cb-4cb2-9fff-e0e949d7cd2a,6,589.18,46.0,bilbao,recurrente,98.19666666666666
d3b60956-24fc-45e3-a566-b4276d368e37,6,402.1,61.0,madrid,nuevo,67.01666666666667
d3d9f9f3-4846-4e2b-b68b-b8d480e34c7d,8,619.3,51.0,malaga,nuevo,77.4125
d3f4d8ba-d75b-4240-a648-3928ea66cd29,11,1188.8700000000001,71.0,murcia,recurrente,108.07909090909092
d3f525ff-8fd6-45d1-aaa9-0410072feb82,10,1052.2309000000002,36.0,vigo,nuevo,105.22309000000003
d4088ca2-cc94-4a78-b4c6-ebcc594e5a9e,4,298.15999999999997,34.0,zaragoza,recurrente,74.53999999999999
d423ef4b-be2c-4bda-a28c-104efa87006d,4,201.49,42.0,malaga,nuevo,50.3725
d429b841-969f-4456-9183-e61825fc70b1,5,332.58,39.0,madrid,nuevo,66.51599999999999
d434b2af-d0f4-4bf0-8c86-4edb22a09f33,3,170.11,36.0,vigo,nuevo,56.70333333333334
d438f1bf-310c-46a1-9320-71dc254a23b0,4,304.0,55.0,sevilla,vip,76.0
d4397786-9795-4abf-892c-e2c5ce3dc512,6,491.44,27.0,granada,nuevo,81.90666666666667
d448ba4d-ff15-4caf-b244-c5d5d950da32,2,115.14,26.0,vigo,vip,57.57
d45c642a-48e0-49ff-8a62-5516137cfaba,8,887.27,34.0,vigo,recurrente,110.90875
d45e3501-462f-4db5-8a76-f982c114b1b4,9,1256.39,39.0,sevilla,nuevo,139.5988888888889
d46154ed-98e2-420f-9dcc-cb581313ba34,5,844.13,34.0,madrid,vip,168.826
d462a44a-abec-4cbf-93c0-c19c8ad83849,9,1489.8109000000002,27.0,madrid,corporativo,165.53454444444446
d462e3ab-220c-41bf-8efe-feeebfec7e15,7,625.6,64.0,barcelona,recurrente,89.37142857142858
d46adbcd-050e-4c96-93d9-2aa06a3d8921,5,597.46,49.0,vigo,corporativo,119.492
d46de062-0c45-4506-9629-175e25afe297,4,215.01,41.0,malaga,recurrente,53.7525
d47074c6-ed60-41a8-b28a-06e70baf448b,7,892.0409000000002,40.0,barcelona,nuevo,127.43441428571431
d48b0efc-cb1d-4794-98bd-b4c2eebe90ef,5,939.4909000000002,26.0,zaragoza,vip,187.89818000000005
d48f6fbf-e899-4f89-8ac2-b27a4d8d6c75,7,1034.48,52.0,granada,nuevo,147.78285714285715
d4903979-1ce9-43f0-b1f0-b4a026b4a6b5,10,813.84,55.0,zaragoza,recurrente,81.384
d4913025-eac9-4100-a2ad-3d1737c32438,9,919.5409000000002,56.0,granada,recurrente,102.17121111111113
d4955b4a-8005-4e85-a5fd-ab0d99048afc,7,651.55,21.0,malaga,nuevo,93.07857142857142
d49a0df8-3107-4224-935e-7c1a6fb995c4,7,917.8199999999999,40.0,madrid,nuevo,131.11714285714285
d49b8573-9872-4635-9196-c489cd836c22,7,788.4,39.0,madrid,nuevo,112.62857142857142
d49f0922-cb8b-4053-b115-04ccfe006e65,12,1476.1309,42.0,sevilla,nuevo,123.01090833333335
d4a3c430-5868-44f0-a0ea-a3edfa1a1c0d,7,659.72,41.0,vigo,corporativo,94.24571428571429
d4a9e882-76b6-4f7d-8e85-21b7ceb4e04f,7,722.39,43.0,murcia,recurrente,103.19857142857143
d4abefeb-f1fe-4f30-ac06-7912238ad762,7,497.18,40.0,vigo,nuevo,71.02571428571429
d4acc935-7596-43f7-bdb9-f1cac1cc95c3,13,1576.54,52.0,granada,recurrente,121.27230769230769
d4b50e36-51a0-47ee-9ebd-97525766eb23,7,925.94,64.0,bilbao,recurrente,132.27714285714288
d4b99a6f-4103-4d3c-be5b-98123e7bf32f,3,266.04999999999995,46.0,madrid,recurrente,88.68333333333332
d4bb2c1a-a82e-4afb-8501-cc71bd18e03a,9,677.3,47.0,murcia,recurrente,75.25555555555555
d4bc4ad4-0dcb-4e8f-bd46-c27b2f13eb17,2,396.66,32.0,barcelona,nuevo,198.33
d4be4b4b-4188-4e83-ab3f-321186482ef9,5,261.35,42.0,sevilla,nuevo,52.27
d4c23deb-af3d-41b8-aea9-9f7fd0bb9d02,6,563.68,22.0,murcia,nuevo,93.94666666666666
d4c4fd66-d5ab-4540-b7ae-808cd409a54c,5,973.16,28.0,murcia,recurrente,194.632
d4c849f8-c859-4d49-8117-805102b9d486,4,565.71,50.0,madrid,vip,141.4275
d4d3651f-582c-4e21-b0bf-86b9e4cd76c1,1,84.0,55.0,valencia,nuevo,84.0
d4d94912-ecf1-409b-880c-ab3ca10d68cc,6,1079.57,18.0,valencia,nuevo,179.9283333333333
d4deef07-6450-43c6-899d-a1288d2862d4,5,777.1909000000003,39.0,vigo,nuevo,155.43818000000005
d4e574c8-4609-4b3f-bb69-0651e9a1ac0a,5,832.78,18.0,granada,recurrente,166.55599999999998
d4efe81b-8ad8-44ae-ad17-8c267996fafe,7,1031.97,52.0,barcelona,recurrente,147.42428571428573
d4fcd3e1-29c0-4c24-9a47-c2240c7a5475,10,1188.32,40.0,madrid,recurrente,118.832
d505ddb7-d590-41c6-bb33-b4c0446be26f,9,713.64,62.0,barcelona,vip,79.29333333333334
d5073f16-851c-43b7-b079-2919132d03c6,2,161.25,40.0,malaga,nuevo,80.625
d50dc4d0-1b63-4392-aed4-3739d42cb065,6,550.8199999999999,47.0,malaga,recurrente,91.80333333333333
d5230bbe-9fd9-459d-bb14-90e01720d7c2,11,1475.24,64.0,murcia,recurrente,134.11272727272728
d5258519-e6d6-495a-aeae-d31cab22126f,8,921.55,19.0,granada,nuevo,115.19375
d52a2838-c953-47ef-b5f4-8aecfded7355,11,1449.6909000000003,40.0,vigo,nuevo,131.79008181818185
d52c6225-b28b-44ff-8c40-bd1b6750e856,2,120.06,45.0,zaragoza,nuevo,60.03
d5301f08-7e90-4425-abf3-0e32911c08d6,5,525.4100000000001,35.0,bilbao,recurrente,105.08200000000002
d531c34f-e80a-47a0-8c92-bf9053fc4342,3,150.5,34.0,barcelona,vip,50.166666666666664
d53c9059-7344-4cf3-8462-67d3e9503888,8,825.7900000000001,34.0,malaga,nuevo,103.22375000000001
d556f64f-7be3-4b4d-b1a8-72f2e7abc344,9,1068.0900000000001,36.0,sevilla,nuevo,118.67666666666668
d55849bd-c34c-4f11-b440-630da7a5b848,3,177.22,35.0,barcelona,vip,59.07333333333333
d5596933-431f-41bc-a9fc-b7587bf5e8a7,7,478.29999999999995,46.0,bilbao,recurrente,68.32857142857142
d55b713b-ced6-49a0-a12d-9d2f47570f86,6,280.20000000000005,19.0,vigo,vip,46.70000000000001
d56b817c-be9b-4128-8526-2d75b808ed77,11,884.97,61.0,barcelona,nuevo,80.45181818181818
d5715f08-03f9-415d-9271-328cd83e26c5,4,239.39,30.0,valencia,recurrente,59.8475
d59e3a3f-e588-49bb-8016-2982cb678934,7,963.77,31.0,malaga,nuevo,137.68142857142857
d5baac55-e9f0-4636-8ea1-827f25d5d34a,5,356.05,24.0,sevilla,vip,71.21000000000001
d5c4c6ad-508b-4d7c-91a9-e4b0d47c188d,5,463.46999999999997,25.0,murcia,nuevo,92.69399999999999
d5c8ff95-ed13-4e0e-8bd7-99951736e367,8,952.86,40.0,bilbao,corporativo,119.1075
d5cba014-69b3-461c-bcfd-e9e58dec3118,6,815.19,48.0,valencia,nuevo,135.865
d5dd2008-4cc5-473a-9298-252afdffd532,8,916.0600000000001,39.0,barcelona,recurrente,114.50750000000001
d5e457a7-26c4-497a-86c5-33a3a275bced,4,456.22,31.0,granada,recurrente,114.055
d5e4a857-fb8f-45f5-82a2-4ae04b141d1a,3,250.13,46.0,zaragoza,recurrente,83.37666666666667
d5e7e88d-6f6f-4bbe-8528-d1373edbfeee,5,688.33,40.0,murcia,recurrente,137.666
d5f5ceb3-fb52-4a31-9731-4b621b0934fb,6,1048.1109000000001,18.0,sevilla,corporativo,174.68515000000002
d60b37af-8e3f-4520-8bda-dee81202d701,8,1374.7609000000002,41.0,valencia,nuevo,171.84511250000003
d61c6215-5cfa-48ab-9e3c-40b61b5b9e40,6,618.24,45.0,sevilla,nuevo,103.04
d61e5e4f-fa0f-4b7d-83da-cf0cf6451ece,9,718.31,38.0,madrid,nuevo,79.81222222222222
d6286a99-63fb-4ed9-92cf-a72f09e48daa,8,522.13,39.0,sevilla,vip,65.26625
d62bbab0-4460-4b45-9c1e-157ff6e3614f,2,357.51,34.0,sevilla,nuevo,178.755
d63ba1ff-5580-43e1-bd91-2c6eb6c9857e,6,797.14,18.0,bilbao,nuevo,132.85666666666665
d63dddcb-61c1-4794-80f0-a6ed606a47f1,9,668.17,59.0,madrid,vip,74.24111111111111
d64a653a-130f-4b18-8055-098bdb660dfa,5,511.5,40.0,zaragoza,nuevo,102.3
d660690c-1858-4ce9-af4b-9054c99dcbee,10,1765.81,37.0,granada,recurrente,176.581
d67ac84d-7491-4e74-ab63-f25c058f60ba,7,630.4499999999999,31.0,vigo,vip,90.0642857142857
d6817e5a-1008-4331-aacc-685ab94a5f1a,8,698.01,18.0,barcelona,recurrente,87.25125
d68ec87f-cbdf-4c97-a115-0f29fef5d54b,7,647.62,48.0,barcelona,recurrente,92.51714285714286
d68f202d-b5da-4dbe-b0c1-5b9b860618db,2,187.9,45.0,sevilla,recurrente,93.95
d692df57-0992-447b-b11d-ee2739c0e274,1,124.19,30.0,sevilla,recurrente,124.19
d69425b1-eb4c-42be-a4a4-bfc36ad87b42,9,586.91,45.0,sevilla,corporativo,65.21222222222222
d6a3aefe-2053-45c6-a33f-60bf762a77da,8,1060.59,38.0,vigo,recurrente,132.57375
d6a3eb5e-a988-48ef-b2dd-528877a6a955,11,1030.7809000000002,32.0,malaga,recurrente,93.70735454545456
d6a66018-ad23-40c6-841a-f363cb150986,6,508.35,40.0,vigo,vip,84.72500000000001
d6a7c978-91fe-4d46-9bde-cb9c81716576,8,718.89,30.0,valencia,nuevo,89.86125
d6b33c52-d7af-4f1d-880e-69af7431f082,5,279.37,41.0,malaga,recurrente,55.874
d6cd4c39-bcfe-461d-8950-bb2534f3a836,2,135.13,18.0,granada,vip,67.565
d6d2eb19-1729-4be5-b6b8-a1ef24539699,4,136.9,60.0,malaga,corporativo,34.225
d6d32acd-6a3e-4813-bc9c-5f11b3c33fc1,5,960.3700000000001,34.0,madrid,vip,192.074
d6d626db-7799-4544-a31f-d2dd10f80481,7,867.8309000000002,56.0,vigo,recurrente,123.97584285714288
d6da7e35-cbf3-4e43-9f3f-1f70d09a6f07,7,837.99,43.0,vigo,recurrente,119.71285714285715
d6e2d848-0be8-48d6-b064-e66bba714cc9,8,959.36,24.0,bilbao,corporativo,119.92
d6e70a9a-31d4-4e50-8036-9a80bf57209b,8,1033.41,35.0,granada,vip,129.17625
d6e89bd0-7275-4189-b6e6-36c736ae2687,6,418.45,23.0,malaga,vip,69.74166666666666
d6f840bb-d71a-4e87-8985-6c00546a1fb8,12,893.28,18.0,murcia,corporativo,74.44
d6ff73b2-429d-40ad-94ab-84c9cf94ffbf,3,204.13,30.0,bilbao,recurrente,68.04333333333334
d7006d13-d0c1-450d-97d3-350ef6af6b3e,10,1167.36,31.0,granada,nuevo,116.73599999999999
d72632c4-57df-46f8-862e-4d2ea6cb39d6,3,258.33,77.0,sevilla,vip,86.11
d728e022-4783-4877-ad2d-b6c061312596,5,360.07,40.0,bilbao,recurrente,72.014
d73bca78-6b70-4a70-aad8-df5cebbc6212,6,575.55,57.0,madrid,nuevo,95.925
d73ea384-7973-4d1a-a45f-9645a059bf49,7,481.91,51.0,vigo,corporativo,68.84428571428572
d74571d3-12e2-41ae-8419-8b7491e2ce13,6,930.58,38.0,madrid,recurrente,155.09666666666666
d74afc03-cc6c-407b-a905-8d7a991e24e3,6,747.84,37.0,valencia,recurrente,124.64
d75a7b33-ce14-4ed3-ac51-459e0cd93a8e,5,501.84000000000003,21.0,vigo,vip,100.36800000000001
d75bfabd-a416-48b8-92e7-daeb77e864be,6,536.04,42.0,murcia,recurrente,89.33999999999999
d77dcb87-b864-4d9a-970d-b9921fb1c3dc,5,192.94,56.0,zaragoza,nuevo,38.588
d77f521f-7508-4364-9d54-ac60badf6155,5,491.1,47.0,granada,recurrente,98.22
d785a43a-bc51-4ea6-975d-98e6b8e20aec,7,840.99,26.0,sevilla,recurrente,120.14142857142858
d78aa2cb-39d8-4ee1-9984-81edddbdc5bc,10,1529.6799999999998,31.0,malaga,recurrente,152.968
d7a33b0a-6c7b-44f1-82f2-24abb88b4349,8,1167.7,33.0,madrid,recurrente,145.9625
d7b20ac0-5e05-4122-b594-535f746c8868,8,1028.16,38.0,barcelona,nuevo,128.52
d7b6e499-e566-4ea2-9108-01d0612f906b,6,1477.6509,40.0,zaragoza,nuevo,246.27515000000002
d7cd423c-b613-4938-b66f-9768533c226e,10,683.06,31.0,bilbao,nuevo,68.306
d7d2f32d-9636-4780-a499-73d8fa73c8c2,6,460.63,65.0,zaragoza,vip,76.77166666666666
d7d6c01f-263c-46ac-bb50-693d465d7f31,11,1335.8999999999999,39.0,sevilla,recurrente,121.44545454545454
d7d997e5-4c34-4f99-9986-fd3af405e9be,5,617.04,34.0,granada,nuevo,123.40799999999999
d7f457e4-e03b-4b50-bb64-6c70980a7e51,7,992.02,35.0,bilbao,recurrente,141.71714285714285
d7f7c2bd-4a44-4086-9501-f25d40883f79,6,711.66,41.0,malaga,nuevo,118.61
d7fb00c0-4acf-4117-a737-d35e8046c346,5,524.0799999999999,40.0,malaga,corporativo,104.81599999999999
d7fd05ea-f022-416a-a1a0-6793dd837ebc,6,365.97,58.0,valencia,vip,60.995000000000005
d80b51b4-0505-4da4-8921-1ab0fa67d21e,3,267.21000000000004,37.0,bilbao,recurrente,89.07000000000001
d81ebb20-374c-41e4-b929-838778ddd143,6,337.7,27.0,madrid,nuevo,56.28333333333333
d81f1cc6-8340-459f-aca5-2f7cea78a1d2,5,470.11,46.0,madrid,recurrente,94.022
d8394303-87e3-4a71-9891-a6a7bc43ad89,4,317.54,60.0,granada,recurrente,79.385
d83f5cb7-2b3f-44b2-abe8-9bf4cbe1adbf,2,137.71,40.0,sevilla,recurrente,68.855
d8409429-d3df-4998-b16b-c69fcfb18c61,6,675.02,49.0,sevilla,vip,112.50333333333333
d841564d-bf46-47b7-879e-7be6163a96cc,8,624.94,22.0,valencia,nuevo,78.1175
d8485caa-9cab-42e9-ae77-9063702a58dc,7,404.99,26.0,malaga,nuevo,57.855714285714285
d84e5b52-ef36-41d1-a40b-a309005fa361,7,823.55,74.0,murcia,nuevo,117.64999999999999
d8622663-0687-4236-88fc-2cd83e5113b6,11,1111.91,50.0,zaragoza,recurrente,101.08272727272728
d868b53b-a332-45d3-80f0-971b19d1151e,9,1134.12,62.0,granada,recurrente,126.01333333333332
d86c65d5-9209-4be4-82af-152cfeb097c8,10,1100.47,42.0,murcia,recurrente,110.047
d86df7c9-2c57-4fa4-bce5-014efaf54dee,5,786.99,60.0,bilbao,nuevo,157.398
d86ed07c-945c-4419-9f3f-ad2c819107d1,8,555.6800000000001,33.0,murcia,nuevo,69.46000000000001
d8730bb4-2e28-473d-9e28-f4fd07685a92,6,671.45,36.0,bilbao,nuevo,111.90833333333335
d87eba43-304f-4fe8-a626-b43cca062d3e,6,990.62,33.0,malaga,recurrente,165.10333333333332
d8820713-6d9f-4e27-ac6f-5b9bcda9759c,8,774.78,18.0,valencia,recurrente,96.8475
d889721d-2cdb-4e9b-a515-057fdaf1f52a,5,570.51,54.0,barcelona,recurrente,114.102
d88a422d-72e1-4af0-b573-75709ff3ed7e,6,786.2,43.0,zaragoza,nuevo,131.03333333333333
d88b49b1-4cc6-482c-a939-8372e364d298,1,119.75,35.0,sevilla,recurrente,119.75
d89575af-dd54-496e-9054-415347768c8d,6,692.45,30.0,murcia,vip,115.40833333333335
d89856e1-2a01-44d7-bdc1-a06c25a416c5,9,758.22,25.0,valencia,recurrente,84.24666666666667
d8997bd0-5dfb-44e6-8b3c-cecbf60e480f,6,1119.48,43.0,vigo,nuevo,186.58
d89e8cba-5660-47e5-9524-4d8f051c3f03,5,397.87,45.0,vigo,recurrente,79.574
d8a6505d-bd08-418b-b06d-56898c0870c5,8,1003.21,25.0,sevilla,vip,125.40125
d8a80a63-06ec-4659-a30b-4c63458b2524,4,780.91,39.0,valencia,nuevo,195.2275
d8ab9325-caff-454c-8a77-aa2722d47f00,10,1514.8999999999999,23.0,sevilla,recurrente,151.48999999999998
d8b79c37-6157-46e4-931c-66eed57dc80f,5,333.63,38.0,madrid,recurrente,66.726
d8bbb46c-f460-4f07-a8b3-c245a31e9de0,9,866.23,47.0,sevilla,corporativo,96.24777777777778
d8be05ef-50a4-4cb7-ab06-2d4db87ebd21,4,668.64,44.0,malaga,recurrente,167.16
d8bfdc9d-6c42-4703-b79d-0b9c68028067,8,526.96,18.0,valencia,corporativo,65.87
d8c06dda-1d4b-4278-9f43-14c9128392db,7,708.63,32.0,madrid,nuevo,101.23285714285714
d8c75b25-7417-4c12-ae66-a96cfca72917,6,928.91,46.0,barcelona,recurrente,154.81833333333333
d8c8c3c5-55a1-4f40-8444-af04498054b9,7,464.92,52.0,murcia,vip,66.41714285714286
d8d82de1-fe62-4d52-b7d0-0ca1fb5f5fb7,9,923.32,36.0,sevilla,nuevo,102.59111111111112
d8d926a9-6354-46be-8590-7f4d51ba03b7,4,376.94,33.0,valencia,nuevo,94.235
d8da94d9-0aa2-45e7-92c8-6eae8e922ef0,4,219.65,62.0,sevilla,vip,54.9125
d8e44a61-c2eb-438d-ac7c-2f7f7229f664,4,315.86,42.0,valencia,vip,78.965
d8f9ca72-d6f2-4a0a-b13a-555956a26c47,9,865.25,43.0,malaga,corporativo,96.13888888888889
d908b847-f964-4ea1-82b9-15b49fbc1b76,9,916.8299999999999,38.0,murcia,nuevo,101.86999999999999
d918e0c6-cda1-4aa5-9447-37139b2a525a,4,770.68,40.0,murcia,recurrente,192.67
d9295518-a957-4f27-b929-2eba7f669b90,8,897.88,32.0,zaragoza,nuevo,112.235
d936e2c7-88d0-49d5-989a-0b7f75b22a5b,10,1182.6399999999999,63.0,valencia,recurrente,118.26399999999998
d93bae78-0544-403f-881a-756dfe1c87d4,3,397.14,18.0,zaragoza,recurrente,132.38
d93f1b3a-42ef-479a-8d56-978a66615eda,11,974.4300000000001,62.0,malaga,corporativo,88.58454545454546
d9487561-9e96-40e5-9de7-f0d3d3b0bbb0,7,680.47,47.0,murcia,recurrente,97.21000000000001
d95d5b35-6657-4892-955a-b0a9c52bb5d1,8,627.55,40.0,bilbao,corporativo,78.44375
d96c813c-d2b2-4f22-99c2-806acd9959dd,8,743.53,18.0,vigo,recurrente,92.94125
d96ff643-bc9b-4107-ba08-6a6e8ea33e7a,5,380.78,31.0,murcia,corporativo,76.15599999999999
d97161ab-450a-465e-9dc0-73353925e5ca,11,1379.55,38.0,sevilla,nuevo,125.41363636363636
d97353d7-72a8-40f7-aef9-c87ab9063c9f,13,818.71,45.0,malaga,recurrente,62.97769230769231
d97410d5-efd5-4086-b35c-164598a8930f,8,1316.7,27.0,barcelona,corporativo,164.5875
d979b38e-f450-4c15-9f09-f01b047f8643,6,486.21,57.0,barcelona,nuevo,81.035
d97d6283-7433-4514-ac91-850a2a49268b,1,23.64,40.0,murcia,nuevo,23.64
d97ed43a-8440-4d50-bfb6-259926bffd0a,4,249.55,35.0,madrid,recurrente,62.3875
d984055c-a40f-442c-ba0f-a2f81e7f2a5c,3,124.88999999999999,33.0,bilbao,recurrente,41.629999999999995
d99bde8d-3ac6-4ada-bcdd-106eaeab42c5,9,876.28,30.0,zaragoza,nuevo,97.36444444444444
d99ef0df-f762-45b6-a1b1-f33dcd7f8bf6,10,1287.98,43.0,sevilla,recurrente,128.798
d9a6ac08-a59c-48e2-8472-5110052be0f7,6,617.05,53.0,granada,nuevo,102.84166666666665
d9a872e3-493e-448d-9aa5-616d6d15d5c8,4,482.45,55.0,granada,corporativo,120.6125
d9aa60d5-c3f9-48df-a8cf-1063ecd8343b,8,803.14,21.0,murcia,recurrente,100.3925
d9ad27c8-856c-42d4-869f-1911c99e44b4,2,318.6,24.0,sevilla,recurrente,159.3
d9b033f4-6912-442e-a452-a2ba17a7c40f,5,688.96,28.0,bilbao,vip,137.792
d9dbd967-bd2d-4cee-82e0-537140892a1b,6,583.67,50.0,murcia,vip,97.27833333333332
d9e02a32-20eb-4240-b250-b00591f8164e,8,715.0300000000001,39.0,barcelona,corporativo,89.37875000000001
d9e73a30-8de1-4c70-b2f4-668906286530,6,629.48,40.0,valencia,recurrente,104.91333333333334
d9e89fe5-ba69-4541-a7e8-4cc14cad532a,7,273.32,18.0,barcelona,recurrente,39.04571428571428
d9eb5d76-c8f8-48de-832e-02bb5bf07f1b,12,789.68,35.0,malaga,corporativo,65.80666666666666
da10b7fd-4e20-405b-9e57-c54f3c88685f,8,951.3100000000001,37.0,malaga,recurrente,118.91375000000001
da1b915c-19e9-4c1b-b546-d3b8c20e4bf5,5,255.8,39.0,sevilla,nuevo,51.160000000000004
da1f1900-3948-4997-9efe-e132eaa00d54,8,587.6,51.0,barcelona,corporativo,73.45
da1ff244-09ee-412d-bfd5-b5407942c7db,6,454.68,53.0,barcelona,nuevo,75.78
da225356-6cb5-4276-b273-4993a937b047,7,739.23,28.0,granada,nuevo,105.60428571428572
da338e73-f57e-415f-965c-5a40cda9efba,8,713.2,31.0,malaga,vip,89.15
da35a3b2-ffd8-43a8-a014-a2034bf60029,10,877.6600000000001,35.0,malaga,nuevo,87.766
da3c0916-f8bb-44e4-8d3c-2bd1e519b82a,2,418.88,38.0,malaga,recurrente,209.44
da46eaf7-cc0b-4d34-8426-f50e00df8a6b,12,1180.97,18.0,murcia,nuevo,98.41416666666667
da52bf71-47a3-4f57-91fc-ce2c5e7ef750,9,808.22,40.0,vigo,corporativo,89.80222222222223
da55bf35-b1be-4f30-ae31-648aa813d82d,4,446.15,47.0,valencia,nuevo,111.5375
da5a26cf-10a4-4a7f-81f8-d553f21edb71,4,124.50999999999999,32.0,zaragoza,recurrente,31.127499999999998
da66ad3d-746c-44cd-a829-4c1b3415544a,3,149.25,52.0,granada,nuevo,49.75
da6a909d-cd60-4a76-b983-70f4e7c2e49a,9,1513.1,22.0,malaga,nuevo,168.1222222222222
da80b016-2908-4c11-8abd-6daa272a674b,15,1760.09,36.0,vigo,vip,117.33933333333333
da858e40-da13-41ef-8acb-afb1efea8173,6,649.31,45.0,murcia,nuevo,108.21833333333332
da8c1886-5ea2-4ccd-9f85-7bd61f35da2c,7,482.41999999999996,37.0,murcia,recurrente,68.91714285714285
da8fce4e-17e5-4481-b8c1-1c78d913aa15,4,124.86999999999999,44.0,bilbao,corporativo,31.217499999999998
da97397d-4ba5-4805-a517-a95e559ac795,5,515.58,31.0,madrid,vip,103.11600000000001
daa31b3d-a610-4217-bff7-22c168adb892,9,1008.92,60.0,sevilla,recurrente,112.10222222222222
daa81805-061e-4743-92c5-aed4fb498072,5,380.73,40.0,sevilla,nuevo,76.146
daad7e4a-e101-47d1-a698-b5ff1af474d7,3,429.64,32.0,sevilla,vip,143.21333333333334
dab11823-a096-46cf-b745-ef9f72e6121c,11,1180.7709000000002,40.0,vigo,nuevo,107.34280909090911
dac20c04-858e-4332-9dfb-69ffa6c5b11a,6,1083.6909000000003,54.0,madrid,vip,180.61515000000006
dac22251-4c2f-4048-baae-6c89043dcb8f,4,573.45,45.0,sevilla,nuevo,143.3625
dac4dd28-321e-417e-9097-3f310f849e20,6,642.3,59.0,vigo,nuevo,107.05
dacc377d-6c92-4f2b-bf42-3ee0c1a96777,8,646.9,37.0,sevilla,recurrente,80.8625
dad1385a-c832-4b2d-81f2-d3f540f38c20,10,953.63,37.0,murcia,nuevo,95.363
dad6f242-fdd8-4521-bee1-533c34a38544,6,655.5,41.0,bilbao,nuevo,109.25
dae5fff4-d5df-4768-8ca0-a5060a197161,10,1073.92,34.0,madrid,nuevo,107.39200000000001
dae7d3b5-b1fb-4852-9fa6-95afe6b45ab4,5,325.27,22.0,murcia,recurrente,65.054
daf08a7c-5881-470c-95e6-8767ba4687bf,7,1016.9,31.0,bilbao,recurrente,145.27142857142857
daf1b191-afe8-4cd9-b7c5-edc76723bf3c,3,187.61,22.0,murcia,vip,62.53666666666667
db0d09ec-88ed-4163-a6cc-c704a323afdb,8,937.04,46.0,barcelona,corporativo,117.13
db149ad8-0c25-4974-bf32-666a062382b8,10,1303.6809000000003,65.0,granada,nuevo,130.36809000000002
db14a7b3-d803-4613-b9c1-b06844efc0c1,6,614.23,66.0,murcia,recurrente,102.37166666666667
db157ec8-e38c-4757-ae28-ea8952696e30,13,617.54,29.0,valencia,recurrente,47.50307692307692
db208df5-29af-41cb-89e8-19f544a4f2b1,4,482.93000000000006,27.0,bilbao,nuevo,120.73250000000002
db274ce1-8f51-4a30-8337-6593ac2ad3f2,3,564.4399999999999,64.0,granada,recurrente,188.14666666666665
db2f7cb8-752a-4ac0-9f9a-300f34de8c07,4,201.36,30.0,bilbao,nuevo,50.34
db37aa06-6839-4176-bb1a-6e58a6ff5217,6,795.83,53.0,malaga,nuevo,132.63833333333335
db38a5ec-c291-4cdd-8870-0769ca65d5ea,14,1469.3,44.0,barcelona,recurrente,104.95
db4d580f-3579-49db-a73b-b9717b055a7d,7,542.79,18.0,valencia,recurrente,77.54142857142857
db543069-b458-4621-8617-63885a7e0e00,5,354.29,33.0,bilbao,nuevo,70.858
db557424-4b6b-4df3-bd17-053f1b71b99f,8,667.09,56.0,granada,nuevo,83.38625
db584db5-a8fa-4842-ba5c-77ce75a3558c,13,1545.08,19.0,vigo,corporativo,118.85230769230769
db611374-875e-45a2-ac95-7279ae163bf2,7,583.44,53.0,vigo,nuevo,83.34857142857143
db78c907-05ea-495a-9e6b-71523806f7e7,5,406.78000000000003,43.0,sevilla,corporativo,81.35600000000001
db7a287c-85f4-4885-ade6-5944b7a28568,5,581.55,40.0,granada,recurrente,116.30999999999999
db7b3aaf-9b20-45d4-b5ff-870907f4341a,7,625.99,53.0,sevilla,nuevo,89.42714285714285
db7d3509-8b55-42d7-b835-220092e2317c,11,1296.1909,34.0,bilbao,recurrente,117.83553636363636
db801da9-4126-4838-8fa1-30697e8cf116,10,1061.47,48.0,murcia,vip,106.147
db841619-26ae-478a-8a5f-acf0907690de,2,318.85,26.0,murcia,nuevo,159.425
db88df2e-2604-4495-b64b-5aede83faed5,11,893.37,39.0,barcelona,nuevo,81.21545454545455
db9747da-18d4-4601-a8d4-9e9707eb0e40,6,1017.82,40.0,barcelona,corporativo,169.63666666666668
db9df6d2-ff89-4294-9290-825f7ffa33bc,7,369.51,56.0,bilbao,nuevo,52.787142857142854
dba11625-cac1-4c93-97dc-9d6ad7eb386f,10,1070.54,48.0,sevilla,recurrente,107.054
dba3e5ac-2b3a-434c-8308-5348bf1fe336,6,638.77,24.0,bilbao,nuevo,106.46166666666666
dbaec9ef-f30e-4922-94a0-07a904dfcec1,4,443.5,39.0,malaga,recurrente,110.875
dbb79401-a1ec-4476-8b91-672715634365,7,482.21999999999997,61.0,madrid,nuevo,68.88857142857142
dbb84339-1433-47a6-8fa5-1a57cef87e4b,4,884.9109000000001,42.0,bilbao,recurrente,221.22772500000002
dbbbe249-4893-4f74-829c-9dadeb294c3f,3,320.67,38.0,barcelona,nuevo,106.89
dbc790e0-2659-4c43-887f-e1f4a0c35e42,8,467.95000000000005,40.0,vigo,recurrente,58.493750000000006
dbd0f815-b31a-4ace-98e5-b4696eaf7ec2,5,894.9109000000002,50.0,valencia,nuevo,178.98218000000003
dbd8f084-b643-4e3a-b9a4-36d818106061,7,1366.62,41.0,madrid,corporativo,195.23142857142855
dbe0d9c8-b2dd-4971-a40f-4645dc98c24c,5,374.21999999999997,18.0,madrid,corporativo,74.844
dbeae76e-eb82-40ae-a377-77115481ef3b,7,863.38,50.0,vigo,corporativo,123.34
dbf54ad8-12c5-42fd-a78c-5c2f0cb0e5d4,7,935.61,21.0,murcia,nuevo,133.65857142857143
dbfb9fc9-267e-43f7-ae6f-ad1586414a51,5,517.97,39.0,barcelona,nuevo,103.59400000000001
dc0c10e7-3a56-40e9-8b2e-ebebb09d305f,9,723.04,34.0,malaga,recurrente,80.33777777777777
dc179a93-8944-4f99-af65-534ef0216ad0,5,540.96,21.0,zaragoza,recurrente,108.19200000000001
dc18e514-5f8b-4c9d-81c3-58dc61356ca5,5,643.0,32.0,zaragoza,nuevo,128.6
dc212dad-4573-4b11-848c-4c3a2fdd82f2,8,1497.2,46.0,granada,recurrente,187.15
dc2353c5-ea28-4b14-a7a9-bb1105a5c1bf,10,1288.37,55.0,malaga,recurrente,128.837
dc3663ea-2796-49ff-8420-546d8af6438a,6,1013.65,24.0,barcelona,vip,168.94166666666666
dc391716-3c0c-4b24-8201-21b2246e310e,8,977.98,38.0,murcia,vip,122.2475
dc40b91e-01a3-42af-826e-3fba62e57aa1,7,1271.8,71.0,barcelona,nuevo,181.68571428571428
dc413b6b-a279-4eb6-9e68-ba6f982b1ba9,5,603.76,44.0,murcia,vip,120.752
dc437dcc-8342-4c08-8c4f-a6357e1b398c,8,485.11,43.0,valencia,corporativo,60.63875
dc4fa4a5-f0e0-43e9-894a-938529a6dbff,5,912.1600000000001,25.0,murcia,recurrente,182.43200000000002
dc5810dd-f8eb-4471-b5c1-cce0d7f1b485,7,786.92,29.0,murcia,nuevo,112.41714285714285
dc5951c3-0c02-4734-abfb-97b5c5571541,4,481.32000000000005,50.0,malaga,nuevo,120.33000000000001
dc65106a-a0b0-47a7-bfad-1bb21c4edfb8,5,463.04999999999995,33.0,murcia,recurrente,92.60999999999999
dc67fa24-518f-404d-89a3-0d5c388296cf,1,503.0609000000002,42.0,zaragoza,nuevo,503.0609000000002
dc6c7a2a-62b7-45f2-a2d7-e1c44c7169e1,7,533.01,18.0,valencia,recurrente,76.14428571428572
dc77432e-9889-4def-8ae0-37f17b79dcda,5,284.25,34.0,malaga,recurrente,56.85
dc7bc79a-18d0-47d3-875e-ed22955a7ea2,8,471.7,45.0,valencia,nuevo,58.9625
dc81995f-4467-4ac5-9ce5-e6c42c345886,7,428.46,22.0,granada,nuevo,61.208571428571425
dc875784-4c62-4b7a-95de-846f414ab75a,6,619.92,40.0,valencia,corporativo,103.32
dc901084-2c20-4b30-a1f3-3d8aa4022f23,7,446.25,56.0,granada,nuevo,63.75
dc9114ba-4ba0-42d4-bc17-67f21b6e8936,7,1213.15,48.0,valencia,nuevo,173.30714285714288
dc99e000-bf35-4e02-8801-eb73fc28b8bd,8,625.19,36.0,barcelona,recurrente,78.14875
dc9b0c1a-68a4-41e4-8fa9-f4552c097200,9,1112.98,45.0,vigo,nuevo,123.66444444444444
dca15879-b56b-407b-a720-cd7b1f17ba3b,5,274.13,18.0,barcelona,recurrente,54.826
dca18cc2-5389-44be-bd6f-6abe873ad3b6,9,1005.62,41.0,valencia,nuevo,111.73555555555555
dcaaa6ad-c935-45c9-bf7f-29de1eddbb9f,7,508.15,40.0,sevilla,nuevo,72.59285714285714
dcb9bb4c-044e-4113-920f-c5a2926217e5,5,385.52000000000004,31.0,sevilla,vip,77.10400000000001
dcbf3d43-76bb-4797-8cf0-d5f8edc58208,9,1793.0,51.0,granada,nuevo,199.22222222222223
dcc599ad-9ddf-4c96-ac8c-3252a62e6b6c,4,389.44,36.0,malaga,vip,97.36
dcc694c1-6a24-4af2-ae21-baac9f122ff2,7,664.83,39.0,malaga,nuevo,94.97571428571429
dcd59851-d66f-434e-bc15-0cf0ec427860,2,235.74,50.0,sevilla,nuevo,117.87
dcd7998d-0e05-4e7d-91d0-0bd02e19a4e2,4,235.06,18.0,bilbao,vip,58.765
dcd7abde-928b-4742-98b0-dcbeb289393b,2,179.53,32.0,barcelona,nuevo,89.765
dceb2229-b222-4e3a-a7b8-3fcc022cc411,4,192.21,48.0,granada,nuevo,48.0525
dcec882f-90c4-48a1-a6b8-89d4f3feb905,8,769.75,36.0,malaga,recurrente,96.21875
dd1f63d8-c9ae-4e53-84e0-17157ca574a1,6,271.97,68.0,sevilla,corporativo,45.32833333333334
dd2cbef7-e440-4ad9-bbbc-00bc36e617d3,6,608.0699999999999,47.0,valencia,nuevo,101.34499999999998
dd305796-ca8f-421d-a17c-6debd330d7da,7,535.3,30.0,granada,nuevo,76.47142857142856
dd4e5c73-b577-4753-9b83-e8d606262ba6,12,1048.03,66.0,zaragoza,recurrente,87.33583333333333
dd507372-1302-468e-bfba-706c42e336b6,7,1124.53,30.0,sevilla,nuevo,160.64714285714285
dd54b3a2-6165-4be4-886b-959122e0262b,12,1403.23,34.0,madrid,recurrente,116.93583333333333
dd64d7c5-2d62-4f08-a919-e2c3e1076fea,8,697.62,22.0,barcelona,recurrente,87.2025
dd7c631b-d6f1-493b-b76c-5a452dbec493,5,765.52,31.0,murcia,recurrente,153.10399999999998
dd81e9cc-869f-4b06-adaa-9b44e49bebf6,6,759.6,35.0,sevilla,nuevo,126.60000000000001
dd9d838f-4553-4f94-8fea-f2a076faea9c,5,605.41,23.0,malaga,recurrente,121.082
dd9f3eca-89d5-4482-b711-737ddf0706a5,6,998.5309000000002,18.0,valencia,vip,166.4218166666667
dda89546-f6e4-4e13-9fef-a067a289ea2d,4,316.73,37.0,bilbao,nuevo,79.1825
ddaeff6b-54b9-43e5-b6d3-2b63a9fbe1f7,11,1029.88,49.0,bilbao,recurrente,93.62545454545456
ddb0d6c5-d9a6-44b7-bda2-ac48006cc7cf,7,986.0899999999999,45.0,malaga,vip,140.86999999999998
ddb55a01-00ef-4583-a56f-207600574c71,8,862.87,26.0,granada,nuevo,107.85875
ddb64da5-53ab-4741-a2ac-b9ca39389b1e,8,751.73,37.0,murcia,recurrente,93.96625
ddbac2fc-9d47-4e07-b425-1135c2e48e9e,4,461.43,48.0,sevilla,corporativo,115.3575
ddbb192d-5834-4821-8e03-fc6f02fa784e,6,839.4200000000001,41.0,sevilla,nuevo,139.90333333333334
ddcf20ff-c653-44c0-a47f-a19adc9eda65,2,100.95,60.0,madrid,recurrente,50.475
ddd621f7-530e-4731-bb79-cd4e505341e6,5,414.18000000000006,55.0,barcelona,recurrente,82.83600000000001
ddff4fa3-9b9e-4457-9b1f-b8f6edda0ea2,4,266.28,40.0,sevilla,recurrente,66.57
de022ac8-c5c6-4fa5-aebb-efcaad3e7892,9,857.81,28.0,barcelona,recurrente,95.31222222222222
de03b57e-4e3a-40f6-bb54-add5dc846b1f,8,1094.9209,52.0,zaragoza,recurrente,136.8651125
de050817-b79d-4a3c-937b-1781120a1fc7,2,153.49,54.0,madrid,recurrente,76.745
de110df7-e849-41fc-9227-33f830f70566,8,292.13,22.0,granada,nuevo,36.51625
de1374a7-2390-4bdd-8bce-8b9a41830f92,10,1180.03,59.0,valencia,recurrente,118.003
de24bf5e-ca0a-42a4-bb05-e490ff4efc9a,4,513.69,34.0,vigo,vip,128.4225
de2e8600-6046-49d7-b5c7-8534945ffa02,6,392.78999999999996,36.0,vigo,recurrente,65.46499999999999
de36e6bc-b0de-4d3b-8075-a7ca729f73cd,5,271.25,59.0,granada,recurrente,54.25
de397d80-3f4f-4980-a7cc-fd715fd7473f,6,1205.6609,52.0,murcia,recurrente,200.94348333333335
de3f154a-d880-4efa-8da4-508c9a7b0cea,8,763.9,33.0,zaragoza,corporativo,95.4875
de45586a-02df-4845-9e6c-9259852030ea,7,727.27,23.0,bilbao,recurrente,103.89571428571428
de4604c0-03e5-45a9-8e25-af6668626db3,5,679.62,40.0,granada,nuevo,135.924
de541508-ff7d-4fab-882d-d5439c5ac14d,7,394.8,46.0,valencia,recurrente,56.4
de5489fb-3879-457b-a5fa-3eb7c117040b,6,693.92,64.0,sevilla,nuevo,115.65333333333332
de5afc48-2e94-4c52-b8fc-eb8b896e72d2,6,668.96,36.0,malaga,recurrente,111.49333333333334
de5d1671-0a6a-4fad-8cfa-acaad06b7144,3,206.16,49.0,malaga,corporativo,68.72
de63d95e-135e-4ea4-9afc-43ed3baada79,4,224.30999999999997,37.0,malaga,recurrente,56.07749999999999
de76751c-06ed-49ec-a96d-eb75c7c99352,5,393.61,58.0,granada,nuevo,78.72200000000001
de7ad7f8-2a9e-4dbc-8fef-28cea78561e2,6,335.4,62.0,malaga,recurrente,55.9
de7b78ec-508a-4b9d-9b7a-7fb4279ec541,8,996.77,29.0,murcia,nuevo,124.59625
de7f3286-290a-4192-bc03-c714c1630e40,4,262.32,34.0,valencia,recurrente,65.58
de8b5623-53ca-4168-a4ad-74a93e147780,6,520.87,37.0,vigo,recurrente,86.81166666666667
de8d043f-e93b-4a68-b2ba-ca72b3868312,11,1362.17,46.0,barcelona,nuevo,123.83363636363637
de9081ab-0075-423b-86f4-01e13c22d33a,8,698.6700000000001,59.0,granada,nuevo,87.33375000000001
de92d7f6-0e41-4b05-9138-7ff692bbc165,6,570.12,35.0,murcia,corporativo,95.02
de93a12e-299a-46f7-9893-f54b56076633,4,280.87,65.0,granada,nuevo,70.2175
de952011-2871-4245-95bd-d28a846bd1f3,4,807.3609000000002,44.0,barcelona,recurrente,201.84022500000006
de978d0f-6c24-4ec0-84fd-cd0b0a1d8dc0,4,443.76,40.0,murcia,recurrente,110.94
dea1e1f9-fe73-4b02-8ae4-2941a3f51df5,4,612.04,72.0,murcia,nuevo,153.01
dea482d5-f0ed-4e73-9af8-bc6f8bc8f46b,6,617.37,18.0,murcia,recurrente,102.895
deacf409-12a2-4e5e-a902-1a836883ea59,9,745.12,19.0,bilbao,recurrente,82.7911111111111
dec73ce1-8814-48d2-851e-292feab72aa5,9,788.57,46.0,sevilla,recurrente,87.61888888888889
ded10878-68b2-4d2b-be8b-50dfa7ba9abf,10,622.5,45.0,barcelona,vip,62.25
ded8cfbd-8874-496e-9a92-ee7a308013fe,5,562.99,55.0,barcelona,vip,112.598
dee1ad09-dcae-45ff-b312-ae8b96557c5a,4,384.12,50.0,valencia,vip,96.03
deeb93c1-644c-4f59-9a83-f65f1858be0f,3,127.78999999999999,56.0,granada,vip,42.596666666666664
deefe6dd-0d3e-49d0-978c-8473bb916598,9,805.54,35.0,murcia,nuevo,89.50444444444445
def2fe31-97c0-47f8-8ddf-282374d9b237,9,1136.41,42.0,vigo,nuevo,126.26777777777778
defa5358-c026-4f90-b4b6-9be670be22ef,5,127.0,52.0,vigo,corporativo,25.4
defa6701-a9a9-4772-9a63-b9a83b42282b,6,464.06000000000006,33.0,sevilla,nuevo,77.34333333333335
df1ddcc3-b509-4301-9bb4-0f22b5ab49a1,5,1114.8009000000002,33.0,sevilla,nuevo,222.96018000000004
df2011c5-4154-40e3-8239-120150268cc4,6,1030.0609000000002,33.0,madrid,nuevo,171.6768166666667
df20af0b-c017-49dd-af57-442b123dfc31,8,564.25,45.0,madrid,corporativo,70.53125
df2dc837-b57d-4850-999d-7c7ed1392d7c,4,352.12,18.0,valencia,recurrente,88.03
df313297-e689-4721-8ba6-9aa9be19a23c,9,1284.92,55.0,bilbao,nuevo,142.7688888888889
df329760-745d-4b6d-98e6-2f917612d3d5,11,1486.32,45.0,barcelona,nuevo,135.12
df361411-fd9b-4366-8b98-c390041144bf,5,799.72,70.0,madrid,nuevo,159.94400000000002
df36c3e8-fa7e-42b8-a49b-492c9afafd00,3,195.34,25.0,barcelona,recurrente,65.11333333333333
df3a0ee0-4658-4868-ae14-3a1bcb9ac5a1,5,297.94,28.0,murcia,recurrente,59.588
df3c1221-b61c-42ee-8d34-d94a96aaf7db,8,964.0799999999999,46.0,valencia,recurrente,120.50999999999999
df3dad82-753a-4899-b69a-abedbef64df1,8,894.52,40.0,murcia,nuevo,111.815
df40eac8-bd95-497e-a90d-cb3e9deca616,6,279.35,50.0,valencia,nuevo,46.55833333333334
df500ec5-0f9e-44a5-872e-9e4131745fbc,5,285.46999999999997,37.0,zaragoza,recurrente,57.093999999999994
df5d4eef-5abc-494c-8cc2-627a09094959,4,213.21,42.0,madrid,nuevo,53.3025
df649c3a-cf12-4ab2-8995-d1deec39dca5,6,663.65,42.0,valencia,nuevo,110.60833333333333
df64d95d-5846-4588-b187-66b4d50afa39,10,1724.07,40.0,bilbao,recurrente,172.40699999999998
df66e8e5-a70c-425b-a92c-3066b7f54434,7,820.62,32.0,zaragoza,recurrente,117.23142857142857
df77b3c9-4485-42fd-b2bb-0587cec8d958,4,522.11,29.0,sevilla,nuevo,130.5275
df898865-c92b-4063-a73b-f2e925d4b651,9,801.33,46.0,granada,recurrente,89.03666666666668
df89d3ca-d03b-4a45-9029-d8c501f86287,4,568.29,42.0,zaragoza,nuevo,142.0725
dfa04092-700f-4fe6-8ee7-6c2b5f425395,5,321.26,24.0,granada,vip,64.252
dfa29b4e-02c3-4bc8-b327-333bbab375f9,17,1763.9,55.0,barcelona,vip,103.75882352941177
dfa9a9b0-42ba-41eb-b16b-235ebb69be1e,9,878.29,25.0,malaga,recurrente,97.58777777777777
dfabd8c3-13f1-4a0e-8609-88b93a56f5b0,9,1028.99,56.0,madrid,recurrente,114.33222222222223
dfae641f-e4b6-4ec3-9cab-828d0d15c329,5,816.92,63.0,murcia,nuevo,163.384
dfb7d859-41fb-4059-85b4-65c6273489db,7,408.22,29.0,barcelona,recurrente,58.31714285714286
dfc3f449-362b-4f6a-96a7-8ec8355cf01a,11,715.4,31.0,valencia,recurrente,65.03636363636363
dfc5e3ee-2575-4f49-86b2-8de875cfafea,6,423.39,30.0,granada,nuevo,70.565
dfcb8c8a-53c4-45b8-975b-71e7ae1f2d97,12,1122.94,68.0,valencia,nuevo,93.57833333333333
dfcd4736-697c-4fed-ab1b-7f4d9064f578,7,515.99,19.0,madrid,vip,73.71285714285715
dfd398ce-7536-4b48-873f-5139bb9efa97,5,674.83,38.0,sevilla,nuevo,134.966
dfe00334-c472-413c-a6fd-138f121ea47e,7,563.2,47.0,murcia,nuevo,80.45714285714287
dfe1586f-1980-44d8-a69c-cd8d5b9f2bd4,7,763.08,53.0,barcelona,recurrente,109.01142857142858
dfe290e5-9602-47ec-b2da-f3b35a1ca26e,8,1143.87,51.0,madrid,recurrente,142.98375
dfe6a8c4-bb6e-48ec-8c41-d74c2f8df8e9,6,557.8,32.0,madrid,nuevo,92.96666666666665
dff308aa-8583-40d7-87fe-33b8d2240d0c,3,258.74,41.0,bilbao,vip,86.24666666666667
e021d181-6b12-4166-95d2-4d8d05ad24ba,7,664.5799999999999,42.0,bilbao,nuevo,94.93999999999998
e02e93f3-6909-4157-a87f-51450270645d,6,591.35,37.0,barcelona,nuevo,98.55833333333334
e0404f0c-abc3-4890-b7c8-c9e5b99ac188,9,927.38,34.0,malaga,nuevo,103.04222222222222
e0444c08-6f5d-4d5a-a006-8e80307afec1,7,451.1,18.0,zaragoza,corporativo,64.44285714285715
e054ca31-4afc-451b-ac70-9d8cd41880d4,5,241.89,36.0,bilbao,nuevo,48.378
e05f1ce8-8370-4ede-8681-2a0fca94168b,6,461.45,54.0,zaragoza,recurrente,76.90833333333333
e0675792-9c9c-4f29-a7ee-84999485ba66,10,619.0600000000001,24.0,barcelona,nuevo,61.906000000000006
e072246f-e47c-4652-99d7-d6941304df4c,4,827.47,32.0,zaragoza,corporativo,206.8675
e0724112-65d7-4c8a-9372-663c6f81a35d,6,843.4399999999999,32.0,bilbao,vip,140.57333333333332
e0809f2a-3e76-4e77-a8a9-e8e5d5279387,6,699.64,53.0,granada,nuevo,116.60666666666667
e088367f-444e-4404-a232-f9fc277efda4,7,1358.7809000000002,45.0,granada,vip,194.11155714285718
e0a0a5b7-2a0a-41e4-bb78-2cce2936cc78,9,651.85,41.0,sevilla,vip,72.42777777777778
e0a3bdb8-aedb-4514-a942-2f4af0d7ea18,4,497.65999999999997,42.0,barcelona,recurrente,124.41499999999999
e0a45fc3-95c3-4425-a4dd-410ca640ca13,4,338.42999999999995,40.0,valencia,recurrente,84.60749999999999
e0b05d0b-cd10-4fdd-ada8-05691df944b5,10,1153.81,52.0,murcia,nuevo,115.381
e0b8d8bb-631e-4ac7-bc91-60286279f55d,4,498.9,31.0,zaragoza,vip,124.725
e0bb2669-46de-446a-ae99-17674f69cb75,4,638.08,30.0,zaragoza,nuevo,159.52
e0c5cdb7-82c3-431f-8b77-358d8d5bac60,5,971.1,54.0,bilbao,nuevo,194.22
e0f52592-cac1-4388-b83c-5fe9968da8a3,6,911.7709000000002,43.0,vigo,corporativo,151.9618166666667
e0f5e095-e9fc-4744-b8d8-c78f12f1614c,5,484.76,40.0,zaragoza,nuevo,96.952
e0f8bfab-8b6c-4f98-b270-e949e8c059c5,4,190.41,60.0,barcelona,nuevo,47.6025
e0fa6458-cfe9-46ec-aecc-fad516957bf1,8,607.8,31.0,valencia,recurrente,75.975
e0fd966a-7d4f-481e-a387-eb3a7cb7f556,1,22.84,51.0,granada,vip,22.84
e1122688-ced0-418f-a19f-7685b579e457,14,2023.8818000000003,54.0,barcelona,recurrente,144.56298571428573
e14129a6-585d-405d-9876-9409ba751579,5,481.73,42.0,malaga,nuevo,96.346
e146ed1b-297f-486d-b027-c43bf3fe5abb,6,313.45,53.0,murcia,nuevo,52.24166666666667
e150a60e-a8b7-4caf-8714-cf1afd5635f5,2,106.19999999999999,38.0,madrid,recurrente,53.099999999999994
e156b85f-9d60-4787-9fef-1b849295e51a,5,441.53,40.0,sevilla,recurrente,88.306
e15a272f-ac69-4a8a-8a35-64b039abca9f,11,1206.94,31.0,vigo,vip,109.7218181818182
e16988ef-02bc-44a5-a164-865c564d9620,6,566.51,40.0,bilbao,nuevo,94.41833333333334
e1782cee-de9d-4b39-bb24-cf8e9070d140,4,585.94,46.0,zaragoza,nuevo,146.485
e1825aad-4bcb-4b20-81bd-8e66b8c4d37c,6,817.35,29.0,granada,nuevo,136.225
e1908e60-afbd-48ab-a72c-d2faa7481ff0,6,441.93,25.0,murcia,recurrente,73.655
e19410e4-08d6-4d6b-8927-07f1e822c1ea,8,784.38,55.0,granada,vip,98.0475
e1969b49-83f8-417d-83e7-e251088c22ed,7,686.53,75.0,sevilla,recurrente,98.07571428571428
e197f7f3-a497-4d0e-acf1-d58f6241ac7f,6,462.44,18.0,barcelona,recurrente,77.07333333333334
e19ad902-e85c-4792-bcfa-85515fec2a1a,7,589.51,24.0,granada,vip,84.21571428571428
e19b5434-7d95-4cc5-aa1d-2ec63f65659e,10,1127.39,20.0,barcelona,vip,112.739
e1a2ee3e-abbf-4292-9f93-69db978083aa,6,623.45,36.0,granada,recurrente,103.90833333333335
e1b64e25-3fdd-456f-abf1-8c737336ecae,8,842.98,38.0,bilbao,nuevo,105.3725
e1c8c3be-be95-46f3-8639-7681136a6584,7,767.42,55.0,granada,nuevo,109.63142857142857
e1c9d98f-dbbc-4adc-88f3-d69cbb978fe9,4,334.78,24.0,malaga,recurrente,83.695
e1cb95a4-0a07-41c4-ac53-c5775fe34595,8,949.08,37.0,sevilla,vip,118.635
e1eacb97-19d1-48af-9a54-e7d4fb5cf83b,11,1454.48,50.0,bilbao,nuevo,132.22545454545454
e1ee63de-b2d4-4e27-9c65-f1839730a28b,6,501.2,37.0,malaga,corporativo,83.53333333333333
e1f6c49e-d6d7-471c-89ad-42bb7e745db7,7,754.06,35.0,malaga,nuevo,107.72285714285714
e1f96afd-8f0c-4b86-9a3e-a9d90e537663,3,645.59,52.0,madrid,nuevo,215.1966666666667
e215fed8-15e8-4a40-b651-8dde65ce760e,6,609.18,62.0,murcia,recurrente,101.52999999999999
e21780c4-ee0b-4d01-9ae4-3d9220abee23,8,884.34,44.0,malaga,recurrente,110.5425
e22635e3-a1a4-45ea-8899-16b035c83e25,7,536.6,47.0,bilbao,recurrente,76.65714285714286
e247e481-70ae-4f85-b34a-5d97188dbccb,4,200.6,39.0,bilbao,nuevo,50.15
e24d9ccb-52a7-4376-908c-7d070c997b47,10,1025.97,38.0,malaga,nuevo,102.59700000000001
e24dc847-77e9-4fb5-ac77-0a086b7c5652,6,749.36,68.0,bilbao,recurrente,124.89333333333333
e24e385c-6bff-425c-bb92-66848209edfb,9,771.1899999999999,36.0,malaga,nuevo,85.68777777777777
e2627770-17e4-4329-9692-82719aef6a63,8,805.57,42.0,sevilla,recurrente,100.69625
e264dde8-ccfa-447c-b169-360d79ef71cf,6,671.1800000000001,27.0,granada,nuevo,111.86333333333334
e2706400-3f65-4068-b1cb-bfec41be83d1,6,366.75,36.0,zaragoza,vip,61.125
e2711f09-8cfc-404e-9df0-24cbbc827a69,8,1059.9299999999998,41.0,malaga,corporativo,132.49124999999998
e275e969-d49e-4da0-bf48-c31de0e003ba,3,254.12,43.0,malaga,vip,84.70666666666666
e27dc658-6527-4450-aa7d-8dca8d96f0b0,11,1117.54,53.0,malaga,nuevo,101.59454545454545
e28328b1-1cfe-4f66-a5f4-b433f45420f9,6,775.6600000000001,52.0,malaga,recurrente,129.27666666666667
e286f29d-1bb7-4156-a1fe-53ff34d9ec2e,8,1173.42,35.0,granada,nuevo,146.6775
e28c3bb5-0f62-4c8b-8e0d-2dbca474ab73,8,440.78,32.0,madrid,recurrente,55.0975
e28d3dba-d81f-4e21-aefb-12cc708cd743,7,870.8,42.0,vigo,vip,124.39999999999999
e28f5a58-653d-419c-bbc1-909a26dc6a6c,6,559.3100000000001,49.0,zaragoza,corporativo,93.21833333333335
e291b892-419f-46a7-bede-cbfbf35e824e,12,1233.04,48.0,barcelona,recurrente,102.75333333333333
e299f2cd-1053-4d52-876f-9731a8a64f46,10,603.04,22.0,valencia,recurrente,60.303999999999995
e29e9c4f-4517-46c2-9d5f-39a11a09a432,7,563.59,43.0,sevilla,vip,80.51285714285714
e29f76cf-277e-4840-87ef-9a80da9a5634,10,995.5799999999999,53.0,valencia,corporativo,99.55799999999999
e2a1f6ad-8b60-41c2-a6dc-a13a30d59124,1,84.42,40.0,barcelona,recurrente,84.42
e2a6c33a-25ce-4cd4-bc2a-34d66010c7da,5,507.47,67.0,murcia,recurrente,101.494
e2a6cbbb-5485-43e7-b21c-d22a844738fc,8,748.28,36.0,granada,vip,93.535
e2a99a63-edc4-4620-89f4-bc5aa2d866a4,4,327.21999999999997,29.0,granada,nuevo,81.80499999999999
e2abc078-832b-4c5d-a53d-0f0e5ad18987,6,534.8,22.0,murcia,recurrente,89.13333333333333
e2ad5451-0c60-4574-afb4-c86146f410f2,10,1181.57,40.0,malaga,nuevo,118.157
e2addd6b-2f68-49fc-9322-c715338de7b8,6,533.6,50.0,madrid,vip,88.93333333333334
e2b823c3-2dad-46f0-a66f-3c19d56ca96b,6,346.56,48.0,barcelona,nuevo,57.76
e2b914ee-a8ac-4ecb-a687-8d87171c403e,5,541.5799999999999,56.0,valencia,nuevo,108.31599999999999
e2caf890-213b-4a38-a537-9d2e9fdd43c7,8,568.82,24.0,malaga,vip,71.1025
e2d208e0-7418-476b-8d75-438c96a1286b,4,439.40000000000003,30.0,granada,vip,109.85000000000001
e2d5321e-401a-40d3-b3b9-01e8522b62be,6,595.79,33.0,granada,vip,99.29833333333333
e2e4730e-561f-49e4-870e-a307c873b502,3,214.86,53.0,malaga,recurrente,71.62
e2ebd8d1-7e51-40b7-8afa-f835dd4cf813,4,563.62,23.0,bilbao,nuevo,140.905
e2ee69b8-29ec-47ae-9053-0a2a398bc66f,4,369.07,49.0,vigo,recurrente,92.2675
e2f57429-bf49-4e23-949b-fb62fff54c40,9,990.46,38.0,sevilla,nuevo,110.05111111111111
e2fe700f-3a0e-4913-ae99-525d5935c596,5,335.92999999999995,40.0,vigo,recurrente,67.18599999999999
e30eeb87-5542-4bdf-a1e6-a1a3a5d024cb,9,1054.75,51.0,barcelona,nuevo,117.19444444444444
e323ab71-9f07-42e3-a4c6-b1d9d3bc3c8d,4,214.37,23.0,bilbao,nuevo,53.5925
e3248e64-b557-4919-be4d-483a636791c8,8,943.93,62.0,madrid,nuevo,117.99125
e324aebc-16ce-40cb-8138-e85788592cd4,9,1019.15,40.0,barcelona,corporativo,113.23888888888888
e324fa39-71d0-4090-82fe-0c6d7d0688ee,6,752.64,62.0,vigo,nuevo,125.44
e326518b-11d4-4815-8498-f741d5526907,3,134.16,42.0,murcia,nuevo,44.72
e32ad42c-401d-4749-92e0-b642bc85916f,6,682.06,51.0,madrid,nuevo,113.67666666666666
e331d137-46ba-49fd-97f1-6cba5f2ac58e,6,585.67,30.0,barcelona,recurrente,97.61166666666666
e33733e6-819a-4d43-ba2b-9209f099f5ee,6,382.41,35.0,sevilla,corporativo,63.73500000000001
e33dd901-e930-4861-990c-0d4b6b69f10b,6,352.85,50.0,malaga,recurrente,58.80833333333334
e3524d39-e025-4e59-8d1d-7ce47eafa0b8,7,591.5999999999999,57.0,bilbao,recurrente,84.5142857142857
e35379cd-5f84-448d-9545-c97d78fe9963,10,1039.85,18.0,sevilla,nuevo,103.98499999999999
e355cad4-1f44-4092-9e46-ee9c68c0c4cc,11,1512.96,43.0,sevilla,corporativo,137.54181818181817
e35c3c92-879d-4626-8582-b26fedec95ca,6,783.73,52.0,granada,nuevo,130.62166666666667
e36394ee-1a4f-4cf7-a6f6-51fb72b7b5cc,7,999.26,40.0,granada,nuevo,142.75142857142856
e36e8fc6-94f3-491b-bb86-376b3111bf45,3,385.25,18.0,vigo,recurrente,128.41666666666666
e37f1fe2-3dc5-4454-ac18-40a0ca4cfb56,8,685.52,40.0,malaga,nuevo,85.69
e3808e0a-7209-45bd-8379-c4cd6a69ccd0,5,733.5899999999999,18.0,malaga,nuevo,146.718
e3845c88-ab08-4505-bf86-fe854743992e,6,246.38,40.0,zaragoza,nuevo,41.06333333333333
e38690f2-56a5-4e68-acca-4cacf060507d,6,1008.16,41.0,bilbao,nuevo,168.02666666666667
e3972cd2-0abb-4551-a431-f7609922e9ba,8,523.91,29.0,sevilla,vip,65.48875
e3a0cfc5-c128-4053-862f-5841ecf260f1,8,946.96,57.0,valencia,nuevo,118.37
e3aab772-bc3e-4077-bc51-fc5afa0beb2b,4,272.46,18.0,sevilla,recurrente,68.115
e3cc59c7-55af-4c81-ae02-794151f621db,5,308.38,18.0,vigo,recurrente,61.676
e3ce7b48-7ebb-4c0d-b869-ab10c9db8b32,6,539.87,40.0,vigo,vip,89.97833333333334
e3d3eeac-e395-4a50-90ef-0b13a27a3fb5,6,775.1700000000001,51.0,granada,recurrente,129.19500000000002
e3d73f64-cbf0-4726-bb0a-7f78dec5fd4c,6,564.49,29.0,barcelona,recurrente,94.08166666666666
e3d8136e-d3e3-4772-a5e1-ef46dd385ca7,8,892.46,24.0,zaragoza,nuevo,111.5575
e3eb622a-887f-4118-a4e6-6c031eb26a00,4,432.62,28.0,zaragoza,vip,108.155
e402673b-9f5c-462c-bb56-6254ac125be3,9,1122.6200000000001,43.0,barcelona,recurrente,124.73555555555556
e402eedb-272e-4406-9d38-44d66fa26790,6,562.85,36.0,granada,recurrente,93.80833333333334
e41f4500-f20e-4ab9-9d45-129ad30af1a5,8,1550.27,51.0,barcelona,corporativo,193.78375
e429b5b4-7535-4116-b237-ed36fba032f7,8,1064.48,42.0,bilbao,nuevo,133.06
e43a76c2-8375-49cb-834c-ee58acc032fc,8,941.66,30.0,zaragoza,nuevo,117.7075
e43d0445-706c-4710-aed5-0a7c577d6b3a,4,264.53000000000003,27.0,valencia,nuevo,66.13250000000001
e448ea6b-2d05-40fe-b6fd-2515ebb03599,6,879.7709000000002,37.0,malaga,vip,146.62848333333338
e44955d7-42a4-4c3f-b925-27f415a17319,5,217.94,53.0,granada,recurrente,43.588
e44cd106-e64d-4e13-b4d0-a865902eef5d,6,471.49,31.0,barcelona,nuevo,78.58166666666666
e452102a-c012-4077-b703-69d1811d4b80,8,672.74,40.0,bilbao,nuevo,84.0925
e4626dbe-6f89-4afa-a6dc-9c13d3c48111,5,449.53,52.0,bilbao,recurrente,89.90599999999999
e46b0d8b-190f-4c06-876f-fb6d80a2eec2,7,1009.45,30.0,vigo,nuevo,144.20714285714286
e46c9024-2ef5-4600-8628-1bfe14ba300c,9,503.96000000000004,68.0,valencia,corporativo,55.99555555555556
e476e3f4-1f4d-4e2f-b184-fb5c4913f61a,9,415.79,44.0,vigo,recurrente,46.19888888888889
e4770b19-011e-456a-94c6-0eefe0112088,6,399.16999999999996,31.0,barcelona,nuevo,66.52833333333332
e47bef3f-d4d1-4813-9eb5-ac6dc02079ca,15,1493.94,66.0,valencia,recurrente,99.596
e48cec2f-56f4-4368-b7fc-490047865760,9,1328.24,18.0,granada,vip,147.5822222222222
e490ff68-178b-41e9-b571-3aee5b4e4c19,9,1569.3609000000001,29.0,vigo,recurrente,174.37343333333334
e4a38881-d73c-43a4-bf4b-fadaa1848cc2,9,1038.74,32.0,bilbao,vip,115.41555555555556
e4ad460d-da90-4871-9634-68c37fb4c358,8,1165.7909000000002,41.0,malaga,nuevo,145.72386250000002
e4af1fb0-6a91-45e6-8929-91e4e4e6bd7d,10,687.65,38.0,sevilla,nuevo,68.765
e4bb0557-f712-4ed6-ad22-980bee3d13ad,7,1338.31,38.0,granada,recurrente,191.18714285714285
e4bee81c-d2a6-4673-b529-2996ea09fbef,10,1247.25,57.0,sevilla,recurrente,124.725
e4c8ba3b-ecd5-49d9-864d-3634c02cb252,2,332.38,42.0,barcelona,corporativo,166.19
e4d4ab4e-4db9-4941-966d-c2192d7ede8b,9,891.8299999999999,46.0,barcelona,nuevo,99.09222222222222
e4d84fad-49f7-48db-8536-4e1b545c46b9,7,452.94,43.0,granada,recurrente,64.70571428571428
e4e4e5f2-d1fc-4820-8f48-9e1a13a36e75,4,401.03999999999996,41.0,barcelona,nuevo,100.25999999999999
e4ed9014-e65a-4f7a-b881-863604d18dae,9,610.54,40.0,barcelona,nuevo,67.83777777777777
e4f5fc49-8bbe-4b2a-91e2-4781e7542d5f,8,847.0799999999999,46.0,valencia,nuevo,105.88499999999999
e4f7c4a3-5fff-47e1-8504-5ccf195e7019,8,387.41999999999996,62.0,bilbao,vip,48.427499999999995
e4f8843f-396f-432c-b191-54938bfb0ab6,5,971.71,50.0,valencia,corporativo,194.342
e4f93492-404d-4089-afb5-56759e26033b,7,706.77,37.0,murcia,nuevo,100.96714285714286
e502d016-b505-434c-8958-1dba7757ff5b,6,584.26,25.0,malaga,vip,97.37666666666667
e50eefef-e45f-4809-aa2a-67caf22c0ecd,7,471.77000000000004,29.0,valencia,recurrente,67.39571428571429
e5126785-bcbc-450e-96b1-f8e129aa9121,7,592.54,48.0,murcia,recurrente,84.64857142857143
e51b53df-9bf4-44be-9064-5a5e20648cb9,3,193.26999999999998,36.0,malaga,nuevo,64.42333333333333
e51dcd06-3d9b-415e-baef-19484e4926a5,7,567.2,31.0,murcia,recurrente,81.02857142857144
e51f6588-1448-447d-be9c-a629fcb337ac,5,917.81,43.0,vigo,nuevo,183.56199999999998
e546832f-c1aa-442d-ac15-7c69fb66ab57,5,588.28,53.0,vigo,recurrente,117.65599999999999
e546fd50-65b0-460e-9b31-4d1e4e92d7fc,8,840.73,21.0,vigo,recurrente,105.09125
e57247d7-2cbe-4ca6-8931-64e592d13939,10,663.41,33.0,madrid,vip,66.341
e5725c34-c688-4935-9437-1c91e92882d7,5,350.36,57.0,bilbao,recurrente,70.072
e57f6e90-8570-4d07-b613-0a18b9962930,8,1021.9100000000001,38.0,sevilla,vip,127.73875000000001
e58cb20c-1190-4527-ac3c-71800fb30ca7,10,945.5799999999999,35.0,granada,recurrente,94.55799999999999
e58d3e37-3c61-4358-9ed7-6cdf8a92fafc,7,808.22,68.0,vigo,recurrente,115.46000000000001
e59157b4-f931-415b-88b0-1ee5dd6d9976,4,555.04,36.0,madrid,recurrente,138.76
e5b65d32-f95f-4c68-81ba-e8c350f1f60e,7,413.25,40.0,zaragoza,nuevo,59.035714285714285
e5bcaaac-26ac-445d-8bd6-937fd8acdb5d,8,832.68,49.0,valencia,nuevo,104.085
e5ccc70c-011d-42a9-89c5-81d9a43f672f,6,395.89,51.0,vigo,nuevo,65.98166666666667
e5cf2838-961d-4744-b53e-a434e2d685eb,6,765.0699999999999,60.0,zaragoza,recurrente,127.51166666666666
e5d4e3f5-624d-4e18-8fe4-9647189e1cb6,8,640.12,46.0,bilbao,recurrente,80.015
e5d512b0-de1a-4e12-b028-0d2b338bb4e0,6,1101.6399999999999,35.0,madrid,nuevo,183.60666666666665
e5eedc2e-785f-4790-a1f5-2e82a394d9ee,6,663.39,56.0,zaragoza,nuevo,110.565
e5f974a4-2ded-4bf0-b6e0-1769b9e60c59,6,717.5,41.0,murcia,nuevo,119.58333333333333
e5f9a558-915b-462e-a50f-0be8dc051c45,13,1206.92,29.0,zaragoza,nuevo,92.84
e611d4d1-2686-4cdd-b261-b24d4ac87043,4,371.91999999999996,36.0,bilbao,vip,92.97999999999999
e615c1d8-79bd-435a-9352-de820d9fd74a,3,109.35,18.0,vigo,nuevo,36.449999999999996
e616e8ed-070b-40e7-bd26-1f847e8126d1,6,539.38,42.0,barcelona,nuevo,89.89666666666666
e6199f0e-85f4-4547-b670-c9240de55a80,8,709.36,58.0,vigo,corporativo,88.67
e61f0952-d7cd-4b49-ab8d-842b1bd7931a,6,416.9,33.0,valencia,recurrente,69.48333333333333
e6200034-8bbf-45f8-9102-e510ad2422b4,11,958.35,47.0,granada,nuevo,87.12272727272727
e62911cf-cb59-42c6-9709-79e7a3cedbcf,7,855.15,32.0,sevilla,vip,122.16428571428571
e63ca664-ecfb-4aab-ad61-248045a0143e,15,2091.69,49.0,sevilla,vip,139.446
e64074d6-d34c-4420-8bc7-aa104f5165ce,9,630.4100000000001,47.0,granada,recurrente,70.04555555555557
e64b3a8e-6e53-46db-8561-614b302676da,8,784.28,46.0,bilbao,recurrente,98.035
e651375e-7e25-401d-b8cd-cc2f07e1dc42,9,743.4,54.0,vigo,vip,82.6
e6550bd6-ec64-40fb-9f99-b3f8cfc96645,13,1392.05,63.0,barcelona,recurrente,107.08076923076922
e666754c-a79d-457b-ad2f-51113efc7efc,6,396.16999999999996,52.0,barcelona,nuevo,66.02833333333332
e675ab11-948a-42b9-81a2-ce973d57caf9,6,938.79,51.0,vigo,recurrente,156.465
e67a9733-3943-418b-905c-25a0a1edb252,11,627.97,46.0,bilbao,nuevo,57.08818181818182
e67d20db-e623-4465-9766-297372146a91,6,879.27,58.0,granada,nuevo,146.545
e69c62cd-ca86-40a2-90d5-9b59621af488,5,638.9,24.0,zaragoza,corporativo,127.78
e69ce84f-44e9-4df0-ab41-391fc33ea5af,6,529.97,58.0,sevilla,vip,88.32833333333333
e69ee237-9f4d-4d72-bf8d-a53a437f086d,11,1336.81,18.0,bilbao,vip,121.5281818181818
e6a85e9a-fefe-43b5-ad68-a2d5d0f69883,6,662.53,32.0,valencia,recurrente,110.42166666666667
e6aa415b-7999-42bd-98bb-1b3082a8a1d2,8,1176.22,31.0,madrid,recurrente,147.0275
e6b56299-e64e-41db-a512-08963b9f8c8f,4,634.28,18.0,zaragoza,recurrente,158.57
e6bccc96-a13c-495e-9276-4687ecc986ad,4,355.96,40.0,granada,nuevo,88.99
e6c631eb-b6e7-4546-a331-4304f5cca8a5,7,930.0400000000001,53.0,valencia,nuevo,132.86285714285717
e6c74936-8662-4bc7-b180-c9a3ae41f117,5,268.35,44.0,murcia,vip,53.67
e6d244c2-6c1a-494a-9c35-6015a331495e,8,1280.8709000000001,40.0,vigo,recurrente,160.10886250000001
e6de9c4e-1ed4-4953-81e9-ddc5df13e99e,5,658.38,37.0,zaragoza,recurrente,131.676
e6dfb653-188d-44ca-9fc1-a23461bbe53e,3,350.72,46.0,barcelona,nuevo,116.90666666666668
e6f7e4ca-3251-484c-8f69-45caf6bf03fd,6,914.87,41.0,barcelona,recurrente,152.47833333333332
e703cc64-109b-49bb-bd1d-91de824b9296,4,354.41,56.0,valencia,vip,88.6025
e70643bd-68d9-4b73-a3d2-f6a4d34ee451,9,881.7,61.0,barcelona,recurrente,97.96666666666667
e707611f-2a20-48e1-b405-2ee26c4fda94,5,541.34,63.0,valencia,nuevo,108.268
e708c449-b1ef-4818-a937-c2fabe69262b,10,848.48,26.0,sevilla,corporativo,84.848
e70cca94-32fa-450a-8ff7-969099066fe5,11,1078.96,30.0,zaragoza,nuevo,98.08727272727273
e71fb692-be3e-45b4-956a-aac736514148,10,719.66,61.0,sevilla,vip,71.966
e7232113-6899-4775-8ce8-43ee39b48aa3,7,889.64,36.0,malaga,recurrente,127.09142857142857
e7378a19-008f-449e-be74-868d69fd288c,6,686.8000000000001,41.0,barcelona,nuevo,114.46666666666668
e740d48b-415f-4c85-a2c5-ea0a1d904d76,3,308.61,37.0,valencia,recurrente,102.87
e744395a-1ebd-405f-8392-c0f1695f0ebc,5,333.55,18.0,valencia,nuevo,66.71000000000001
e748849d-b0a9-4255-b389-5dd667ab57d2,13,887.19,33.0,malaga,corporativo,68.24538461538462
e74936df-5cea-49f4-bc52-1bbd47f52ac6,10,843.64,69.0,valencia,nuevo,84.364
e74b6d67-a1fe-4405-8cd9-7e48e425fda1,8,642.24,40.0,sevilla,vip,80.28
e7541374-ac3d-4cf9-9dd1-eb0afa522fa9,7,590.0,34.0,granada,corporativo,84.28571428571429
e7567e22-858f-431d-b0e1-ec94d947bbc5,4,268.23,44.0,bilbao,nuevo,67.0575
e75d905b-372e-4f4f-bf61-5d027ceb02ab,7,625.45,47.0,bilbao,vip,89.35000000000001
e76217cb-4bb5-4bba-a414-fae96a56e555,8,1160.9509,63.0,barcelona,recurrente,145.1188625
e7704730-240c-46f0-82e5-67e9f68f26ac,2,37.21,24.0,granada,nuevo,18.605
e772e1d3-c92d-4fa4-9284-908e485c35b6,6,609.3199999999999,40.0,bilbao,recurrente,101.55333333333333
e7739eec-7e59-4a0a-b581-d24836668cd5,1,142.14,36.0,barcelona,vip,142.14
e778d25d-fcda-4947-a2b8-3a57404db31c,9,631.93,31.0,vigo,corporativo,70.21444444444444
e77c80b6-64e0-4e07-8666-2cd040955345,3,177.10000000000002,23.0,malaga,recurrente,59.03333333333334
e78222b9-7468-4f6d-9a54-6cf2f3a01d45,9,559.6,55.0,murcia,recurrente,62.17777777777778
e7924a86-74e8-4634-b685-c09074e24b79,4,521.1800000000001,54.0,bilbao,vip,130.29500000000002
e7a0414a-c55a-42b1-b979-4cbebbd17e88,6,666.19,40.0,sevilla,nuevo,111.03166666666668
e7a04421-70d1-4399-9450-dc095c359286,5,691.19,61.0,murcia,corporativo,138.238
e7a07276-1f8a-48cd-8732-6ddaab6dedd8,7,822.32,18.0,sevilla,nuevo,117.47428571428573
e7a0d6b3-790e-4e11-a912-780f3d05c370,5,331.03,42.0,valencia,recurrente,66.20599999999999
e7a4ce5a-ade8-4635-a2ab-e6172ab5fdfc,5,503.17,31.0,granada,recurrente,100.634
e7aa779e-980a-4ac8-bcf0-4c602fd982c6,4,445.48,40.0,vigo,recurrente,111.37
e7ccfcfb-15b0-4932-a0c0-97142d30ed73,5,321.82,45.0,barcelona,nuevo,64.364
e7ee7b4e-ea64-4717-9efd-3c03c415dbab,7,740.5109000000002,46.0,murcia,recurrente,105.78727142857146
e7f31fcd-ce86-4675-8b42-f3a6f5d7fefc,11,1168.24,45.0,granada,nuevo,106.20363636363636
e7f4d37e-3113-4f8f-bcc0-c857dcd5a10b,9,1124.98,50.0,sevilla,recurrente,124.99777777777778
e7f5c293-cb4d-4788-80bb-b577d3cbdd98,5,495.12,50.0,bilbao,nuevo,99.024
e80083f5-112e-4ff9-9ea0-b09274d2eebb,10,721.7,55.0,valencia,recurrente,72.17
e8027b11-018e-4f6b-882e-d848b3577d60,9,716.78,58.0,murcia,nuevo,79.64222222222222
e806718b-88c0-4318-b3fa-e78263a52038,8,1146.8509000000004,18.0,bilbao,recurrente,143.35636250000005
e8097e4a-27d2-4c8b-9021-b45e1d85d059,4,433.53,61.0,zaragoza,recurrente,108.3825
e80acc95-155d-4cd7-8124-67b9fad7d95b,4,650.39,22.0,madrid,recurrente,162.5975
e8124ecf-2ba2-4e50-934b-bf82d3e9034f,5,383.43,37.0,vigo,nuevo,76.686
e8157ad7-fd2f-41f6-8104-e50b5934a682,8,1422.0709000000002,32.0,sevilla,recurrente,177.75886250000002
e82d4bdb-002f-405c-b08c-68a4ffdf5474,5,245.71,60.0,bilbao,recurrente,49.142
e83051ae-479a-44dc-aeae-61adb33c18b4,9,571.71,28.0,malaga,recurrente,63.52333333333334
e8388af3-6b95-41a7-899a-ef103f4dc754,5,453.51,36.0,zaragoza,corporativo,90.702
e83926d1-47de-4091-9f1c-1e248076798d,5,621.43,40.0,bilbao,nuevo,124.28599999999999
e83ee4c0-dccf-4240-8e1d-9c46321e90f3,9,1238.3400000000001,57.0,sevilla,nuevo,137.59333333333336
e83fc701-4294-48ed-ab86-19c0c7e759f5,5,701.71,57.0,granada,nuevo,140.342
e8425890-974a-44cf-bfdc-4babbd9d1ffa,6,1075.92,40.0,murcia,corporativo,179.32000000000002
e84317fc-4d9f-4f60-b01e-dfd5f19f9400,5,592.56,27.0,barcelona,vip,118.51199999999999
e8450547-1df9-48fa-8b14-f605a54884d9,5,315.22,53.0,valencia,vip,63.044000000000004
e84a30b5-851e-48e1-a9f9-2ef9c704fbe5,4,183.64,33.0,vigo,recurrente,45.91
e84b4d61-89fa-4879-9eed-5f8a137f5b38,11,1153.01,20.0,valencia,nuevo,104.8190909090909
e85bcccb-2af4-44c5-b942-c7fc2d9f8287,11,1062.73,43.0,zaragoza,vip,96.61181818181818
e85d6152-00fa-4ae4-bb01-6e970944a9f6,14,1154.26,24.0,madrid,recurrente,82.44714285714285
e861731f-dd1c-4339-adab-23ba76927be6,8,529.3100000000001,57.0,murcia,recurrente,66.16375000000001
e87f8c21-c8e8-43fb-af76-59b2b80e0beb,11,2024.3709000000001,33.0,barcelona,nuevo,184.0337181818182
e888c223-57d7-4303-86eb-83cf600e7416,6,581.82,18.0,valencia,recurrente,96.97000000000001
e8c30dc4-ef53-4ac3-be80-b34bc5603972,6,386.96,41.0,zaragoza,corporativo,64.49333333333333
e8db8579-6175-4e82-9643-c94187249fe1,6,667.9,28.0,bilbao,corporativo,111.31666666666666
e8dcad83-fc5b-4de4-b860-95a352f35b79,15,1682.81,53.0,vigo,nuevo,112.18733333333333
e8de156c-ef78-4b79-bfdd-15024f69ed41,11,849.7,40.0,bilbao,nuevo,77.24545454545455
e8e0410f-fd0d-49e9-bcb7-d75fff6c5048,7,457.21,45.0,madrid,recurrente,65.31571428571428
e8e397eb-7b4d-4275-925f-c6dc42f0ed08,12,1066.99,56.0,granada,recurrente,88.91583333333334
e8f1909b-c415-41f7-b09c-d52e13c9ce0c,9,950.24,38.0,madrid,recurrente,105.58222222222223
e8fee48f-151a-4316-827b-21c65de9c35c,6,834.55,20.0,murcia,recurrente,139.09166666666667
e9009328-cdb5-40a9-ba55-70fb9c4aac6a,8,1220.7809000000002,48.0,barcelona,recurrente,152.59761250000003
e904c1e6-cd53-472f-b1f0-9ce8915f1b6e,7,360.14,54.0,bilbao,nuevo,51.44857142857143
e91379f7-e318-420e-ac85-f981fbfc2221,6,442.86,34.0,bilbao,recurrente,73.81
e9184309-d95c-41d3-a12b-8dfd126cc2a2,7,569.64,48.0,valencia,recurrente,81.37714285714286
e9276418-f11c-40a7-b685-4ee0a8c46229,5,315.29999999999995,43.0,granada,corporativo,63.05999999999999
e92fbb7d-9380-4c5b-b618-10713c6eb71a,5,792.01,61.0,bilbao,vip,158.402
e9367d76-8e2b-4cef-9cbe-b9eff0c08a16,8,1361.63,45.0,zaragoza,recurrente,170.20375
e93ddb2b-4a38-4ee1-99fd-d1da16aebaad,7,910.44,44.0,valencia,vip,130.06285714285715
e9523748-c403-47b2-b710-6deb667ca377,6,388.12,38.0,murcia,nuevo,64.68666666666667
e957d02e-a623-45a2-93f6-74bafbfcc782,5,556.28,53.0,granada,vip,111.256
e9628788-61a3-4d8f-95eb-bb398d3b72de,7,625.5799999999999,56.0,valencia,nuevo,89.36857142857141
e96806e9-0ef2-4e33-9ee9-fde309d6a353,2,173.7,40.0,zaragoza,recurrente,86.85
e968ceaa-2601-40b3-a2cb-362e70b6fc24,8,1708.7009,59.0,malaga,recurrente,213.5876125
e96edfd4-ed38-44d6-ab4b-09ee0fe15da9,11,764.36,18.0,barcelona,vip,69.48727272727272
e98084fe-6063-4fd2-a132-2b36aafc40d5,4,775.0699999999999,40.0,zaragoza,recurrente,193.76749999999998
e980f98b-e7cf-4acc-8e6f-a8fa979d4e1b,8,729.21,41.0,sevilla,nuevo,91.15125
e98a7b00-b63e-4811-9bbd-54edeab8f3ee,3,265.46,55.0,sevilla,recurrente,88.48666666666666
e98be00b-f620-42a6-b76d-1a07a64b5faa,12,1126.68,40.0,sevilla,nuevo,93.89
e99b5e67-63f6-464c-8414-1ccfe2258b27,10,1164.3,36.0,bilbao,recurrente,116.42999999999999
e9a03ed0-0b5c-4283-b2b7-00100d2a79a9,1,43.65,26.0,murcia,vip,43.65
e9b2e345-3fe3-4e8d-b9e9-43422b6b54dd,9,1342.76,50.0,sevilla,corporativo,149.19555555555556
e9b424a6-5700-4f1c-a44b-8687f33c074d,3,358.46000000000004,48.0,vigo,vip,119.48666666666668
e9b59361-5012-4990-a321-bf4ad3ea7cd8,5,439.81,41.0,barcelona,nuevo,87.962
e9b6e118-9d10-4041-baf2-16f9889a1f6e,4,842.21,38.0,valencia,nuevo,210.5525
e9c22acd-9f8b-44c8-b271-c1e41cf783dd,7,622.65,52.0,madrid,nuevo,88.95
e9cda8f9-baff-440d-8dd9-6672dbc9328c,7,576.55,53.0,vigo,corporativo,82.36428571428571
e9d6d98d-4d63-4e1b-83e1-3f9ffd433b27,4,497.31,32.0,barcelona,nuevo,124.3275
e9dc7777-28d0-46ca-a18b-4d78234711b1,5,520.8199999999999,42.0,bilbao,recurrente,104.16399999999999
e9f1c599-ad42-4cba-b843-81289c68412e,8,442.32,30.0,madrid,recurrente,55.29
e9f4c3be-5d1e-4555-9fe7-1332ad21d48e,5,437.66999999999996,31.0,bilbao,nuevo,87.53399999999999
e9f8d6a1-17d2-40e7-ba2e-772b6b823383,8,976.96,40.0,zaragoza,recurrente,122.12
ea05dfb4-1cc0-4fe1-a9d4-e82d245832a5,9,1131.75,57.0,barcelona,nuevo,125.75
ea0bf641-b9d8-42e4-9cb1-e14d0bbefc7f,8,552.05,46.0,malaga,recurrente,69.00625
ea140eea-1248-4db1-8636-be92341d3127,2,127.17000000000002,27.0,madrid,vip,63.58500000000001
ea15edf6-6f38-4890-9d12-71d9f9f26093,9,859.6500000000001,28.0,granada,nuevo,95.51666666666668
ea1777fb-a18f-4794-9df4-6a98c76b3145,7,932.85,61.0,bilbao,recurrente,133.2642857142857
ea218ff9-eeb7-4205-a7cb-010f8017e624,8,912.3000000000001,42.0,vigo,recurrente,114.03750000000001
ea26ddba-dca3-40fc-a42b-7f28c7750843,10,1207.53,25.0,sevilla,recurrente,120.753
ea458a37-ba02-4b7b-9d30-df5109bd9c96,2,31.51,31.0,murcia,recurrente,15.755
ea4f1702-f8d1-4772-9d69-d1e505bf40e4,6,920.77,35.0,zaragoza,recurrente,153.46166666666667
ea500393-8761-488a-924e-e1664f083bf1,4,175.44,46.0,barcelona,recurrente,43.86
ea5308ef-f2e1-4afe-821d-01ae01667103,7,824.09,26.0,malaga,vip,117.72714285714287
ea5661b6-5c86-4ba8-865b-c510477a8546,5,590.46,23.0,valencia,nuevo,118.09200000000001
ea5a5a83-5cc6-4aa1-9f02-71cf9fc9ca92,9,1898.2918000000004,49.0,murcia,nuevo,210.92131111111115
ea5aee00-7b83-4f27-a5e2-852fb9fad517,7,355.16,18.0,malaga,vip,50.737142857142864
ea5c00d6-1e88-45ab-a3cf-21c839c74379,4,564.64,40.0,sevilla,corporativo,141.16
ea5c5a0e-1d71-41e2-8dba-398938ea94c2,5,326.90999999999997,45.0,valencia,vip,65.38199999999999
ea5c83e8-b7a6-4437-90d3-cc2285b77062,9,518.24,58.0,zaragoza,recurrente,57.58222222222222
ea720036-8493-4df6-b700-50e9f2f163f7,5,360.04,19.0,malaga,nuevo,72.00800000000001
ea8e1e28-e1c0-4734-bd5d-e8316abceb78,4,643.14,27.0,sevilla,vip,160.785
eaa0b9a0-3bae-4fc1-850b-bb5f28227071,5,611.77,61.0,madrid,nuevo,122.354
eaa47453-c640-4468-b7a5-ffb0b1f5e383,4,557.74,39.0,sevilla,recurrente,139.435
eab85daa-be20-4a66-a763-0986810753a5,12,1061.04,27.0,granada,vip,88.42
eab9336e-5163-4e68-aace-525aa1eda76f,7,475.67,60.0,sevilla,recurrente,67.95285714285714
ead6147a-7416-4ee0-b6cb-86d5ee10b8f7,7,1402.8509000000001,44.0,bilbao,recurrente,200.40727142857145
eae89d97-5300-4e25-954d-db6e380b22a2,9,591.1,25.0,sevilla,vip,65.67777777777778
eaf4fc0f-f599-41cd-a2f8-93a0f473a7f2,9,729.6899999999999,45.0,granada,corporativo,81.07666666666665
eaffdf77-d37c-4974-b906-642e13b9c635,5,345.98,21.0,valencia,nuevo,69.196
eb074c11-a35e-4276-bf8d-79f44882663f,4,462.25,64.0,granada,vip,115.5625
eb0ae961-1198-4ff0-b173-ca4f1e9bb34f,5,823.7709000000002,40.0,barcelona,recurrente,164.75418000000005
eb0dd777-4fa7-459e-af9f-c64b547a0484,4,303.42,33.0,murcia,nuevo,75.855
eb2d969b-2f30-4a11-a9bd-9f09dd7dbe38,12,1261.59,34.0,murcia,nuevo,105.1325
eb2ef6ba-b5e8-4627-9dd3-cc9957b81574,9,908.49,28.0,madrid,nuevo,100.94333333333333
eb3d8828-2e45-4229-8966-d27c83c9bed2,5,658.29,43.0,valencia,nuevo,131.658
eb46ac6b-e706-4b36-8275-0bbc96ac2b46,4,943.62,33.0,valencia,corporativo,235.905
eb4ac928-57eb-44db-9cdc-6292b3547aa2,7,639.51,41.0,bilbao,vip,91.35857142857142
eb4ed32f-3051-42c5-a9d7-19cd169b7d4e,2,183.79,31.0,sevilla,nuevo,91.895
eb64ef24-85e0-4bc1-a895-00b05ff2bfc3,4,468.5,20.0,bilbao,recurrente,117.125
eb67710c-73a4-49c7-8cd6-277ffdd722a9,7,848.9599999999999,38.0,granada,recurrente,121.27999999999999
eb6deb5f-1fdf-4e41-8049-5d1d4948cba8,5,827.73,54.0,valencia,nuevo,165.546
eb711f8e-909f-48cd-b727-7dcb385d16ea,8,758.84,33.0,valencia,corporativo,94.855
eb7efb96-7196-41e2-894f-76de41387c96,9,1103.77,26.0,granada,nuevo,122.64111111111112
eb837472-ed13-471a-9c96-1a36ece9c105,3,240.76,32.0,barcelona,nuevo,80.25333333333333
eb88f66c-54b1-4ed2-a770-eb99444a8f7c,4,446.61,41.0,bilbao,recurrente,111.6525
eb89330c-eb89-4216-8e3c-1f0b61158b7c,5,456.59,23.0,bilbao,nuevo,91.318
eb8a9a6a-92c5-4dee-8edc-da0c3a6f09ed,8,546.72,33.0,barcelona,vip,68.34
eb9c0e3d-1976-4253-81d5-e7f573e057b1,6,690.88,18.0,vigo,recurrente,115.14666666666666
eb9e6808-70a5-40ca-a82f-bc9cd26fa465,4,390.27,54.0,zaragoza,recurrente,97.5675
eb9f7a3a-d201-4b80-87c5-954d9b9d87f0,5,514.9,38.0,sevilla,recurrente,102.97999999999999
eba9dbd2-8b36-4ff2-b377-f9a03e8b1c6a,7,1072.76,34.0,granada,nuevo,153.25142857142856
ebac1bba-182b-482c-a1f9-a6af149f8db2,8,771.6700000000001,62.0,granada,recurrente,96.45875000000001
ebaf7b6a-728d-42d6-8815-66347d230bbe,7,738.43,33.0,vigo,recurrente,105.49
ebb054bb-f648-4a4d-ad2e-bfd54c21b751,9,833.45,23.0,zaragoza,vip,92.60555555555555
ebb8e02b-3d71-4c72-a5a4-bf8af3914153,6,592.92,44.0,sevilla,recurrente,98.82
ebb8f770-a703-4d1e-a699-31f561d8a809,8,665.53,23.0,malaga,nuevo,83.19125
ebba5e66-2b01-412e-92f1-2e5e49d64a5a,9,1004.01,72.0,granada,recurrente,111.55666666666667
ebc4aa4e-31a1-4cc2-8f8c-f36e2874d768,9,915.1,58.0,sevilla,recurrente,101.67777777777778
ebd09aa1-69d9-4968-9850-9f38b0147abe,8,629.4,43.0,malaga,corporativo,78.675
ebd5ed4c-e6b1-4ffe-8ae8-8c9c5347b930,8,473.19,46.0,valencia,nuevo,59.14875
ebe12408-50e0-49ff-af26-6a966f2dd72c,2,184.79999999999998,35.0,madrid,recurrente,92.39999999999999
ebe8a5f2-68c5-413b-8fcd-49aa851ed222,4,255.6,27.0,barcelona,nuevo,63.9
ebedf985-2034-4a15-a4fb-9abc707f9291,7,721.37,29.0,sevilla,nuevo,103.05285714285715
ec08b443-5018-4efc-a250-1020117113c7,8,997.37,33.0,malaga,nuevo,124.67125
ec1384ce-54ec-4487-a5dc-455eee12d331,7,1302.7009000000003,29.0,murcia,nuevo,186.1001285714286
ec4049fe-66b4-409d-96d0-ead6f96783b9,6,582.99,42.0,valencia,corporativo,97.165
ec443048-5ba5-4d4a-aeaf-bad7597540b4,3,354.84999999999997,55.0,sevilla,nuevo,118.28333333333332
ec46c040-0297-456e-972c-4f6cf74f1acb,11,1101.21,51.0,valencia,recurrente,100.11
ec52ba35-f5b4-4bc3-85a6-ff5c32b6e7fc,10,1132.3809,50.0,granada,nuevo,113.23809000000001
ec54943a-545b-4665-9281-a7b007e8e9cc,13,1100.0,42.0,sevilla,recurrente,84.61538461538461
ec62ab26-f58f-4768-bcbe-4fe32d6c47ed,6,689.91,23.0,bilbao,recurrente,114.985
ec6b7f16-022d-48ae-8835-7f77de1a520d,5,438.64,39.0,barcelona,recurrente,87.728
ec7b7605-db60-4f58-9307-adf4570c0796,3,227.31,39.0,madrid,recurrente,75.77
ec7cf5e2-b47b-49c1-aa91-c02174b8b14c,4,354.81,40.0,zaragoza,recurrente,88.7025
ec7d9bd9-1520-45b1-af49-ec480ae555b8,9,878.56,38.0,granada,nuevo,97.61777777777777
ec835c13-3256-43eb-a66f-2b6d2296ba1e,8,928.27,20.0,barcelona,nuevo,116.03375
ec8c3761-44a4-491b-9fc5-f68f3a7494da,7,781.39,38.0,valencia,nuevo,111.62714285714286
ec928e6b-6f23-475b-a618-c68e87d03ef6,7,512.58,40.0,barcelona,corporativo,73.22571428571429
ec94484d-581f-4549-99f4-6f2849298254,2,330.07,50.0,valencia,recurrente,165.035
ec9f9b17-fb15-4539-a209-8acb00dee067,6,394.96999999999997,37.0,vigo,recurrente,65.82833333333333
ecb967ae-b8f4-4c2a-8158-4bfabd8efe39,5,443.22,40.0,murcia,recurrente,88.644
ecc0bbae-7644-4b06-b535-beaf1001e86c,6,842.5600000000001,46.0,murcia,corporativo,140.42666666666668
ecc12dc1-956a-40d0-b9e6-a7981accd8e7,8,959.24,18.0,zaragoza,nuevo,119.905
ecc46b93-ac47-4ad5-9871-23180f2b72ed,8,845.44,28.0,murcia,recurrente,105.68
ecd87c3e-8c8e-4f95-80ca-cec3160ee647,9,509.93,27.0,bilbao,nuevo,56.65888888888889
ecdc56bf-8f8c-4bd9-a2a8-1d9aa8e68a0f,6,677.69,63.0,madrid,recurrente,112.94833333333334
ed0636ba-40bf-4b17-9e9d-f58dfb39d063,7,919.16,25.0,valencia,nuevo,131.3085714285714
ed1b5602-171f-4d88-a083-804d00113f6c,9,717.01,47.0,zaragoza,vip,79.66777777777777
ed1f9f89-0c92-4f83-8f06-3da60a5c62f7,4,187.61,35.0,vigo,recurrente,46.9025
ed345ca1-c389-4398-932c-d7bf5c1ae2f3,11,1018.94,36.0,valencia,recurrente,92.6309090909091
ed3d8387-a0ac-4501-8df9-f66a998f74fb,9,1380.97,31.0,sevilla,corporativo,153.44111111111113
ed3f8391-e827-45ca-8171-845f48a5e3ef,8,946.7,41.0,zaragoza,nuevo,118.3375
ed4d0e89-8d91-4d12-b03f-a5d4b5916ff9,7,648.62,51.0,murcia,vip,92.66
ed52234b-251d-42a3-83d4-aeb15644a04f,4,424.28999999999996,46.0,bilbao,recurrente,106.07249999999999
ed52a96b-fc5a-4a9d-bef2-a21890e59a1b,9,1003.17,48.0,granada,vip,111.46333333333332
ed5b379e-a3c0-45a8-b2ea-acb4520b912a,4,240.61,49.0,vigo,recurrente,60.1525
ed620d92-c068-4138-a4db-3520d05b951c,9,920.2,44.0,madrid,recurrente,102.24444444444445
ed6ba120-9249-4d1d-be03-bdb538188a1d,10,1276.29,18.0,sevilla,recurrente,127.62899999999999
ed6d8cb8-1ee3-462b-b892-f5df1bd31d90,6,684.53,33.0,barcelona,recurrente,114.08833333333332
ed87393f-fcfe-46cd-a173-6ca608bc449e,3,228.47,38.0,valencia,nuevo,76.15666666666667
ed8b6e26-85b3-45ff-b39b-56741aed4710,6,701.76,61.0,malaga,recurrente,116.96
ed93ed0d-9f28-44d3-adde-1e8f69eecf50,7,468.26,38.0,murcia,recurrente,66.89428571428572
ed95e3ba-c14b-40c4-911f-6c3e8582ee4a,4,280.37,62.0,vigo,corporativo,70.0925
eda0a7c1-ecd7-411f-95a7-28baeee833d7,4,274.44,65.0,vigo,nuevo,68.61
eda2c352-65be-4971-b4a9-93e87d884a5c,6,505.46,53.0,barcelona,nuevo,84.24333333333333
edad8ea7-77c9-4290-807c-31c82c4275eb,4,753.94,52.0,zaragoza,recurrente,188.485
edc64b9b-6e57-4680-a00b-9cd8199c57e3,6,713.55,30.0,granada,nuevo,118.925
edd3633b-2b12-4b7e-bafb-79483f8c00b1,7,1170.53,33.0,bilbao,vip,167.21857142857144
edea7612-2c36-4e98-8dac-b4f0738f18ca,4,315.90999999999997,36.0,sevilla,recurrente,78.97749999999999
eded5549-a1e7-4112-9ee7-9d97af976f93,3,228.67000000000002,29.0,barcelona,nuevo,76.22333333333334
edf2b4db-8b90-45d2-a2f1-aad9bd3e3461,10,711.01,27.0,madrid,nuevo,71.101
edfaa1c7-b307-4661-aea2-7d8783c4c9c5,6,1218.8209000000002,31.0,granada,nuevo,203.1368166666667
ee023896-e24c-4346-8380-55f9a7a5dff2,2,86.78999999999999,43.0,valencia,nuevo,43.394999999999996
ee147880-71e8-4d33-be66-913cf1df6722,8,854.05,44.0,murcia,recurrente,106.75625
ee1a036f-05a2-4e34-af35-184c90447eb7,4,232.32,53.0,zaragoza,recurrente,58.08
ee1bd4dd-475b-457a-8c5c-496614a2cb82,5,374.6,36.0,madrid,recurrente,74.92
ee259be5-725b-4c98-8e96-93fcb3f05f14,3,128.51,37.0,barcelona,recurrente,42.836666666666666
ee276e7a-02c8-48d5-af68-a43308af28ef,8,650.6800000000001,48.0,murcia,corporativo,81.33500000000001
ee311355-f27e-48d5-ade6-3486ccc515a6,4,409.29,21.0,barcelona,recurrente,102.3225
ee3512ed-079d-492e-a7e5-d8d536a6513d,9,1247.49,33.0,granada,vip,138.61
ee374366-5f8e-4a69-9b47-5d8f2f653aa7,5,740.44,32.0,bilbao,recurrente,148.08800000000002
ee475384-73f5-415e-8240-fa2fc79d0f01,6,564.26,41.0,murcia,corporativo,94.04333333333334
ee494086-c432-43aa-a667-f68c94564b4f,12,538.86,34.0,zaragoza,recurrente,44.905
ee4a62c2-e672-401d-802b-978e5bb3e798,7,582.28,58.0,murcia,nuevo,83.18285714285715
ee4fe380-3d06-4e04-9979-d11392853922,8,627.09,38.0,vigo,vip,78.38625
ee50adfa-ea37-40de-8062-ca6ddfb921a4,6,999.17,31.0,malaga,nuevo,166.52833333333334
ee55b184-5fda-4f31-ba7a-43816b67eda7,6,681.19,40.0,valencia,corporativo,113.53166666666668
ee5e5c63-1d91-454d-8fac-f23f7fde2cab,9,797.14,38.0,vigo,recurrente,88.57111111111111
ee678658-d24a-49fb-8701-2b2a286d9d9d,2,105.14,32.0,sevilla,nuevo,52.57
ee6c609d-6b6a-4cee-8fcf-3aaafe27b9ba,10,1507.33,46.0,bilbao,nuevo,150.733
ee70d9e8-aa16-41bd-a7fa-d360ccc3a0ef,6,534.72,44.0,murcia,nuevo,89.12
ee773325-96aa-4c75-b0f7-fd5f1fe5d1de,6,517.02,44.0,zaragoza,nuevo,86.17
ee7c1930-4eff-4ff0-8fee-c5420b53e69e,8,1488.18,66.0,sevilla,nuevo,186.0225
ee7d7ae4-4bfe-4649-bdec-5f3819d410bc,13,1206.01,28.0,malaga,corporativo,92.77
ee83da39-18f8-4aed-a36d-14cd602e91f5,5,453.74,51.0,valencia,corporativo,90.748
ee873991-afb3-4baf-8a2c-e024a28a4919,5,331.93,47.0,bilbao,recurrente,66.386
ee90a3e3-4e98-422d-85e0-124397ec0808,6,222.05,23.0,valencia,nuevo,37.00833333333333
ee92d997-7433-4261-88b2-40d10c6d2d8e,4,499.15999999999997,25.0,bilbao,corporativo,124.78999999999999
ee967ca6-cc09-401c-892d-0d63ab9eb75c,7,834.21,32.0,zaragoza,nuevo,119.17285714285715
ee97251f-d700-465b-a0b2-188f429790e6,4,226.37,48.0,sevilla,recurrente,56.5925
ee97a6ab-bd7f-4d25-91fc-7f36ac24af0f,6,687.52,26.0,murcia,nuevo,114.58666666666666
ee99fa9a-50a7-4a08-b263-c0f3056385c4,3,684.34,26.0,valencia,vip,228.11333333333334
ee9c13a2-35a7-4a3d-880a-83518b82a432,3,242.77000000000004,43.0,barcelona,corporativo,80.92333333333335
ee9d3655-b758-4e8d-af7e-5b9014cb95ce,6,502.7,37.0,barcelona,vip,83.78333333333333
eea96f36-0469-48e3-b440-1eae3c714839,10,1012.41,40.0,granada,recurrente,101.241
eeae0a02-17d5-4903-99f3-cf72d07fe3b5,7,572.05,27.0,murcia,nuevo,81.72142857142856
eec19ac0-393c-49f0-bbfe-1fb0802eb8d4,11,1125.1000000000001,54.0,madrid,recurrente,102.2818181818182
eed6807d-61b1-4c3b-81b0-d927625ccbe5,5,295.85,63.0,granada,nuevo,59.17
eee41f2a-1677-4660-a43f-85c4087faa98,7,672.33,56.0,zaragoza,nuevo,96.04714285714286
eee76865-f037-436f-870d-0fc958cc7385,10,1386.86,26.0,valencia,corporativo,138.68599999999998
eeebc510-ff24-4a9c-9cd6-0d117402ba11,10,1070.5,35.0,madrid,nuevo,107.05
eef7886d-690d-4569-aee1-5906dd2f29bd,6,724.68,61.0,sevilla,recurrente,120.77999999999999
eefa1c5d-4ae5-44f6-85d0-1c80122d0606,6,855.71,45.0,madrid,nuevo,142.61833333333334
ef204975-c421-4a24-aed2-47f811739d34,4,334.43,36.0,murcia,recurrente,83.6075
ef32efed-f0ae-4a07-abc1-866dd8123e03,4,584.06,27.0,bilbao,recurrente,146.015
ef335351-491d-4252-b326-6e9c519d9209,7,957.06,77.0,zaragoza,nuevo,136.72285714285712
ef364876-5000-4fdc-ac99-a3961b24dc96,7,489.5,70.0,barcelona,recurrente,69.92857142857143
ef50622d-10a3-4a26-bf8b-597bf1814493,6,617.32,29.0,madrid,corporativo,102.88666666666667
ef57d067-0c2a-4368-aa04-f890cfc6c05d,6,1200.09,37.0,barcelona,vip,200.015
ef5a6698-1d7a-45f9-bd5b-e22ea00221e6,8,1310.4309000000003,35.0,madrid,vip,163.80386250000004
ef5e4782-5619-41dd-b102-dd4cfe8deec4,7,813.89,31.0,bilbao,nuevo,116.27
ef62453a-041b-4f58-8547-60507d68b608,13,1572.76,61.0,murcia,recurrente,120.98153846153846
ef678b6f-d0d5-46c6-acd5-484b3813fc59,6,1012.63,52.0,granada,recurrente,168.77166666666668
ef7d478b-1d4f-4991-8517-2ce0952640f3,6,788.1899999999999,36.0,madrid,vip,131.36499999999998
efa92111-69b4-4d01-ae3f-4780c54b61ba,4,154.34,58.0,valencia,recurrente,38.585
efc290a9-c7c7-4ddf-8c0f-d3eecf0da0ce,9,1230.67,34.0,zaragoza,recurrente,136.7411111111111
efcc7ba5-5d8a-470b-a0c5-61f1a17c2bed,6,976.0109000000002,63.0,zaragoza,nuevo,162.66848333333337
efd24958-73c4-434c-87d8-f5e6c559e832,2,283.6,32.0,granada,recurrente,141.8
efddaddf-87f2-4b90-8027-b0c217b95776,10,1109.8700000000001,40.0,zaragoza,recurrente,110.98700000000001
efe011f2-d58c-4d42-8e68-31767809034f,8,978.19,34.0,malaga,recurrente,122.27375
eff76951-46f1-4aa7-8317-302bec455a38,6,440.21000000000004,39.0,bilbao,nuevo,73.36833333333334
effb0ed6-9af0-454b-af1c-f1b499dd9fbd,8,1202.56,26.0,barcelona,recurrente,150.32
f00291cc-2c1b-4ea0-ab61-a0ee4826badf,4,309.74,62.0,bilbao,recurrente,77.435
f002b0a3-bceb-4428-900f-e2be2c27ed23,5,301.44,66.0,barcelona,nuevo,60.288
f003395a-fff8-4c64-b0ae-59e07b9c8595,6,708.4799999999999,44.0,barcelona,recurrente,118.07999999999998
f00cd0d7-067b-4969-b03d-fa006ac7465d,5,512.86,18.0,sevilla,corporativo,102.572
f011dd42-9c61-4f79-8f03-230987f2c760,13,1217.45,25.0,vigo,nuevo,93.65
f016f915-36cb-4c15-beca-8249d2ca40ad,4,297.11,37.0,sevilla,recurrente,74.2775
f017741a-661e-4062-8ec2-b3b178093577,1,22.69,58.0,vigo,nuevo,22.69
f0217079-a404-4bf0-9048-161e5857f86c,6,770.7709000000002,52.0,barcelona,nuevo,128.4618166666667
f022423a-e1b9-40c7-b613-8b0597d3206a,4,467.51,32.0,valencia,recurrente,116.8775
f0236f62-c1de-4d2a-8280-0d33a2deb70b,8,581.11,53.0,barcelona,vip,72.63875
f033e68e-b167-4bcf-981a-d67fafe9b763,9,957.08,45.0,madrid,nuevo,106.34222222222223
f038e73c-268c-4b3e-adb8-50aca052ae72,12,1015.44,25.0,murcia,recurrente,84.62
f045a079-c7d5-4c18-8573-cabf02d3f0d1,8,857.75,51.0,sevilla,nuevo,107.21875
f04db417-2178-4a88-b551-35da9d5f5513,11,1111.36,31.0,zaragoza,vip,101.03272727272726
f051bd87-8960-4a50-8165-0a2798fe8210,7,602.9,69.0,madrid,recurrente,86.12857142857142
f05458af-8b03-4d3b-bc9f-5b7e69e54140,6,789.52,28.0,valencia,recurrente,131.58666666666667
f05ac4b9-a2ed-4eec-a0a4-ccae2a2fa5f9,7,495.21000000000004,46.0,bilbao,nuevo,70.74428571428572
f0632542-0d7c-482e-964a-080712a39be7,7,895.6500000000001,38.0,vigo,nuevo,127.95000000000002
f0636a1a-a012-4b74-a115-4131aa9daed7,7,973.04,42.0,valencia,nuevo,139.00571428571428
f07295fc-d782-4c83-a5d5-160fde420aaf,6,1023.26,56.0,bilbao,recurrente,170.54333333333332
f07398f6-29e0-4634-9489-3970d97df574,7,632.95,19.0,sevilla,corporativo,90.42142857142858
f075d426-f49b-46c9-bb3b-a333bf9d4463,3,276.43,34.0,malaga,nuevo,92.14333333333333
f0789488-391c-4608-a275-57ac0343b3c3,6,414.89000000000004,48.0,barcelona,nuevo,69.14833333333334
f07aeb64-1f85-4aa2-9852-8139363ee011,2,98.55000000000001,35.0,valencia,corporativo,49.275000000000006
f08896a9-89ed-4e7f-9dc4-2b98e5ffd641,4,714.95,36.0,sevilla,recurrente,178.7375
f0964003-a34c-4714-b532-5a3674a9dfdf,12,660.39,18.0,madrid,corporativo,55.0325
f0a58c20-8a15-4b73-a18a-dfa5ad3a18ed,6,461.6,29.0,malaga,corporativo,76.93333333333334
f0ae1d13-c869-4887-a1a3-32cc6e45c182,8,545.74,23.0,murcia,corporativo,68.2175
f0bada5b-4f31-4e2b-8f2d-73a03d1cd500,10,1495.3,40.0,sevilla,nuevo,149.53
f0bcee80-1b87-491d-a661-c778d4dcef5a,10,1161.23,54.0,valencia,recurrente,116.123
f0bf4cdb-0e5b-4494-8f2f-3e9735d1e617,4,452.72999999999996,43.0,murcia,recurrente,113.18249999999999
f0c5b5c3-82a5-405c-bf31-515d5419a234,1,81.48,32.0,bilbao,vip,81.48
f0d556dd-dd76-4590-8dc1-221d512bc012,4,170.55,27.0,granada,vip,42.6375
f0d7f7f3-7e04-42b0-b8a5-be5e9bf94764,4,422.75,21.0,valencia,recurrente,105.6875
f0e2ac08-0fd2-490b-b24b-819022557f94,4,186.97,40.0,zaragoza,vip,46.7425
f0e608f7-69da-49cf-bdbe-387d2bc1416c,11,813.18,41.0,vigo,corporativo,73.92545454545454
f0f8bc92-3ce8-45ba-91c8-1dac0ef75575,3,207.53,67.0,malaga,corporativo,69.17666666666666
f0fac13d-6a05-4ff5-a635-3d19bd782cd1,9,976.91,35.0,vigo,nuevo,108.54555555555555
f0fb33bd-caa3-4651-9620-fa8edb2bbd93,4,673.5909000000001,43.0,granada,nuevo,168.39772500000004
f0ffac94-db37-4fee-aa11-9a6a66b09e0c,12,847.62,29.0,barcelona,recurrente,70.635
f10131ee-c397-4bc4-a458-a695a4e974b9,7,907.4409000000002,26.0,granada,corporativo,129.6344142857143
f10cc30a-8817-4aa5-a9e8-d336fcc0591b,7,643.12,38.0,bilbao,nuevo,91.87428571428572
f1171c7f-d3f8-4706-a242-bae57fd38c3b,7,884.02,44.0,bilbao,recurrente,126.28857142857143
f11fef93-0067-4465-b96b-c7ec5028648b,4,491.58,31.0,vigo,nuevo,122.895
f12fae10-5b58-4f8c-8f14-a228cef91e38,9,1404.1,45.0,vigo,recurrente,156.0111111111111
f1523eea-9514-4668-9e3c-9f48196f48bb,5,337.42,35.0,sevilla,recurrente,67.48400000000001
f15a252f-78fa-4018-945a-7c8ad06060f4,6,315.95,25.0,vigo,nuevo,52.65833333333333
f17766c0-5110-442f-ab80-7c68c0ad80d8,11,1215.47,40.0,vigo,vip,110.49727272727273
f178dfc6-e2fc-4a46-b409-484a05af079d,7,383.01,58.0,sevilla,recurrente,54.715714285714284
f19e1c60-0dd1-43d0-9485-cc5234b6f889,2,79.92,29.0,bilbao,nuevo,39.96
f1a660c3-9019-401d-8d6d-e5dfae20d707,7,355.28,39.0,madrid,vip,50.75428571428571
f1a77cda-6cde-48c1-b04c-292aaded4ab9,4,210.68,21.0,zaragoza,nuevo,52.67
f1b8cb97-433c-4b9e-b6b3-5c2f09d51259,5,962.6,30.0,bilbao,nuevo,192.52
f1c171be-6ec3-48b3-9152-660428adf55a,6,787.62,20.0,zaragoza,recurrente,131.27
f1cdaed3-5772-4676-81a5-a7c8c67338d9,3,260.81,40.0,murcia,recurrente,86.93666666666667
f1da6c39-a156-4c9b-b173-9030c0d69dcd,8,432.42,40.0,sevilla,recurrente,54.0525
f1e2eec4-7270-4263-9aaa-e588259d8c2e,3,272.53999999999996,19.0,vigo,recurrente,90.84666666666665
f1ecf39d-1502-46d1-885f-e2e2500b3b4b,7,813.88,40.0,barcelona,vip,116.26857142857143
f2031b2e-cb85-4fc7-a781-36aa7eece5c4,8,908.68,66.0,madrid,recurrente,113.585
f205f7a7-b636-4a1b-a461-1250cd72998e,4,340.51,35.0,granada,nuevo,85.1275
f21b6f62-56e1-49c4-af95-6eab7a30f032,5,530.27,44.0,barcelona,vip,106.054
f21ebe5b-1a8f-4af6-b6dc-651baf0b8a3d,4,383.96999999999997,28.0,sevilla,recurrente,95.99249999999999
f22275e4-0e5c-4f35-8dc4-d78afee4a845,4,498.79,37.0,barcelona,vip,124.6975
f2321edd-ee67-473c-9087-dc1b4343a38f,4,295.83,53.0,barcelona,nuevo,73.9575
f2430152-8afd-48bd-8c86-32c124c3b960,4,1195.6399999999999,37.0,bilbao,nuevo,298.90999999999997
f2599a0d-f47e-4ed7-8d20-eaeb8fd437e2,3,735.4609000000002,45.0,bilbao,recurrente,245.15363333333337
f25bb017-9e29-4a04-bfc9-126eeaacf36f,4,636.8800000000001,44.0,sevilla,recurrente,159.22000000000003
f25ced32-26b8-4331-9eb2-4b173890e824,11,860.46,34.0,malaga,vip,78.22363636363637
f273025f-5cdc-4eb5-af9b-a94abc9606a4,8,660.7,43.0,valencia,vip,82.5875
f27d5d44-ccee-411a-877c-58193b4e9abc,9,426.14,25.0,sevilla,nuevo,47.34888888888889
f27da774-75af-4e62-a9ab-4981d5988b4e,9,1125.55,31.0,bilbao,recurrente,125.0611111111111
f284a436-beaf-41ba-bf79-5bf1282e0316,8,878.29,54.0,sevilla,recurrente,109.78625
f28815ae-9969-4d1b-8d19-cd946fc921f5,8,707.9,39.0,bilbao,recurrente,88.4875
f28a7736-a6e7-4a34-aa3e-2a6368c66542,5,935.25,51.0,murcia,vip,187.05
f2a5d081-1442-4d11-87e2-3979b73fd84e,9,1526.95,45.0,valencia,nuevo,169.66111111111113
f2ab043f-f277-4326-be1f-141961aa6e73,3,261.79,43.0,murcia,recurrente,87.26333333333334
f2cd210b-f21e-451f-a27c-16d7ff137cd2,7,482.16999999999996,49.0,sevilla,nuevo,68.88142857142857
f2f0b032-eac2-486a-8349-d98cf2eea748,10,927.95,40.0,malaga,nuevo,92.795
f2f483e5-718e-472e-8255-bc2674bb9513,12,1185.8700000000001,31.0,bilbao,nuevo,98.8225
f2f64ddc-e819-4764-9982-f2c599f9db5f,4,477.72,47.0,granada,vip,119.43
f2f77032-de91-413b-a319-85504578c4ff,3,286.07,49.0,sevilla,nuevo,95.35666666666667
f3075bf3-d63a-4d7d-8133-7411460986c9,2,169.24,39.0,murcia,recurrente,84.62
f30c2028-f172-452f-9c96-8e8347ba5d37,9,758.97,20.0,vigo,recurrente,84.33
f30e91f2-b920-419e-a9b5-64e940258de4,2,144.99,32.0,bilbao,vip,72.495
f3199dd5-8a3f-417c-81f9-3de87482ae2b,6,859.7809000000002,48.0,valencia,vip,143.2968166666667
f319da57-be15-4f66-8dde-c6e89b7faabf,6,865.5400000000001,40.0,murcia,corporativo,144.2566666666667
f322da7e-ae89-4506-9b82-9be95c429a99,5,346.06,65.0,barcelona,recurrente,69.212
f326a361-5bd0-4a42-8c0c-1963be3173ad,8,870.7800000000001,40.0,murcia,corporativo,108.84750000000001
f3337de1-3855-4816-8625-164b571afd74,6,762.56,21.0,vigo,nuevo,127.09333333333332
f336b9f6-9804-4380-8b48-26c741f8f997,6,359.51,26.0,granada,recurrente,59.91833333333333
f339e251-0bda-4b15-a532-2925daae57ca,9,828.7099999999999,62.0,sevilla,recurrente,92.07888888888888
f33ca5bb-ed43-45f6-9df5-6e455d265660,6,472.58,39.0,malaga,vip,78.76333333333334
f341aada-c621-41ad-a127-dfe1c72e734c,8,821.15,34.0,barcelona,nuevo,102.64375
f344fde9-40d2-45c3-8b51-f8444d76ed35,9,844.89,41.0,granada,recurrente,93.87666666666667
f34a8969-332f-4b6f-aca6-de5011742ddd,7,926.9399999999999,26.0,murcia,recurrente,132.42
f34af06d-8439-40dc-abee-7a249fa7d6f5,4,245.42,52.0,malaga,recurrente,61.355
f34ede4c-e1c2-4136-9ad6-8a131bce38ee,8,1083.3909000000003,41.0,murcia,nuevo,135.42386250000004
f34fcb4a-e1f3-4135-90c4-63a316826c86,5,691.1400000000001,56.0,granada,recurrente,138.228
f36506fc-6224-4755-ad57-524df98e8ddf,9,937.24,44.0,murcia,nuevo,104.13777777777779
f366fbd4-173e-4d46-afcd-e3e0083459f9,8,1115.1399999999999,49.0,vigo,recurrente,139.39249999999998
f369dc58-bb57-4468-aaf7-3f09d8f5fe00,8,966.6,38.0,zaragoza,nuevo,120.825
f3741cec-0d9d-4373-a294-93a86de38c68,5,618.77,51.0,valencia,recurrente,123.75399999999999
f375fc7a-2304-4830-8a1d-91de9cfb811e,6,519.0799999999999,38.0,granada,nuevo,86.51333333333332
f37ba47e-a471-4dc2-8f47-fd0508db36ce,8,554.94,40.0,bilbao,recurrente,69.3675
f39ba9c6-304d-444b-baac-59db600ba4a2,8,989.0799999999999,21.0,bilbao,nuevo,123.63499999999999
f3a63330-fd46-401a-8387-10f26f7766b6,7,758.26,39.0,sevilla,corporativo,108.32285714285715
f3b13286-2077-4d6b-b618-a8bf26bfb72e,8,963.79,59.0,malaga,nuevo,120.47375
f3b45da6-f3fe-4688-aae9-a1f9f029ad57,4,195.66,28.0,zaragoza,nuevo,48.915
f3b6a619-8e13-4875-9b9b-4ad07ec9cf0d,6,762.5009000000002,37.0,murcia,recurrente,127.08348333333338
f3be58a6-6efe-462d-a56e-37fb03facb10,8,441.55,65.0,murcia,nuevo,55.19375
f3f95710-0079-4734-ad60-67a6183cd9c6,8,994.71,44.0,malaga,nuevo,124.33875
f406fff6-0d39-4bac-bcca-9d46fbbf26c8,12,1664.37,48.0,vigo,nuevo,138.6975
f407b3e5-45e2-4746-865e-20369417f403,6,538.9100000000001,30.0,madrid,corporativo,89.81833333333334
f407fbf2-da61-4503-b33e-ab6610ed27e6,7,760.95,19.0,madrid,nuevo,108.70714285714287
f4143dbe-5996-4c98-8be6-a886ea1ded4d,5,570.4399999999999,29.0,malaga,nuevo,114.088
f426a058-2b61-46e7-b435-2176ed9ba0d6,8,1056.3400000000001,67.0,valencia,vip,132.04250000000002
f43d50b5-c8e2-4fe9-8d49-91e82574aa79,7,520.0699999999999,45.0,madrid,recurrente,74.29571428571428
f442aa44-0f2e-46ca-b3df-c175a12e0997,6,528.29,53.0,barcelona,recurrente,88.04833333333333
f443aa60-5be2-4341-8375-1334e7ad2415,6,279.51,40.0,sevilla,corporativo,46.585
f45ab4a1-fcf8-4eda-944b-719656da02fb,9,610.76,34.0,sevilla,recurrente,67.86222222222221
f469543a-9350-41b3-926e-d0e1a451eabc,7,1029.1799999999998,29.0,malaga,nuevo,147.02571428571426
f46a4904-7a1b-49be-8a99-dcdfe5d749a5,5,368.3,51.0,sevilla,nuevo,73.66
f470689c-5faf-4f27-8666-b3a6496bc19b,6,302.44,18.0,valencia,recurrente,50.406666666666666
f471d850-429c-4e40-b43e-d7be149f2a03,8,900.44,50.0,valencia,nuevo,112.555
f48fa0ee-4471-4076-bebd-949d30186c64,6,617.6,50.0,barcelona,recurrente,102.93333333333334
f49c6158-d701-4203-a6cc-e37ba2c75ab7,5,472.71,40.0,valencia,recurrente,94.542
f4a7e2b3-088c-4956-8eb9-d46b986f8247,7,852.49,31.0,madrid,vip,121.78428571428572
f4a88fab-8384-4052-9e7c-4ff72b8239da,9,1181.54,48.0,vigo,corporativo,131.28222222222223
f4b8e932-e93c-4b5f-bacb-9724e9f24ec7,3,297.8,25.0,sevilla,corporativo,99.26666666666667
f4bbf2a0-dd6a-406c-a89f-8ece892a49f2,8,622.5699999999999,38.0,malaga,recurrente,77.82124999999999
f4bc7809-ed47-40a6-8d92-4941be51255a,11,1170.1,36.0,bilbao,recurrente,106.37272727272726
f4c21d62-d05c-4f29-a054-29dafc8d4984,8,1107.99,42.0,valencia,recurrente,138.49875
f4d4c9d9-503e-49d1-9f3b-333bf9199228,14,1616.89,18.0,malaga,nuevo,115.49214285714287
f4d98b3d-4a3c-4979-8e3e-9f6119259335,10,1286.99,44.0,sevilla,nuevo,128.699
f4db3295-471d-4c92-8ca7-2e63e0849f32,9,1147.32,40.0,bilbao,vip,127.47999999999999
f4ed7314-ea03-4730-9d89-af2b1a609c6c,6,543.82,55.0,zaragoza,vip,90.63666666666667
f4f91057-c056-4118-8b4c-6564ed8be1ba,4,210.76000000000002,65.0,granada,nuevo,52.690000000000005
f504e19d-5c7d-4e14-b320-55b177091533,7,358.29,38.0,murcia,recurrente,51.184285714285714
f5051eae-9ca8-4a79-bf1b-4ddfaf50ac5f,10,536.49,34.0,madrid,recurrente,53.649
f50b96c8-1128-4542-a235-6b6dff2a7b7b,5,658.2,19.0,madrid,recurrente,131.64000000000001
f50ecbba-5221-4adc-ae3d-02a52f3c14ee,5,518.63,46.0,malaga,recurrente,103.726
f514224f-ccf1-4de3-b163-0d66a695a7ca,3,458.66999999999996,40.0,sevilla,nuevo,152.89
f517d9f2-a5a5-47c0-98fc-cb9b078863b9,9,1460.3,46.0,madrid,vip,162.25555555555556
f52698f0-f2f6-4180-b1de-45bbcfdbe67b,4,474.15999999999997,40.0,sevilla,recurrente,118.53999999999999
f529bfd5-5730-412b-97d3-f94c5bcd3a7a,4,224.28,44.0,granada,recurrente,56.07
f52f8d92-b85b-4956-94ae-55c46f6a26c8,5,284.93,42.0,granada,nuevo,56.986000000000004
f5361876-f42a-4146-b553-e665bb2d39cc,7,859.06,36.0,valencia,nuevo,122.72285714285714
f561cfd1-69ab-4c0b-a121-c266d453bd81,5,225.20000000000002,53.0,vigo,vip,45.040000000000006
f564fb36-5ccb-493b-bf46-b4c69c18905f,4,208.64,43.0,granada,vip,52.16
f56c95b1-3a17-4282-b7ee-9bfa117924a1,4,416.45000000000005,34.0,zaragoza,nuevo,104.11250000000001
f5741cbf-61d4-4e6a-8325-1ccfa0607a48,5,493.43000000000006,32.0,zaragoza,nuevo,98.686
f5776a64-f730-4a56-a06f-4f017bf21fba,10,1152.28,65.0,valencia,recurrente,115.228
f57b1221-9f53-46af-b39b-852ba1b23f83,7,411.59000000000003,38.0,zaragoza,recurrente,58.798571428571435
f58506a3-cab3-4186-ae7e-091b5aaea1ef,3,167.42000000000002,38.0,murcia,corporativo,55.80666666666667
f5873677-502c-4ebd-a013-91aaf58ac3c4,7,818.35,18.0,sevilla,recurrente,116.90714285714286
f58e5af0-d7b9-4459-a16d-b4d0668abbd4,6,906.8,52.0,malaga,nuevo,151.13333333333333
f591d0cf-f1dd-4596-8e75-c04e6d55d1cf,3,425.91999999999996,44.0,bilbao,recurrente,141.97333333333333
f593245d-cf67-43b0-85ce-c9eeacac3c8f,7,522.75,40.0,valencia,nuevo,74.67857142857143
f597b509-d6c2-4cfc-9b16-f6abf2c75b0b,6,674.73,52.0,barcelona,nuevo,112.455
f599a447-f850-4c5e-8dca-e5f63f7a652e,13,2001.9099999999999,70.0,madrid,recurrente,153.9930769230769
f59b920e-b8e4-45e5-9fd6-d183ded29fb0,5,301.61,18.0,madrid,recurrente,60.322
f5a242d8-ba9d-4e11-808c-7024dbd264af,10,879.75,30.0,vigo,recurrente,87.975
f5a62678-f8cb-4924-8e52-50c7cc4d0c23,2,325.81,62.0,madrid,vip,162.905
f5af7109-c676-4fa6-a8fb-2cedd47727dc,8,1212.6809000000003,42.0,barcelona,nuevo,151.58511250000004
f5b44818-a433-4f86-8fcf-31cf38d7724c,6,620.13,45.0,barcelona,nuevo,103.355
f5b6d089-8527-4c04-a5f7-a7da3d527a08,6,497.91999999999996,52.0,malaga,recurrente,82.98666666666666
f5bafc3a-459b-438a-87a3-93ca5d82bf88,3,441.89,22.0,barcelona,nuevo,147.29666666666665
f5bb478a-7a63-410a-a3a6-2d436489b022,12,938.87,44.0,valencia,recurrente,78.23916666666666
f5c2eee8-c413-4a28-bbb9-b67108dfb3bf,8,943.1400000000001,59.0,granada,recurrente,117.89250000000001
f5d715ff-78dc-4a06-9831-ee8562e7a240,7,742.46,27.0,granada,nuevo,106.0657142857143
f5dbb9c6-5cf8-4aa9-914f-a95db1182980,8,647.1600000000001,49.0,zaragoza,nuevo,80.89500000000001
f5dc9736-7169-4c33-8f22-00f3775d19b6,8,982.78,53.0,sevilla,vip,122.8475
f5eecbb0-5f10-44bd-816b-458bf9f6fc3c,6,698.95,46.0,zaragoza,nuevo,116.49166666666667
f60479da-90d4-41aa-aa38-854c3121b21d,5,361.89,56.0,malaga,recurrente,72.378
f6079ae8-36f6-45fd-8ec2-a486d663e44f,2,113.0,59.0,vigo,recurrente,56.5
f6087dcb-b7a3-41e5-a5fd-a713c3214c47,5,443.47,61.0,madrid,recurrente,88.694
f60f7ab9-0385-40ad-8ac8-efd9122178bc,9,1279.31,32.0,granada,vip,142.14555555555555
f612dbdb-15ab-4b94-bc84-806e1735f181,6,328.08,35.0,granada,recurrente,54.68
f6282e80-11c4-4f53-8cf3-1ad66b57928f,11,1075.38,68.0,zaragoza,corporativo,97.76181818181819
f629a775-3094-4446-bbd9-4e8ffe955fc3,5,468.29999999999995,60.0,zaragoza,nuevo,93.66
f62ce1ca-e90f-46bd-8759-5dd2e73c3cff,4,634.2609000000002,63.0,bilbao,nuevo,158.56522500000005
f637785d-70c9-4d66-a446-d5ce9d32484b,5,295.73,40.0,sevilla,nuevo,59.146
f64488ad-aad2-4ee5-8f2a-5a3ea2646b4e,11,1894.5709000000002,60.0,sevilla,nuevo,172.2337181818182
f6453de1-710d-4c3d-a5fb-0d08ec0b6a38,6,193.26999999999998,26.0,barcelona,recurrente,32.211666666666666
f6537714-b23b-4f8e-91bf-762bb97a3d28,6,603.45,49.0,madrid,recurrente,100.575
f65aa6fc-e1e2-48a2-abab-7c81ae52d4f3,7,435.35,39.0,vigo,vip,62.19285714285714
f65fb2d0-db82-459c-88a3-a7049f5439bf,7,444.82,55.0,madrid,nuevo,63.54571428571428
f665142f-ff78-4836-9b6f-4150a8d2c4c1,7,573.9200000000001,73.0,granada,nuevo,81.98857142857143
f667b360-7db7-409c-ba6a-4ab0d6febff4,4,309.6,43.0,valencia,recurrente,77.4
f668aadb-e8f3-4ee6-9f3a-fa54ebfe8dc2,4,656.3199999999999,50.0,madrid,recurrente,164.07999999999998
f66d1cd3-65ce-476f-b60e-5ee4cb4974c1,10,597.84,43.0,madrid,recurrente,59.784000000000006
f6786338-4598-413a-8485-3fd35e7f8349,7,1081.35,45.0,granada,recurrente,154.47857142857143
f6a77566-08a0-483e-be39-54024b3cf2fa,4,211.48000000000002,32.0,granada,nuevo,52.870000000000005
f6abc1de-5f4b-465f-b09f-1b31fcfbd7af,8,617.49,46.0,murcia,corporativo,77.18625
f6ba16ac-d4ef-4cee-b7e8-7a32edda11ca,5,216.09,69.0,zaragoza,vip,43.218
f6becb0c-593f-49aa-92e1-a96a13aef3bf,5,308.95,59.0,zaragoza,corporativo,61.79
f6becf87-390b-4fb8-b4d3-9d2c6d2e7d21,3,358.65,35.0,malaga,recurrente,119.55
f6d1fc96-4aa0-4f61-bcdc-537238412a73,2,220.44,60.0,murcia,recurrente,110.22
f6d437b8-f484-49fc-973e-467b9b5a3c55,8,492.38,67.0,vigo,nuevo,61.5475
f6d87659-b401-4185-813c-8c2c49f7ba10,3,247.85,40.0,murcia,vip,82.61666666666666
f6de054e-936b-4fe2-9213-4a7d06f56e1b,3,382.02,61.0,granada,vip,127.33999999999999
f6e8b1dd-c4f9-4103-b168-ffc03e0f1e7c,9,1076.79,25.0,valencia,vip,119.64333333333333
f6f7db34-4418-4162-8c5a-1293eb22a5d5,2,196.79,48.0,murcia,recurrente,98.395
f6f7f50e-4ff5-4eec-a443-3737ea270ce4,6,428.48,34.0,bilbao,recurrente,71.41333333333334
f70a8df3-6df3-4857-9334-68ea80810a93,1,150.09,47.0,sevilla,nuevo,150.09
f7138ebb-d0e9-44f7-a572-67a5e676448b,11,821.53,47.0,granada,recurrente,74.68454545454546
f71e3d4b-3f82-4541-8319-6d83941e1502,8,1301.6809000000003,39.0,zaragoza,nuevo,162.71011250000004
f7369f67-c800-4560-b49d-011e45954ee1,4,402.07,40.0,granada,recurrente,100.5175
f7390ec5-0029-4672-b801-a88126f6fe49,7,688.54,34.0,zaragoza,nuevo,98.36285714285714
f73d8409-c255-43d3-82a4-e9a597cd603f,8,604.74,40.0,murcia,recurrente,75.5925
f74c25b4-c679-4dd7-bddf-5b2f27230b82,6,344.49,19.0,vigo,nuevo,57.415
f761c91c-d439-4f09-804c-9e68d3828ca3,2,144.94,41.0,valencia,vip,72.47
f7675c9e-60be-4b7a-a5b7-93c219527a15,7,1309.1699999999998,26.0,malaga,nuevo,187.0242857142857
f779a268-03d7-4218-bd56-5d7f4ba47054,4,342.84000000000003,43.0,barcelona,recurrente,85.71000000000001
f77a4d83-95d3-41fa-98d5-7358da5bb119,2,488.66999999999996,39.0,sevilla,nuevo,244.33499999999998
f77bef39-10a5-49dc-b6e4-5b07045878b5,3,217.73000000000002,66.0,barcelona,corporativo,72.57666666666667
f77fc7d0-d3af-45d6-ac33-67947cdc95dc,6,416.75,36.0,vigo,recurrente,69.45833333333333
f780366a-58d7-4130-bec9-bc5a8e60a84f,3,427.28000000000003,41.0,vigo,nuevo,142.42666666666668
f78b6ef8-ed82-4353-b6d1-4ac0860af7f9,9,1797.9009,48.0,malaga,corporativo,199.76676666666668
f78d6f7c-ea54-4ad3-9612-92ccf783368f,9,734.15,33.0,malaga,vip,81.57222222222222
f79365cc-1152-46eb-969e-54748a76ee58,10,1091.44,39.0,valencia,recurrente,109.144
f7a6452c-37bb-4317-a5e5-878e5136c798,9,1422.51,27.0,zaragoza,recurrente,158.05666666666667
f7b281b0-1ac4-4bd2-a0d2-52e8a0465d8c,4,209.56,37.0,barcelona,nuevo,52.39
f7d879b6-99c4-4520-88ae-3a5ddee7bab0,7,793.3399999999999,45.0,granada,recurrente,113.3342857142857
f7e55bbe-15ac-4a28-88d0-d35a115f33b2,4,291.59,58.0,sevilla,recurrente,72.8975
f7e82a99-2220-4ca6-90a6-0a6c77bbeb17,6,337.41,45.0,vigo,vip,56.23500000000001
f7f78487-a156-4c6c-bb80-1a84e9f2d334,10,753.4,45.0,malaga,recurrente,75.34
f8038c1d-1841-4cde-9c0c-212efbaa857b,3,224.42999999999998,29.0,granada,nuevo,74.80999999999999
f806fe70-13e0-4caf-9760-1d0fe2233754,7,476.51,49.0,granada,nuevo,68.07285714285715
f821cd22-72b7-4f28-9b9e-00576e9d3b19,10,944.9,33.0,sevilla,recurrente,94.49
f8263646-716c-43b7-9b76-7b07e561699f,11,811.8199999999999,72.0,granada,vip,73.80181818181818
f82b086b-93bd-48f8-870f-db5d8d76f419,9,1443.9609000000003,40.0,bilbao,recurrente,160.44010000000003
f839733b-b57f-41d5-a04b-f844feee5741,4,452.61,49.0,bilbao,recurrente,113.1525
f842b4ed-dedd-4190-bafe-3bd9b4874eb9,5,275.86,38.0,barcelona,vip,55.172000000000004
f856ffb6-9339-46db-8139-0f93e37feab8,12,1299.77,18.0,granada,nuevo,108.31416666666667
f85bfb9e-eccf-4a87-a91b-1be4a27df4ce,8,1076.62,40.0,bilbao,corporativo,134.5775
f8733e5b-b597-4065-a63f-6ed87b9eb56a,7,827.06,41.0,malaga,recurrente,118.15142857142857
f8810c05-efee-4962-ad44-e7e1024631bb,7,678.96,44.0,murcia,recurrente,96.99428571428572
f88901bd-5635-4e93-9725-acb5d070c7d9,4,262.68,50.0,valencia,recurrente,65.67
f88bfe50-badd-4d8f-91f8-0a1ff1729ff1,2,163.92,33.0,bilbao,recurrente,81.96
f89b0b1f-1371-436e-a1e5-5cf05634e363,2,162.43,34.0,murcia,vip,81.215
f89bed03-22b4-4cfb-9726-3c1f7884af16,7,620.81,47.0,valencia,recurrente,88.68714285714285
f89cb784-b608-420a-a788-fc25907e1a5c,3,323.51,44.0,granada,vip,107.83666666666666
f8a9eda7-8b24-4a53-ade0-1f889eb98a49,6,512.18,34.0,vigo,vip,85.36333333333333
f8ac6507-cc36-449b-a72c-f504f060a471,3,777.3,31.0,bilbao,recurrente,259.09999999999997
f8b46b62-ef46-4274-a506-0d9deb7e9f2b,8,1280.9609000000003,53.0,granada,corporativo,160.12011250000003
f8b4d1b2-f1c2-4983-a306-c28dec778e29,8,304.79,40.0,vigo,recurrente,38.09875
f8c2ad1f-a638-46a8-ba8c-8395c2177941,5,321.03,26.0,vigo,vip,64.20599999999999
f8c6933e-62a2-445b-85ed-62225a7211ed,8,658.46,27.0,bilbao,nuevo,82.3075
f8c8f265-f914-4c4c-a0af-b62d558d3e4a,6,481.55,28.0,barcelona,vip,80.25833333333334
f8cbe2d3-81a1-43ef-98eb-af2b77353c0e,10,1484.37,45.0,madrid,recurrente,148.43699999999998
f8cd409d-7fe6-47a2-9e0f-774dd93c6466,7,960.6899999999999,24.0,malaga,corporativo,137.24142857142857
f8e29688-7bdd-4bcf-9954-061173975f7d,3,509.87,53.0,granada,corporativo,169.95666666666668
f8ea7760-f88d-4bd1-a317-d5907cac70ce,8,786.98,39.0,bilbao,vip,98.3725
f905a723-19f8-4fe2-824a-781e6a87f131,4,1000.6709000000002,25.0,sevilla,recurrente,250.16772500000005
f905d479-c709-4346-ab1b-5caa6065f6c4,4,373.69,40.0,malaga,recurrente,93.4225
f907fe7d-3744-4338-9aee-1afbbcab942d,5,770.46,23.0,sevilla,nuevo,154.092
f913385d-7a36-4766-84b0-3cefaa90a236,7,723.86,56.0,madrid,recurrente,103.40857142857143
f918487a-befb-4af6-838b-cecba90f69e5,6,702.87,29.0,madrid,nuevo,117.145
f9192f96-61a5-4aa0-8be4-e0cef67949f9,14,772.32,45.0,bilbao,nuevo,55.16571428571429
f91a1221-7945-4b76-ac88-b3fc8c5c6501,7,633.42,18.0,vigo,nuevo,90.48857142857142
f9219ea4-da77-4cbc-b20a-3f92f2fbfcd5,6,827.0509000000002,43.0,granada,nuevo,137.8418166666667
f92437d3-fde9-4f97-8249-efaed1df9d8b,6,733.79,43.0,barcelona,recurrente,122.29833333333333
f9291c10-b814-4187-b3b1-4f06a2a3fba4,11,978.98,40.0,vigo,nuevo,88.99818181818182
f92a8fd7-c54e-43a6-93b5-ba1d13375b86,2,241.38,42.0,valencia,recurrente,120.69
f9324dff-b77d-4c7c-bc02-05708aca6ea6,5,656.66,39.0,vigo,nuevo,131.332
f9342f86-240a-4b82-8616-6e8aa946f66a,7,822.9,31.0,bilbao,nuevo,117.55714285714285
f9448f16-d80e-4961-b116-2841d761f32e,12,1910.5,32.0,bilbao,vip,159.20833333333334
f955b76b-2ecc-45df-ae9e-9e867394dfd3,2,231.82999999999998,43.0,valencia,corporativo,115.91499999999999
f9595a48-2fcd-45f9-9097-127a09e22b33,12,890.6700000000001,51.0,sevilla,nuevo,74.22250000000001
f9644d31-e5e9-46bb-b4b9-e2d5841325d0,7,482.51,21.0,vigo,nuevo,68.92999999999999
f974a2dd-3984-4152-b7bf-b8bac9720318,4,463.82,40.0,valencia,nuevo,115.955
f9777666-260e-47fb-9393-7b50ae8e8903,4,417.94,41.0,sevilla,corporativo,104.485
f9793e7b-4876-488a-b16e-bcd0d866d2a5,6,985.28,39.0,zaragoza,vip,164.21333333333334
f97a75ed-35f6-4484-a3db-53fe974b16dd,5,607.14,33.0,vigo,nuevo,121.428
f98e46e5-e8d9-450f-9ae8-2d107c5addec,10,814.14,39.0,bilbao,nuevo,81.414
f990c6b0-7439-4686-96aa-ab010a9f6dd0,9,896.02,21.0,vigo,nuevo,99.55777777777777
f9a03a4f-a451-4f32-be7d-23d08c02bf06,5,285.89,18.0,barcelona,recurrente,57.178
f9a3cc34-cc15-4b07-b518-b0ac0294c32e,5,626.17,24.0,madrid,recurrente,125.234
f9a42bf9-6a49-423d-af18-030898116579,4,234.03,75.0,barcelona,nuevo,58.5075
f9aabdd0-2b3a-4e30-bf82-6b04b3aee8b1,4,624.47,69.0,sevilla,vip,156.1175
f9bae91d-a10b-4dcf-b21a-c7b391a80e7c,6,897.47,61.0,vigo,corporativo,149.57833333333335
f9bd58e0-58a0-4d64-b5ab-ccabfcfdc51c,10,1080.6,37.0,barcelona,vip,108.05999999999999
f9cbdd11-26e1-471b-a6b7-cf1b083f49fc,7,654.31,45.0,bilbao,nuevo,93.47285714285714
f9ce94ad-4317-43d4-93ec-a23e5752fb96,4,616.02,47.0,zaragoza,nuevo,154.005
f9d54acf-ff02-4eda-a470-4e10a762f16a,20,1182.86,44.0,madrid,recurrente,59.142999999999994
f9e11da9-c83b-4c67-baf2-28b8109861d0,6,843.54,50.0,zaragoza,corporativo,140.59
f9e79df6-4784-4001-a471-e712bd0c0046,7,874.2909000000002,50.0,murcia,vip,124.89870000000003
f9ee7d6e-1bd3-42a6-a292-d7ffbc8151ac,7,1381.9409,43.0,zaragoza,recurrente,197.4201285714286
f9f6947b-fd54-4f98-b95f-173bc33fada3,7,1099.9209000000003,35.0,sevilla,recurrente,157.1315571428572
fa085db5-850d-408d-a8af-f1d7d88d11eb,4,276.77,41.0,murcia,recurrente,69.1925
fa1dd4c3-4bd8-49ce-9064-5504f56188c0,7,531.25,49.0,valencia,corporativo,75.89285714285714
fa233fa3-50fd-4376-9b8d-7c5b05b91875,6,442.23,59.0,vigo,vip,73.705
fa27da37-ec2a-45cd-8c21-c1cbacbe801c,4,781.19,40.0,granada,recurrente,195.2975
fa29c23b-0489-4df9-9501-944c0e6feff7,9,564.5699999999999,45.0,barcelona,recurrente,62.72999999999999
fa2b6f98-8874-4fe3-9a9a-b8056014ce9c,5,275.47,50.0,bilbao,recurrente,55.09400000000001
fa2c965b-9356-48b4-84f1-ee1bf213cee9,5,383.96000000000004,26.0,malaga,vip,76.792
fa3bde74-eec9-432c-8b9a-c9034f247a1c,4,349.26,18.0,zaragoza,recurrente,87.315
fa412eed-9785-4efa-a59b-367dbd90a8e5,3,368.43,51.0,sevilla,corporativo,122.81
fa4d4364-587e-4616-ba12-a93c01804879,4,429.5799999999999,46.0,malaga,vip,107.39499999999998
fa5c7db3-437c-44c5-9fa6-15e26a5a694f,8,612.15,45.0,zaragoza,corporativo,76.51875
fa60edd9-844f-47db-94fe-d8130d79f169,10,1028.19,45.0,bilbao,recurrente,102.819
fa6359f0-b4cf-4fda-8215-1dcf675d7e9c,9,966.6800000000001,43.0,zaragoza,nuevo,107.4088888888889
fa65261c-54f9-4984-a31d-d2fdb8e15b8b,3,99.05,43.0,madrid,recurrente,33.016666666666666
fa68c13a-a479-4adf-8a18-a4a4cf11e786,8,701.46,27.0,zaragoza,nuevo,87.6825
fa6d49de-c65d-4317-b43e-9b580ba6e0ee,10,750.32,46.0,sevilla,vip,75.03200000000001
fa8d54c0-bfa4-4756-bd57-39569f1c5d2a,10,1196.7,40.0,murcia,vip,119.67
fa9a131f-0db1-408a-898c-c63a5210d823,7,729.59,24.0,sevilla,nuevo,104.22714285714287
faa09c08-d902-45a5-883d-0b3debb3936c,6,1510.8609000000001,44.0,sevilla,vip,251.81015000000002
fab0259f-db61-4f88-8132-ed5965edd4f3,11,1100.49,35.0,sevilla,vip,100.04454545454546
fab4dad7-2bf5-4107-b4e0-107c9b255bc4,5,330.29999999999995,36.0,malaga,corporativo,66.05999999999999
fac52a49-b914-482b-9ffd-872f20b8c510,5,639.5799999999999,18.0,bilbao,vip,127.91599999999998
fac67cfb-0d6a-4975-8862-59d8e762b769,11,933.6,67.0,zaragoza,nuevo,84.87272727272727
facbc364-b97d-4db4-b1df-3d71a8ef232d,6,566.2,47.0,barcelona,recurrente,94.36666666666667
facc4598-73d5-428b-a8d3-a2f97369cb04,8,651.92,40.0,barcelona,nuevo,81.49
facef4b8-9fec-4045-890b-861e1c349bf3,8,467.4,43.0,barcelona,nuevo,58.425
fad5b4d9-6b61-46dc-9719-b950e266d214,7,683.4,48.0,vigo,recurrente,97.62857142857142
fad94abd-ae15-439a-a897-44f4a3c6370a,5,402.24,46.0,madrid,vip,80.44800000000001
fae83e6d-c955-464b-a99e-342b591fdf9a,4,617.49,26.0,bilbao,nuevo,154.3725
faee8ae7-f91c-40ae-ba88-a67ffff56bf3,5,554.36,30.0,granada,recurrente,110.872
faf55384-db15-49b1-b150-96ea5d541c94,6,569.87,35.0,granada,recurrente,94.97833333333334
fafcdcd5-e1bc-4152-b8a4-e963942c3400,4,447.01,82.0,zaragoza,vip,111.7525
fafec2bc-f67f-419a-9e70-0f8649c726c4,4,227.35999999999999,32.0,bilbao,recurrente,56.839999999999996
fb04914b-55ad-4781-8ec0-ffe3d3531137,6,521.56,35.0,murcia,recurrente,86.92666666666666
fb090867-f701-4d5b-8899-fe55be6f0128,8,487.05,30.0,barcelona,corporativo,60.88125
fb181438-36e7-48da-9730-9535a99b8a56,4,621.3399999999999,59.0,madrid,nuevo,155.33499999999998
fb19811c-7c6a-42fa-b5cb-f189db30d07b,7,673.99,40.0,valencia,recurrente,96.28428571428572
fb21afe3-56f6-455a-afdf-d4bb0fce5289,7,558.44,38.0,zaragoza,recurrente,79.77714285714286
fb27e92b-6b70-46c3-963b-daf150cad3b3,5,807.29,53.0,vigo,corporativo,161.458
fb2b688b-1f1f-4b64-adaf-580d8af071dd,3,230.70000000000002,29.0,murcia,recurrente,76.9
fb31383b-ca9e-428b-bbc0-335340a8cbcd,10,896.88,18.0,malaga,recurrente,89.688
fb4461e1-f0c4-4349-8c66-b024c32516db,9,844.89,31.0,madrid,nuevo,93.87666666666667
fb487dc8-e8ca-44a7-bc76-f5f5e036d70a,7,1011.0799999999999,57.0,barcelona,nuevo,144.44
fb4ccd81-4bac-4296-a450-f5d4085ef031,6,351.37,20.0,malaga,corporativo,58.56166666666667
fb4fc44f-4181-4797-a726-9b487603d3b6,5,836.2,42.0,madrid,recurrente,167.24
fb525d08-37f8-4e7a-8252-a222d3864a30,9,578.69,44.0,madrid,nuevo,64.2988888888889
fb5a08e8-0c8e-4f33-b1f8-7add3a42ae14,8,425.46,28.0,sevilla,nuevo,53.1825
fb5f987a-4e39-43c6-908f-caa0810107f4,5,917.82,46.0,zaragoza,corporativo,183.56400000000002
fb64955f-219f-418b-883d-854613934961,4,609.65,53.0,sevilla,corporativo,152.4125
fb67f47f-7c65-453d-86e2-1bd14be4427f,3,207.18,32.0,malaga,nuevo,69.06
fb6c9b47-0121-449a-b8f2-fc2c20a330ab,10,936.86,36.0,granada,nuevo,93.686
fb6fd4c8-282d-42da-acf8-e650d499ba04,4,262.94,32.0,zaragoza,recurrente,65.735
fb741ff9-6b24-452a-8f24-58264fa41ad1,6,610.73,46.0,vigo,vip,101.78833333333334
fb7590e0-3be6-42a1-9f24-fec76153f749,10,1229.02,32.0,malaga,corporativo,122.902
fb7c6e3c-88f8-4526-aa21-5d8da8fca9a8,6,406.82,53.0,zaragoza,nuevo,67.80333333333333
fb7ed5fb-a53a-41f8-9810-c97482ff1094,8,898.3209000000002,36.0,barcelona,nuevo,112.29011250000002
fb851226-1cb8-4deb-b1ca-ae4cae8690f2,5,390.69,51.0,valencia,nuevo,78.138
fb9417b3-d8a9-42e8-9d70-be64726aeaae,11,1312.6000000000001,40.0,murcia,nuevo,119.32727272727274
fb98e964-fba7-4299-8ded-c5362453da5d,5,655.39,34.0,murcia,nuevo,131.078
fb997c9f-775c-4b1a-8746-32dad28f0615,2,21.689999999999998,18.0,murcia,recurrente,10.844999999999999
fb9cd4b9-e80c-415e-a889-628abbb009e0,12,1509.35,43.0,murcia,recurrente,125.77916666666665
fba212ce-7610-4782-bd2d-c9b276d31cb8,9,888.71,46.0,malaga,corporativo,98.74555555555555
fbade343-5002-40fc-8f42-6c72b1d2c7e9,9,1024.91,40.0,valencia,recurrente,113.8788888888889
fbb192ec-e573-4af2-8cd8-8f7a74c903a4,9,915.48,44.0,sevilla,recurrente,101.72
fbb349a5-991f-4fb6-95b4-ac78bad8ce67,7,1125.1200000000001,60.0,vigo,recurrente,160.73142857142858
fbda12bb-5d9b-4101-8d31-16f909a87a77,6,1201.6609,40.0,sevilla,nuevo,200.2768166666667
fbdd6d38-7fac-47ce-beb0-5e662834a7e6,5,615.6800000000001,51.0,malaga,recurrente,123.13600000000001
fbde9f22-4230-482a-987f-84793b36896e,8,687.04,61.0,sevilla,vip,85.88
fbee52f6-865e-4379-b63f-21972876b69d,4,397.57,35.0,granada,nuevo,99.3925
fbef1f1a-b647-4bfb-88b2-07f586e7e45f,5,750.9599999999999,33.0,vigo,recurrente,150.19199999999998
fc052fc9-0581-4f44-8425-a54d65ae30e3,9,1151.5,35.0,sevilla,recurrente,127.94444444444444
fc0df405-016f-4e4e-bb02-339bb2017c62,5,639.0699999999999,51.0,malaga,recurrente,127.814
fc0f4329-b0cc-491d-9ced-07aee0f38736,6,420.38,40.0,madrid,nuevo,70.06333333333333
fc18422b-9df1-4ee7-a107-a5c0a5d8fcd3,9,752.21,54.0,madrid,recurrente,83.5788888888889
fc18fab3-1cc0-4540-96be-e3a6e2445167,7,820.55,39.0,zaragoza,nuevo,117.22142857142856
fc1dfec7-9623-4638-9b19-4b49585da81e,11,1072.77,47.0,bilbao,recurrente,97.52454545454545
fc2a02c4-3675-47e7-bacf-f6839b7ef171,6,197.37,54.0,granada,nuevo,32.895
fc3acc9a-d94e-42bd-bd2c-c250a385e6fe,7,1230.64,64.0,madrid,nuevo,175.8057142857143
fc410f07-dec5-48a6-9d01-fa6e8e8530d2,7,775.85,40.0,zaragoza,vip,110.83571428571429
fc52addb-2457-407f-bcc2-6c3f4b915e84,4,217.14,41.0,barcelona,nuevo,54.285
fc5897e5-35c6-42f9-a6af-00222a5f96ca,1,151.75,41.0,bilbao,nuevo,151.75
fc5bba5f-f0e5-4827-a50f-bdbc29a82d8d,6,386.28,44.0,murcia,nuevo,64.38
fc6b4265-9968-46f5-b664-96e3fb7e4d0d,9,636.83,41.0,barcelona,recurrente,70.75888888888889
fc76cec1-357a-4389-a799-d8c66e4aa049,3,163.19,45.0,murcia,nuevo,54.39666666666667
fc926c95-d2c6-44f9-89fa-997948819003,4,336.06,23.0,barcelona,recurrente,84.015
fc9f94c4-461e-4acc-90b3-c9ddf06bccda,7,662.07,42.0,sevilla,recurrente,94.58142857142857
fca1cba1-b6fd-4cda-8a7c-6d6af7a7fef3,8,771.47,30.0,granada,recurrente,96.43375
fca4d358-bc87-4f29-b753-d07eb58b782c,11,737.12,36.0,barcelona,recurrente,67.0109090909091
fcb3ea19-fc71-4c31-a4cb-97ea14216dbc,6,359.47,43.0,vigo,corporativo,59.91166666666667
fcc47907-b6ed-4599-9671-4835ead09672,1,16.91,38.0,vigo,vip,16.91
fcc9d7b2-3b98-4043-92f3-ae4a0cadf0be,5,569.76,50.0,vigo,corporativo,113.952
fce5b5e8-1842-4a4d-895b-9790b7e57b37,9,640.5699999999999,49.0,barcelona,corporativo,71.17444444444443
fce8373a-2fee-4863-893b-9bca7ecd2f11,5,351.58,19.0,valencia,recurrente,70.316
fcf2e357-5b8c-4c76-b066-5ac04bf2302f,5,639.78,25.0,malaga,nuevo,127.95599999999999
fcf652cf-e349-4fac-86d5-3a24ab8409fe,8,507.17,38.0,sevilla,recurrente,63.39625
fcf7a208-d3a7-43c5-a9e4-53ff4d81ed78,7,378.98,21.0,granada,recurrente,54.14
fcf8752c-0aa6-4c29-8609-ad8569cdefff,3,403.87,37.0,sevilla,nuevo,134.62333333333333
fcf9bf2c-17b9-4941-aca9-f17415ab0ce5,5,290.1,49.0,sevilla,vip,58.02
fcfd0eba-c9b5-4aa9-9601-58e7bd3d8ab9,6,491.88,33.0,sevilla,vip,81.98
fcfe6ed8-5dc4-4e9f-82a3-3b1aeb454739,5,581.63,50.0,zaragoza,recurrente,116.326
fd0201b9-5d73-4ab0-a4dd-588fe9af6c21,5,437.7,53.0,bilbao,corporativo,87.53999999999999
fd06d651-8675-4ccc-a566-b0cec0418ca4,7,622.8100000000001,29.0,murcia,recurrente,88.97285714285715
fd0816cf-cb92-4011-af78-758e56c946ca,9,697.1500000000001,34.0,bilbao,recurrente,77.46111111111112
fd18c8e1-437d-462f-b07f-5416fb2970bb,4,287.26,47.0,sevilla,corporativo,71.815
fd256450-1fff-4a21-b4db-32ca96f6ad46,4,217.41,23.0,valencia,corporativo,54.3525
fd26fee7-ddcd-4686-b81a-9c5b98afeee7,6,340.03999999999996,21.0,sevilla,nuevo,56.673333333333325
fd2a0b65-b781-4265-bce9-b142c8497069,6,668.79,31.0,granada,nuevo,111.46499999999999
fd327e9b-1c22-457a-8be6-8b0680a83c14,4,269.98,43.0,vigo,vip,67.495
fd358d33-9330-44d7-bbfe-e4c9bd99fe1c,6,590.92,45.0,murcia,recurrente,98.48666666666666
fd389f78-67e1-47f6-a107-a9e54a982249,5,450.85,20.0,granada,corporativo,90.17
fd3921b8-a0c7-4f78-b2af-fed2c89985bf,7,747.74,18.0,barcelona,corporativo,106.82000000000001
fd3e2eb9-8c6a-404b-a74e-fff9f58f79a2,8,718.56,19.0,murcia,recurrente,89.82
fd46a5cd-4fed-466e-a793-ea1bacc857d1,3,609.54,63.0,madrid,recurrente,203.17999999999998
fd58670b-abfa-4ca4-8b89-839adfa7edd7,9,591.02,22.0,bilbao,nuevo,65.66888888888889
fd5992dd-7faf-46ba-a226-9042fb718f29,7,1443.96,37.0,bilbao,nuevo,206.28
fd5afbe0-182e-4127-a4c1-bac80b980481,5,387.37,40.0,malaga,recurrente,77.474
fd65028e-d941-4d5d-b866-28661b39fb13,4,612.73,49.0,malaga,recurrente,153.1825
fd6a11ec-d787-4c93-973a-9a82be8524f9,1,33.25,33.0,bilbao,nuevo,33.25
fd71729b-90b4-44d6-8948-d02c2f5963b5,6,392.88,54.0,vigo,recurrente,65.48
fd7273b0-1218-41fe-bcd9-7503611c2652,5,279.8,34.0,murcia,vip,55.96
fd7cd7ee-4d4d-4ae2-9ae8-29f5ce5e3239,8,574.55,79.0,malaga,recurrente,71.81875
fd7cf51c-322d-44ae-8c69-928214355de9,5,335.62,51.0,sevilla,recurrente,67.124
fd7eadf8-dbfe-4c25-b414-86d5b7c45118,10,2146.1318,40.0,vigo,recurrente,214.61318
fd81d137-5c71-4914-8ee8-73f6527b62f7,2,278.29,40.0,valencia,nuevo,139.145
fd82f548-473b-4755-9380-a739bce0d1d2,11,1070.71,50.0,valencia,nuevo,97.33727272727273
fd8a0021-2d43-4dee-83dd-d06312da3f13,7,1200.8709000000001,34.0,barcelona,nuevo,171.55298571428574
fd8db3bf-dc4e-4553-9730-9cd87bcb4b0f,5,867.08,51.0,valencia,nuevo,173.416
fd951658-f1da-4f8b-831c-aa28bac199b3,4,144.49,68.0,valencia,nuevo,36.1225
fda5949d-839e-4b33-928d-65e6d3fd27aa,9,1125.96,34.0,malaga,nuevo,125.10666666666667
fdaba99a-85d0-49cc-8205-917fcc2b48bd,5,288.09999999999997,52.0,valencia,nuevo,57.61999999999999
fdae9eff-d981-4aff-9e2e-e423f5ed2851,6,337.63,57.0,bilbao,nuevo,56.27166666666667
fdaf1ffc-dacb-4484-bc84-08d142cf8512,8,344.59,33.0,madrid,nuevo,43.07375
fdb0dfde-3a1b-45a0-a6f6-f5c32246006a,9,854.46,43.0,granada,nuevo,94.94
fdb70a2e-f2e6-473c-86a0-7399083d4f97,6,885.0600000000001,26.0,murcia,corporativo,147.51000000000002
fdbe5f1e-f92c-4737-ac28-4f3a980f8312,7,610.54,57.0,barcelona,vip,87.22
fdc2f9bd-d020-4be8-ab67-cc55036e5960,8,1258.52,43.0,vigo,corporativo,157.315
fdd52df6-d308-47da-8209-4d943d5d372a,5,358.08,40.0,zaragoza,nuevo,71.616
fdeb78d4-a0f0-45ac-aac4-ee833fc5a044,11,1218.4809000000002,60.0,sevilla,nuevo,110.77099090909093
fdeca8a0-f1dc-42da-9e52-bace2cdc28ae,7,526.3199999999999,31.0,malaga,corporativo,75.18857142857142
fdee31a4-f897-4f1d-8519-6d29292ef94e,7,452.75,45.0,sevilla,nuevo,64.67857142857143
fdff7f25-5a69-49d9-9477-26e8c4fb680b,4,456.45,48.0,valencia,vip,114.1125
fe081961-c3fa-46e8-a61b-097bdc2547c1,10,1014.12,35.0,malaga,nuevo,101.412
fe0edb3f-c0dd-471a-93eb-773aceee22af,9,1094.0709000000002,44.0,malaga,recurrente,121.56343333333335
fe193b16-c843-4d70-a381-01dcba6c5f6f,8,1387.9,22.0,sevilla,vip,173.4875
fe1c737b-60b7-475d-9886-5f8982049305,8,1267.4099999999999,70.0,vigo,vip,158.42624999999998
fe1e8160-64b9-45bf-8d27-de9a91fceef7,9,830.84,18.0,sevilla,nuevo,92.31555555555556
fe283b66-1a6d-4869-9532-15959816cf6a,9,1272.68,40.0,vigo,nuevo,141.4088888888889
fe2a0854-f941-4a09-82d1-79749ff9364a,6,883.0400000000001,19.0,madrid,nuevo,147.17333333333335
fe352f31-32c8-4b4e-b864-2767557f48b0,8,1322.7909000000002,34.0,barcelona,nuevo,165.34886250000002
fe46c6e5-fa7c-4f8b-a582-073c2bad74f7,8,592.1,33.0,bilbao,nuevo,74.0125
fe5b1c68-8822-44f8-8c12-18c23a79bc41,5,839.0409000000002,33.0,murcia,recurrente,167.80818000000005
fe5d3745-7b91-4709-9e73-92bc471f7fea,2,406.38,45.0,vigo,nuevo,203.19
fe66bc6f-4924-4465-b50c-94368b427e80,5,276.68,32.0,zaragoza,nuevo,55.336
fe6a4b59-c4e9-4d1e-bb23-17b39063b3de,3,176.14,44.0,barcelona,recurrente,58.71333333333333
fe73108f-c4b0-4cba-9c6d-d5b8e803c066,8,1055.93,24.0,murcia,recurrente,131.99125
fe794801-e1cc-4c08-8098-dbdf21cf66a0,10,1184.75,48.0,vigo,recurrente,118.475
fe7a7b30-6536-4435-987b-93020259bf48,6,822.48,23.0,barcelona,nuevo,137.08
fe7b4ff4-067e-4510-8053-6fb62efc4f7b,6,539.77,27.0,valencia,vip,89.96166666666666
fe7eac51-0063-4b85-bb86-8ff0a0be3034,7,1385.85,51.0,vigo,nuevo,197.97857142857143
fe8844ce-8c81-44b6-bdaa-f0656bad4354,3,346.39,23.0,granada,recurrente,115.46333333333332
fe884bb2-a22c-47dc-a6cc-7c439d0b47b7,6,948.3100000000001,18.0,granada,corporativo,158.05166666666668
fe88e867-4f60-4657-8202-f725dce96dad,4,551.02,51.0,valencia,corporativo,137.755
fe90f436-de38-4acd-b020-fb8a98d9d227,7,706.77,40.0,madrid,vip,100.96714285714286
fe9d8147-b487-41b3-8cac-b2b07a1820ab,7,542.54,45.0,sevilla,nuevo,77.50571428571428
febbc02b-f386-4e6c-9c71-d01339eabfda,6,374.19,47.0,granada,recurrente,62.365
fec7f6ae-9362-4c15-80cc-2cff04230bc0,3,236.73000000000002,41.0,sevilla,nuevo,78.91000000000001
fecc9b0a-fbea-42ed-94eb-2ae89eabe917,8,764.16,29.0,madrid,vip,95.52
fedb8fcf-f1ea-4ea4-a669-fd5f10354816,7,835.78,31.0,madrid,nuevo,119.39714285714285
fedc2535-6073-4c21-be1e-b15ca7549706,4,406.54,40.0,malaga,recurrente,101.635
fee37183-8960-4b81-8225-3c46604bf1a3,7,431.33,40.0,barcelona,recurrente,61.61857142857143
feed2f11-2ef0-4473-b141-aba42b5bd5c7,13,927.58,46.0,sevilla,nuevo,71.35230769230769
feed51f8-9de1-407b-b9cd-ccec9e4aaeeb,8,855.0899999999999,43.0,valencia,vip,106.88624999999999
feefc467-79b4-4839-a60a-7e8e06f62cb1,4,717.1609000000002,38.0,murcia,nuevo,179.29022500000005
fef4a71d-76c2-4311-940c-14ee2643aa93,2,163.19,41.0,vigo,nuevo,81.595
fef75dc5-fd3d-4cff-868d-b513a57e71f9,7,876.52,23.0,madrid,vip,125.21714285714286
fef8372b-1006-4d49-b89f-f80470bacb9c,7,720.34,49.0,barcelona,recurrente,102.9057142857143
fefef982-1a5a-43f9-bf58-b635de50970a,4,541.99,37.0,malaga,vip,135.4975
feff5fdf-c928-4f4d-b843-c1c96cd9ee9e,7,542.69,40.0,granada,recurrente,77.52714285714286
feffc62b-34a4-42a5-8f54-7075fb3e3bb1,10,1439.74,35.0,zaragoza,corporativo,143.974
ff0d030b-0207-476d-8fd7-cb4b3c3f2ad9,2,232.91,31.0,bilbao,recurrente,116.455
ff17f567-9a32-4132-ba6e-665d04c15f10,6,628.89,49.0,bilbao,nuevo,104.815
ff203fda-5d51-4e5b-989c-d71f4ba846fa,11,827.3,37.0,bilbao,recurrente,75.2090909090909
ff23876e-e678-4c0e-a1f3-e3bc9743fa49,11,833.37,57.0,granada,corporativo,75.7609090909091
ff25df4a-b1ed-4907-86f6-accfbcace382,5,524.67,47.0,malaga,recurrente,104.934
ff32eb6b-87eb-40a7-8472-df314c5f3bab,9,958.3199999999999,33.0,bilbao,vip,106.47999999999999
ff398136-16e0-4544-88fb-39dab4f43132,9,703.01,40.0,malaga,recurrente,78.11222222222221
ff3a17a5-7096-4c72-bb3c-1da245e788d6,2,61.68000000000001,53.0,malaga,nuevo,30.840000000000003
ff4580f8-6189-42a3-8ecd-284f267142bd,4,272.01,29.0,madrid,recurrente,68.0025
ff5cc0cb-6ae4-4178-b7c7-79d90769082d,8,921.61,59.0,valencia,recurrente,115.20125
ff689943-1aef-47e6-9abf-b2d57edeb987,9,1027.52,35.0,murcia,recurrente,114.16888888888889
ff6d2b4c-8dce-4953-bcd8-b23b2e3a296d,7,596.29,27.0,malaga,nuevo,85.1842857142857
ff71bf7f-29bb-47a4-8a57-836b277d59cf,6,931.95,52.0,sevilla,corporativo,155.32500000000002
ff8652d9-a1ee-4dcc-925b-afedd33073d4,6,841.64,26.0,malaga,vip,140.27333333333334
ff8a8474-bb22-4f11-afe7-958c85eb0318,8,734.0799999999999,38.0,vigo,recurrente,91.75999999999999
ffa28253-b4ac-480b-ba24-a94b57081415,2,174.37,22.0,valencia,nuevo,87.185
ffa7ca43-7451-451a-b44f-b1680431641f,8,898.94,44.0,valencia,nuevo,112.3675
ffa7fdde-fa79-468a-8867-575463592fb0,7,1062.52,44.0,malaga,nuevo,151.78857142857143
ffaead74-1924-4e3f-968d-228f71f930e5,9,1084.72,58.0,valencia,recurrente,120.52444444444444
ffb25a42-6441-46cf-98d3-d2b127889789,6,525.36,40.0,zaragoza,vip,87.56
ffb2f90d-834e-43e9-bad3-df83b1617e26,12,1387.53,62.0,sevilla,recurrente,115.6275
ffc4992e-9ed9-4308-bacf-aee9f78f7a9e,3,276.68,47.0,sevilla,corporativo,92.22666666666667
ffc816fe-3790-443e-b26b-f26f327e3542,6,597.98,43.0,barcelona,recurrente,99.66333333333334
ffc93fde-12a0-4c66-ae2e-b19c4271b740,3,362.53000000000003,31.0,valencia,recurrente,120.84333333333335
ffc995fc-a6c2-48ea-bb09-18868c388e14,5,531.1,43.0,bilbao,nuevo,106.22
ffd088d4-e676-4fa1-98ea-cb5267e29748,6,511.22999999999996,63.0,madrid,recurrente,85.205
ffd98368-c1b9-43f5-9ad2-a3fd6d65af70,8,1080.0509000000002,24.0,granada,nuevo,135.00636250000002
ffe3fcfa-07c0-42c4-b97c-52ab6efac87a,1,110.87,22.0,vigo,nuevo,110.87
ffe5e4a4-9512-4bbd-98f9-75a00a28f4ce,5,648.41,31.0,zaragoza,nuevo,129.682
ffea67ee-8438-441c-b8a0-5c0ff886b034,3,175.72,47.0,sevilla,nuevo,58.57333333333333
fff01d47-aae0-4ce5-847d-aea0a915c59d,9,546.42,35.0,malaga,recurrente,60.71333333333333
fffa2f00-e5f1-4036-8d53-127cb1be3bbc,4,265.29999999999995,27.0,valencia,recurrente,66.32499999999999
